record_id,patient_id,site_id,visit_number,treatment_arm,age,sex,visit_date,data_entry_date,data_entry_delay,ALT,AST,hemoglobin,creatinine,query_count,protocol_deviation,ground_truth_anomaly,ground_truth_category,ground_truth_types,isolation_forest_anomaly_score,isolation_forest_decision_function,isolation_forest_anomaly
R00001,P0496,S04,2,Drug_B,40.5,M,2025-07-02,2025-07-03,1,20.0,16.0,13.3,1.04,3,0,0,normal,none,-0.09528197922287579,0.09528197922287579,0
R00002,P0035,S06,4,Drug_A,55.0,F,2025-04-02,2025-04-08,6,21.5,22.6,11.6,0.54,1,0,0,normal,none,-0.08624765508954274,0.08624765508954274,0
R00003,P0022,S05,3,Drug_A,47.9,F,2025-03-05,2025-03-09,4,26.2,19.0,14.7,0.68,0,0,0,normal,none,-0.09656950678516707,0.09656950678516707,0
R00004,P0729,S07,4,Drug_B,50.4,F,2025-07-06,2025-07-08,2,19.3,17.6,12.7,0.84,2,0,0,normal,none,-0.12590058394377585,0.12590058394377585,0
R00005,P0239,S06,3,Placebo,35.9,M,2025-08-04,2025-08-07,3,22.0,18.8,13.4,0.92,0,0,0,normal,none,-0.1022613873698135,0.1022613873698135,0
R00006,P0109,S06,2,Placebo,43.1,M,2025-05-23,2025-05-25,2,35.9,29.0,12.5,0.98,3,0,0,normal,none,-0.10663440937260521,0.10663440937260521,0
R00007,P0637,S04,5,Placebo,58.7,F,2025-07-08,2025-07-10,2,31.3,25.6,11.7,1.01,3,0,0,normal,none,-0.08576787056453983,0.08576787056453983,0
R00008,P0129,S10,3,Drug_B,53.3,M,2025-02-26,2025-03-03,5,14.1,8.0,14.5,1.28,5,0,0,normal,none,0.0017986589905912842,-0.0017986589905912842,1
R00009,P0670,S05,1,Drug_A,47.8,M,2025-01-19,2025-01-24,5,17.9,17.6,12.9,1.09,0,0,0,normal,none,-0.07091483449831165,0.07091483449831165,0
R00010,P0297,S06,4,Placebo,43.6,M,2025-06-07,2025-06-09,2,18.6,17.0,12.7,1.09,3,0,0,normal,none,-0.09389445918545214,0.09389445918545214,0
R00011,P0424,S05,3,Drug_A,70.8,F,2025-04-10,2025-04-12,2,37.4,32.5,12.5,0.88,0,0,0,normal,none,-0.09024249026361353,0.09024249026361353,0
R00012,P0750,S03,5,Placebo,60.3,M,2025-06-08,2025-06-17,9,43.4,23.3,12.1,0.88,5,0,0,normal,none,-0.011418076361918938,0.011418076361918938,0
R00013,P0419,S08,5,Drug_A,39.1,F,2025-05-17,2025-05-18,1,22.3,13.3,13.0,0.7,2,0,0,normal,none,-0.08213855058439423,0.08213855058439423,0
R00014,P0173,S04,2,Drug_A,57.6,M,2025-02-13,2025-02-13,0,14.1,11.6,13.6,0.84,3,0,0,normal,none,-0.09274562491701871,0.09274562491701871,0
R00015,P0532,S08,2,Placebo,44.6,F,2025-04-03,2025-04-07,4,18.4,14.8,11.1,0.73,2,0,0,normal,none,-0.09790428580534555,0.09790428580534555,0
R00016,P0670,S05,3,Placebo,35.9,F,2025-03-26,2025-03-26,0,18.7,19.1,12.9,0.81,3,0,0,normal,none,-0.1007242294470358,0.1007242294470358,0
R00017,P0288,S09,4,Placebo,58.3,F,2025-04-10,2025-04-13,3,15.5,10.8,14.3,0.45,0,0,0,normal,none,-0.05206494491563263,0.05206494491563263,0
R00018,P0413,S07,3,Drug_A,69.2,F,2025-05-13,2025-05-15,2,15.5,16.1,12.0,0.9,1,0,0,normal,none,-0.09787778217046672,0.09787778217046672,0
R00019,P0493,S07,5,Drug_B,85.0,F,2025-06-13,2025-06-18,5,35.0,25.1,12.9,0.99,2,0,0,normal,none,-0.049679623569423514,0.049679623569423514,0
R00020,P0310,S07,2,Drug_A,46.0,F,2025-07-05,2025-07-07,2,38.8,42.3,13.7,0.6,0,0,0,normal,none,-0.0629985261097501,0.0629985261097501,0
R00021,P0257,S07,1,Placebo,62.3,F,2025-04-17,2025-04-22,5,13.5,8.0,12.6,0.87,0,0,0,normal,none,-0.044696365033344565,0.044696365033344565,0
R00022,P0730,S06,5,Drug_B,36.4,M,2025-09-11,2025-09-14,3,14.5,10.1,13.4,0.8,2,0,0,normal,none,-0.07577094615685886,0.07577094615685886,0
R00023,P0102,S04,2,Placebo,49.0,F,2025-04-09,2025-04-12,3,19.4,14.8,12.6,0.64,3,1,0,normal,none,0.01897447383789619,-0.01897447383789619,1
R00024,P0083,S03,1,Drug_B,49.3,M,2025-02-19,2025-02-21,2,38.9,37.0,12.4,1.35,4,0,0,normal,none,-0.02293523987492946,0.02293523987492946,0
R00025,P0644,S04,4,Drug_B,42.2,F,2025-07-09,2025-07-12,3,10.3,8.0,13.7,0.75,0,0,0,normal,none,-0.06636338957136662,0.06636338957136662,0
R00026,P0188,S10,2,Drug_B,70.1,M,2025-05-09,2025-05-15,6,38.4,42.6,14.6,1.18,1,0,0,normal,none,-0.038593520693138095,0.038593520693138095,0
R00027,P0416,S06,2,Placebo,23.1,M,2025-06-26,2025-07-01,5,18.6,15.5,15.2,1.14,2,0,0,normal,none,-0.0349257713072299,0.0349257713072299,0
R00028,P0553,S03,4,Placebo,55.1,M,2025-05-24,2025-05-25,1,23.0,13.4,14.8,1.34,1,0,0,normal,none,-0.04503894172676465,0.04503894172676465,0
R00029,P0716,S07,5,Drug_A,33.8,M,2025-05-24,2025-05-27,3,25.2,19.8,12.8,1.16,2,0,0,normal,none,-0.06901423693672876,0.06901423693672876,0
R00030,P0127,S07,2,Placebo,47.4,M,2025-04-22,2025-04-22,0,15.1,8.0,13.8,0.8,0,0,0,normal,none,-0.045345987515575226,0.045345987515575226,0
R00031,P0668,S03,4,Drug_A,50.4,F,2025-08-23,2025-08-27,4,10.9,8.0,11.0,0.52,1,0,0,normal,none,-0.041256393127311164,0.041256393127311164,0
R00032,P0135,S05,5,Drug_B,61.8,F,2025-10-14,2025-10-17,3,37.1,24.8,11.2,0.82,1,0,0,normal,none,-0.07819194971340249,0.07819194971340249,0
R00033,P0494,S10,1,Placebo,48.3,F,2025-04-25,2025-04-28,3,16.0,9.4,12.3,0.71,3,0,0,normal,none,-0.07035063720973406,0.07035063720973406,0
R00034,P0632,S01,4,Placebo,36.2,F,2025-04-16,2025-04-27,11,19.8,14.4,11.9,1.01,0,0,0,normal,none,-0.04730786258112746,0.04730786258112746,0
R00035,P0302,S03,1,Drug_A,45.0,M,2025-05-08,2025-05-10,2,18.6,17.6,15.1,0.79,3,0,0,normal,none,-0.07560374850004814,0.07560374850004814,0
R00036,P0649,S01,4,Drug_A,47.7,M,2025-09-08,2025-09-11,3,22.4,26.5,10.8,0.97,1,0,0,normal,none,-0.08613731231665989,0.08613731231665989,0
R00037,P0569,S07,2,Drug_B,44.5,M,2025-05-17,2025-05-19,2,28.9,27.3,14.4,0.88,2,0,0,normal,none,-0.11759950883903358,0.11759950883903358,0
R00038,P0032,S09,4,Drug_B,55.0,M,2025-04-12,2025-04-12,0,19.8,11.7,12.5,0.65,1,0,0,normal,none,-0.09383512245052955,0.09383512245052955,0
R00039,P0219,S01,2,Drug_A,73.4,M,2025-05-08,2025-05-09,1,16.9,12.0,14.5,1.16,1,0,0,normal,none,-0.0603610021425508,0.0603610021425508,0
R00040,P0384,S06,4,Placebo,52.1,M,2025-07-13,2025-07-23,10,15.6,10.7,13.8,1.26,2,0,0,normal,none,-0.03571733671543775,0.03571733671543775,0
R00041,P0022,S05,4,Drug_B,50.3,M,2025-05-02,2025-05-03,1,27.0,19.5,13.8,0.76,0,0,0,normal,none,-0.11002523006183706,0.11002523006183706,0
R00042,P0338,S10,1,Drug_A,50.9,F,2025-02-23,2025-03-04,9,23.9,20.6,12.5,0.67,1,0,0,normal,none,-0.09476580782960897,0.09476580782960897,0
R00043,P0742,S09,4,Placebo,52.0,F,2025-05-07,2025-05-07,0,49.5,45.3,11.2,0.58,2,0,0,normal,none,-0.03941052937623318,0.03941052937623318,0
R00044,P0425,S09,1,Drug_A,44.3,F,2025-05-10,2025-05-11,1,36.4,31.1,12.2,0.64,0,0,0,normal,none,-0.07651247778953124,0.07651247778953124,0
R00045,P0594,S08,2,Drug_A,59.3,F,2025-01-27,2025-01-29,2,21.2,15.1,11.3,1.25,2,0,0,normal,none,-0.06627619967609683,0.06627619967609683,0
R00046,P0207,S08,5,Drug_B,44.5,M,2025-08-13,2025-08-14,1,13.0,12.9,14.1,1.31,3,0,0,normal,none,-0.024361096859574882,0.024361096859574882,0
R00047,P0615,S01,4,Drug_B,69.5,F,2025-07-23,2025-07-27,4,22.1,12.5,16.2,0.74,3,0,0,normal,none,-0.04022105026561479,0.04022105026561479,0
R00048,P0674,S08,2,Drug_A,22.7,F,2025-06-04,2025-06-09,5,21.2,13.1,12.9,0.69,3,0,0,normal,none,-0.051785197862405985,0.051785197862405985,0
R00049,P0447,S05,3,Drug_B,28.6,F,2025-05-31,2025-06-05,5,34.1,32.3,12.8,0.54,3,0,0,normal,none,-0.06411003376716123,0.06411003376716123,0
R00050,P0664,S08,3,Drug_A,51.4,M,2025-08-12,2025-08-17,5,24.1,18.4,12.8,0.85,3,0,0,normal,none,-0.12391006987616687,0.12391006987616687,0
R00051,P0104,S01,1,Drug_A,48.1,F,2025-05-09,2025-05-14,5,48.7,47.9,13.8,0.8,0,0,0,normal,none,-0.050707194435455516,0.050707194435455516,0
R00052,P0344,S01,1,Drug_A,48.2,M,2025-05-29,2025-06-01,3,28.6,17.5,12.4,0.93,2,0,0,normal,none,-0.10580515718196415,0.10580515718196415,0
R00053,P0404,S02,1,Drug_B,43.6,M,2025-03-30,2025-04-02,3,19.4,16.1,12.4,1.14,1,0,0,normal,none,-0.07994336846938349,0.07994336846938349,0
R00054,P0085,S02,4,Drug_B,80.2,M,2025-04-17,2025-04-23,6,16.8,12.7,12.6,0.73,6,0,0,normal,none,-0.019782925841177912,0.019782925841177912,0
R00055,P0368,S10,5,Placebo,74.2,F,2025-09-11,2025-09-18,7,12.0,8.0,13.2,0.7,1,0,0,normal,none,-0.02804365394094832,0.02804365394094832,0
R00056,P0135,S05,4,Placebo,57.8,F,2025-09-19,2025-09-21,2,19.9,13.3,12.0,1.14,0,0,0,normal,none,-0.07877603539704553,0.07877603539704553,0
R00057,P0346,S04,4,Drug_A,52.0,F,2025-05-11,2025-05-12,1,29.7,22.0,14.3,0.86,3,0,0,normal,none,-0.11825293726468411,0.11825293726468411,0
R00058,P0055,S07,1,Drug_A,34.7,M,2025-06-14,2025-06-18,4,30.9,28.3,15.0,0.87,2,0,0,normal,none,-0.08359545039134525,0.08359545039134525,0
R00059,P0595,S09,3,Placebo,47.9,F,2025-05-24,2025-05-27,3,44.8,30.5,13.0,0.78,1,0,0,normal,none,-0.1090217838294047,0.1090217838294047,0
R00060,P0311,S02,4,Drug_B,49.7,M,2025-05-30,2025-06-04,5,28.2,16.5,14.2,0.69,8,0,1,ml_multivariate,query_delay_site_pattern,-0.028693123181230906,0.028693123181230906,0
R00061,P0316,S04,5,Drug_B,49.2,M,2025-05-02,2025-05-06,4,39.7,24.0,13.7,1.15,2,0,0,normal,none,-0.07401149920860417,0.07401149920860417,0
R00062,P0157,S10,2,Drug_B,48.9,M,2025-04-04,2025-04-11,7,35.4,32.7,14.1,0.73,1,0,0,normal,none,-0.102019640676974,0.102019640676974,0
R00063,P0443,S06,4,Drug_B,33.0,M,2025-04-02,2025-04-03,1,28.5,31.2,16.2,0.94,1,0,0,normal,none,-0.05211102883847757,0.05211102883847757,0
R00064,P0235,S10,4,Drug_B,63.8,F,2025-05-21,2025-05-25,4,14.3,10.7,12.9,0.81,1,0,0,normal,none,-0.09649146167642653,0.09649146167642653,0
R00065,P0009,S10,1,Drug_B,69.5,F,2025-06-13,2025-06-17,4,23.0,19.4,11.8,0.93,2,0,0,normal,none,-0.09642364314226742,0.09642364314226742,0
R00066,P0502,S09,4,Placebo,60.5,F,2025-08-26,2025-08-31,5,13.3,13.5,10.8,0.82,1,0,0,normal,none,-0.0752027636106582,0.0752027636106582,0
R00067,P0183,S08,3,Drug_B,85.0,M,2025-03-02,2025-04-11,40,28.9,12.6,12.3,0.86,4,0,1,rule_detectable,excessive_entry_delay,0.06416304191459454,-0.06416304191459454,1
R00068,P0002,S01,1,Drug_B,49.5,F,2025-05-21,2025-05-26,5,25.2,22.5,12.3,0.6,0,0,0,normal,none,-0.08289888808104368,0.08289888808104368,0
R00069,P0725,S03,4,Placebo,42.4,F,2025-07-04,2025-07-07,3,15.8,15.3,14.7,0.88,2,0,0,normal,none,-0.09722777393671983,0.09722777393671983,0
R00070,P0170,S02,5,Drug_A,34.0,M,2025-09-18,2025-09-24,6,15.5,13.9,11.7,0.85,2,0,0,normal,none,-0.06291925361940653,0.06291925361940653,0
R00071,P0563,S01,2,Placebo,42.2,F,2025-03-08,2025-03-13,5,37.5,24.6,14.2,0.91,3,0,0,normal,none,-0.10092038531802494,0.10092038531802494,0
R00072,P0497,S08,3,Drug_B,47.5,M,2025-05-06,2025-05-07,1,13.9,9.2,13.8,1.01,4,0,0,normal,none,-0.06782902752700809,0.06782902752700809,0
R00073,P0564,S01,4,Placebo,39.0,M,2025-07-15,2025-07-16,1,14.1,8.4,13.2,1.06,1,0,0,normal,none,-0.05992096922397594,0.05992096922397594,0
R00074,P0726,S05,2,Drug_B,54.1,F,2025-05-21,2025-05-22,1,21.6,11.5,12.2,0.53,1,0,0,normal,none,-0.06917406038208018,0.06917406038208018,0
R00075,P0146,S05,5,Drug_B,58.2,F,2025-08-01,2025-08-04,3,24.0,19.1,12.1,0.73,1,0,0,normal,none,-0.10003373118174758,0.10003373118174758,0
R00076,P0406,S05,2,Drug_B,29.2,F,2025-07-11,2025-07-21,10,14.8,11.3,12.5,0.73,1,0,0,normal,none,-0.053639887612042025,0.053639887612042025,0
R00077,P0283,S08,4,Drug_A,18.0,F,2025-05-10,2025-05-18,8,19.6,8.0,12.3,0.73,1,0,0,normal,none,0.018734892914113677,-0.018734892914113677,1
R00078,P0673,S01,4,Drug_B,68.3,M,2025-04-28,2025-05-06,8,24.3,16.7,14.7,0.86,2,0,0,normal,none,-0.0865319132521194,0.0865319132521194,0
R00079,P0575,S08,2,Drug_B,71.7,F,2025-03-31,2025-04-06,6,35.5,19.7,13.6,0.86,2,0,0,normal,none,-0.08849173924482628,0.08849173924482628,0
R00080,P0145,S03,4,Drug_A,57.5,M,2025-04-06,2025-04-17,11,29.2,23.6,12.3,0.78,2,0,0,normal,none,-0.10259114948625425,0.10259114948625425,0
R00081,P0216,S03,5,Drug_B,54.9,F,2025-04-29,2025-05-02,3,55.9,43.7,13.4,0.86,2,0,0,normal,none,-0.05258522833175305,0.05258522833175305,0
R00082,P0310,S07,5,Drug_B,60.4,M,2025-09-03,2025-09-03,0,20.3,16.2,12.8,0.95,0,0,0,normal,none,-0.08446643733256592,0.08446643733256592,0
R00083,P0512,S06,5,Drug_B,35.6,F,2025-07-05,2025-07-09,4,36.6,24.4,10.6,0.87,0,0,0,normal,none,-0.05063219868369129,0.05063219868369129,0
R00084,P0271,S01,5,Drug_A,60.3,M,2025-09-05,2025-09-06,1,36.4,36.3,13.5,0.97,2,0,0,normal,none,-0.08556096824734771,0.08556096824734771,0
R00085,P0435,S10,5,Drug_A,51.5,F,2025-05-02,2025-05-05,3,40.9,38.0,12.4,0.93,2,0,0,normal,none,-0.09389782038238809,0.09389782038238809,0
R00086,P0710,S07,3,Drug_A,47.4,F,2025-07-07,2025-07-08,1,23.2,23.9,13.8,0.68,2,0,0,normal,none,-0.11805630341380541,0.11805630341380541,0
R00087,P0028,S10,2,Drug_A,50.8,M,2025-07-15,2025-07-20,5,22.7,26.1,15.9,0.73,1,0,0,normal,none,-0.07660608377727263,0.07660608377727263,0
R00088,P0496,S04,1,Drug_A,55.2,F,2025-05-19,2025-05-23,4,13.2,14.7,11.2,1.04,0,0,0,normal,none,-0.0506138067082782,0.0506138067082782,0
R00089,P0525,S10,1,Placebo,33.5,M,2025-06-05,2025-06-13,8,42.9,32.7,13.4,0.54,0,0,0,normal,none,-0.02034910952737773,0.02034910952737773,0
R00090,P0371,S10,1,Drug_A,21.7,M,2025-04-03,2025-04-06,3,11.6,14.8,13.7,0.88,1,0,0,normal,none,-0.02621352531930443,0.02621352531930443,0
R00091,P0105,S04,2,Placebo,68.8,M,2025-03-06,2025-03-10,4,37.9,27.0,13.5,1.04,1,0,0,normal,none,-0.091702205619628,0.091702205619628,0
R00092,P0446,S06,5,Drug_A,27.1,M,2025-08-05,2025-08-12,7,26.3,18.3,12.8,1.09,3,0,0,normal,none,-0.0463329730005706,0.0463329730005706,0
R00093,P0689,S03,3,Drug_B,62.9,M,2025-05-16,2025-05-17,1,31.7,20.5,16.4,0.57,1,0,0,normal,none,-0.04798566134717469,0.04798566134717469,0
R00094,P0301,S03,4,Drug_B,55.7,F,2025-08-04,2025-08-12,8,9.8,8.0,12.1,0.86,0,0,0,normal,none,-0.05063453527173922,0.05063453527173922,0
R00095,P0328,S04,4,Drug_A,50.4,M,2025-04-11,2025-04-12,1,33.2,17.6,13.3,1.22,0,0,0,normal,none,-0.05154896641026202,0.05154896641026202,0
R00096,P0314,S01,5,Placebo,65.7,M,2025-05-24,2025-05-27,3,49.9,38.4,11.8,0.91,3,0,0,normal,none,-0.0494861468813218,0.0494861468813218,0
R00097,P0015,S01,5,Drug_B,51.8,F,2025-10-14,2025-10-19,5,21.7,17.9,12.7,0.86,1,0,0,normal,none,-0.11094498480044451,0.11094498480044451,0
R00098,P0332,S07,5,Drug_A,55.3,M,2025-07-03,2025-07-03,0,24.5,15.2,13.3,1.13,3,0,0,normal,none,-0.07005613584249504,0.07005613584249504,0
R00099,P0739,S08,4,Drug_B,80.7,M,2025-07-16,2025-07-19,3,31.5,29.4,14.3,0.58,0,0,0,normal,none,-0.047845985315909445,0.047845985315909445,0
R00100,P0577,S02,1,Drug_B,54.3,M,2025-04-16,2025-04-24,8,27.7,17.5,11.9,1.18,1,0,0,normal,none,-0.055753746339024746,0.055753746339024746,0
R00101,P0133,S04,3,Drug_A,40.4,F,2025-05-15,2025-05-16,1,33.0,35.9,12.8,0.97,3,0,0,normal,none,-0.0927047409042655,0.0927047409042655,0
R00102,P0081,S06,2,Drug_A,53.9,M,2025-03-25,2025-03-28,3,25.9,23.7,14.3,0.93,2,0,0,normal,none,-0.12421539806779136,0.12421539806779136,0
R00103,P0465,S08,3,Drug_A,46.6,M,2025-07-05,2025-07-09,4,22.9,15.2,12.6,1.35,1,0,0,normal,none,-0.06842634257928021,0.06842634257928021,0
R00104,P0296,S10,5,Drug_B,44.3,F,2025-09-23,2025-09-26,3,34.9,32.4,12.5,0.75,3,0,0,normal,none,-0.08953227790811796,0.08953227790811796,0
R00105,P0348,S06,5,Drug_A,56.0,F,2025-07-02,2025-07-09,7,37.7,21.7,14.3,0.47,1,0,0,normal,none,-0.044655110583298574,0.044655110583298574,0
R00106,P0086,S10,4,Drug_A,71.9,F,2025-08-03,2025-08-04,1,17.4,10.1,12.0,0.9,0,0,0,normal,none,-0.06354231871476407,0.06354231871476407,0
R00107,P0068,S08,3,Drug_B,54.7,F,2025-05-18,2025-05-16,-2,68.7,39.9,14.0,0.73,1,0,1,rule_detectable,date_inconsistency,-0.008095068451344167,0.008095068451344167,0
R00108,P0029,S04,5,Drug_A,50.1,M,2025-08-30,2025-08-30,0,32.3,17.3,15.3,0.97,1,0,0,normal,none,-0.05470159353966908,0.05470159353966908,0
R00109,P0268,S02,3,Drug_B,34.8,F,2025-06-10,2025-06-15,5,24.4,20.5,11.7,0.91,3,0,0,normal,none,-0.09960173788313864,0.09960173788313864,0
R00110,P0463,S02,2,Placebo,69.3,F,2025-07-23,2025-07-30,7,23.1,13.5,13.4,0.91,2,0,0,normal,none,-0.093967368123342,0.093967368123342,0
R00111,P0069,S08,1,Drug_A,51.7,M,2025-06-09,2025-06-15,6,28.1,16.1,12.9,1.0,2,0,0,normal,none,-0.09483781875052105,0.09483781875052105,0
R00112,P0386,S03,4,Drug_B,52.6,M,2025-09-13,2025-09-17,4,35.9,26.8,13.4,0.92,4,0,0,normal,none,-0.10669120970759877,0.10669120970759877,0
R00113,P0470,S03,4,Drug_B,52.6,F,2025-03-29,2025-04-06,8,27.0,22.4,12.0,0.99,0,0,1,rule_detectable,duplicate_record,-0.0921232314339282,0.0921232314339282,0
R00114,P0461,S08,3,Placebo,48.6,F,2025-07-25,2025-07-29,4,38.5,36.1,13.0,0.96,3,0,0,normal,none,-0.11055897767246786,0.11055897767246786,0
R00115,P0690,S05,4,Drug_B,43.4,F,2025-04-14,2025-04-15,1,15.0,14.7,9.9,0.94,1,0,0,normal,none,-0.06604876380614916,0.06604876380614916,0
R00116,P0572,S02,3,Drug_B,46.3,F,2025-05-27,2025-05-29,2,23.3,22.4,14.0,0.65,1,0,0,normal,none,-0.1190543187355349,0.1190543187355349,0
R00117,P0324,S09,3,Placebo,49.5,M,2025-04-20,2025-04-23,3,16.2,17.4,13.9,0.82,2,1,0,normal,none,0.013523007204842785,-0.013523007204842785,1
R00118,P0481,S08,1,Drug_A,36.2,M,2025-05-06,2025-05-09,3,35.9,35.9,13.9,0.75,3,0,0,normal,none,-0.07563074742130732,0.07563074742130732,0
R00119,P0444,S02,2,Drug_A,37.1,F,2025-06-13,2025-06-18,5,31.6,31.2,12.3,0.72,2,0,0,normal,none,-0.10792082302949302,0.10792082302949302,0
R00120,P0100,S03,2,Drug_A,42.1,M,2025-05-19,2025-05-20,1,33.8,35.5,13.9,0.89,0,0,0,normal,none,-0.08098490902932326,0.08098490902932326,0
R00121,P0063,S05,3,Drug_A,75.3,M,2025-06-15,2025-06-20,5,30.0,29.8,13.6,1.07,0,0,0,normal,none,-0.07766309061686971,0.07766309061686971,0
R00122,P0503,S05,3,Drug_A,67.7,F,2025-07-15,2025-07-22,7,22.7,22.3,11.6,0.65,5,0,0,normal,none,-0.05420970652848295,0.05420970652848295,0
R00123,P0606,S09,5,Drug_B,26.2,M,2025-08-15,2025-08-16,1,40.9,38.7,14.3,0.74,3,0,0,normal,none,-0.03850827254570388,0.03850827254570388,0
R00124,P0265,S06,3,Drug_B,55.4,F,2025-05-10,2025-05-23,13,15.9,13.4,14.0,0.77,5,0,0,normal,none,-0.034088330316273285,0.034088330316273285,0
R00125,P0108,S10,5,Drug_B,85.0,F,2025-07-22,2025-07-26,4,21.4,22.0,11.2,0.49,1,0,0,normal,none,-0.012292056343409907,0.012292056343409907,0
R00126,P0204,S02,4,Drug_A,39.1,M,2025-06-19,2025-06-30,11,34.5,30.8,13.8,1.44,2,0,0,normal,none,-0.02567623831182414,0.02567623831182414,0
R00127,P0626,S01,2,Drug_B,51.4,F,2025-03-23,2025-03-25,2,28.3,27.8,13.9,1.01,2,0,0,normal,none,-0.11740815684958528,0.11740815684958528,0
R00128,P0129,S10,4,Drug_A,48.4,F,2025-08-21,2025-08-26,5,53.1,51.6,12.3,1.01,1,0,0,normal,none,-0.04750849147036129,0.04750849147036129,0
R00129,P0016,S08,4,Drug_A,56.3,M,2025-09-02,2025-09-01,-1,13.8,19.9,13.9,0.63,9,0,1,both_detectable,date_plus_queries,0.025325121678320905,-0.025325121678320905,1
R00130,P0312,S04,4,Drug_A,40.7,M,2025-07-28,2025-08-02,5,23.4,23.2,12.8,1.22,3,0,0,normal,none,-0.07484005536404847,0.07484005536404847,0
R00131,P0691,S09,3,Placebo,39.4,F,2025-06-01,2025-06-01,0,23.6,18.7,12.3,0.5,6,0,0,normal,none,-0.02885921154204152,0.02885921154204152,0
R00132,P0162,S07,4,Placebo,32.8,F,2025-07-21,2025-07-22,1,28.1,27.5,12.4,1.3,1,0,0,normal,none,-0.04751631317721927,0.04751631317721927,0
R00133,P0215,S05,2,Drug_B,60.0,F,2025-02-13,2025-02-16,3,45.1,38.4,11.8,0.65,1,0,0,normal,none,-0.08744999122406033,0.08744999122406033,0
R00134,P0330,S01,2,Drug_A,66.7,F,2025-05-04,2025-05-07,3,25.7,25.0,10.5,0.81,4,0,0,normal,none,-0.06861554359438421,0.06861554359438421,0
R00135,P0351,S10,3,Drug_A,44.1,M,2025-06-07,2025-06-10,3,12.6,8.6,14.8,1.05,1,0,0,normal,none,-0.06291394415510043,0.06291394415510043,0
R00136,P0416,S06,2,Drug_B,39.8,F,2025-07-11,2025-07-15,4,23.1,15.1,12.4,0.82,1,0,0,normal,none,-0.11067765680687697,0.11067765680687697,0
R00137,P0479,S02,5,Drug_B,70.4,M,2025-06-27,2025-07-01,4,35.0,25.6,13.7,0.5,1,0,0,normal,none,-0.05859800912614738,0.05859800912614738,0
R00138,P0689,S03,4,Drug_A,66.7,F,2025-09-06,2025-09-17,11,15.7,13.9,12.8,0.79,1,0,0,normal,none,-0.07396314554031985,0.07396314554031985,0
R00139,P0430,S05,3,Drug_B,65.9,F,2025-08-18,2025-08-26,8,21.5,15.4,12.3,0.96,4,0,0,normal,none,-0.07224431915170615,0.07224431915170615,0
R00140,P0224,S01,3,Drug_B,75.0,F,2025-07-20,2025-07-26,6,48.1,31.3,11.6,0.88,2,0,0,normal,none,-0.06403184326353345,0.06403184326353345,0
R00141,P0259,S06,5,Drug_A,58.7,M,2025-07-18,2025-07-19,1,17.0,11.4,13.7,1.04,0,0,0,normal,none,-0.06655853766452174,0.06655853766452174,0
R00142,P0721,S05,3,Drug_A,52.1,F,2025-08-15,2025-08-24,9,23.0,24.0,13.5,0.45,1,0,0,normal,none,-0.0711109244208265,0.0711109244208265,0
R00143,P0635,S04,3,Drug_B,69.2,F,2025-03-10,2025-03-11,1,11.2,13.7,13.1,0.45,0,0,0,normal,none,-0.029551720288505,0.029551720288505,0
R00144,P0409,S02,1,Drug_A,69.0,F,2025-04-04,2025-04-08,4,30.1,28.9,11.6,0.65,1,0,0,normal,none,-0.08535813713821228,0.08535813713821228,0
R00145,P0736,S06,3,Drug_B,43.7,M,2025-05-02,2025-05-14,12,26.4,24.0,15.1,0.76,2,0,0,normal,none,-0.08306975809062145,0.08306975809062145,0
R00146,P0068,S08,4,Drug_B,53.4,M,2025-05-11,2025-05-17,6,32.1,21.7,12.5,1.18,5,0,0,normal,none,-0.057501472895920225,0.057501472895920225,0
R00147,P0316,S04,4,Drug_A,31.5,M,2025-06-09,2025-06-12,3,19.9,11.9,15.8,1.02,1,1,0,normal,none,0.06074733297639989,-0.06074733297639989,1
R00148,P0274,S09,3,Drug_A,55.0,M,2025-05-13,2025-05-13,0,28.8,18.0,14.3,1.09,1,0,0,normal,none,-0.09656161814449321,0.09656161814449321,0
R00149,P0137,S02,4,Drug_B,50.7,F,2025-06-21,2025-06-26,5,18.0,18.4,14.2,0.91,3,0,0,normal,none,-0.10808760808269702,0.10808760808269702,0
R00150,P0189,S06,5,Placebo,44.5,F,2025-05-02,2025-05-04,2,47.7,31.6,12.8,0.73,1,0,0,normal,none,-0.07217149229342679,0.07217149229342679,0
R00151,P0007,S07,4,Placebo,50.7,M,2025-05-31,2025-05-31,0,16.5,17.7,13.8,1.28,5,0,0,normal,none,-0.024321166359664914,0.024321166359664914,0
R00152,P0563,S01,1,Drug_B,73.5,F,2025-05-28,2025-05-30,2,39.5,27.5,12.8,0.64,1,0,0,normal,none,-0.07422763756793954,0.07422763756793954,0
R00153,P0238,S05,5,Drug_A,43.8,M,2025-05-21,2025-05-29,8,36.9,37.3,13.2,0.99,2,0,0,normal,none,-0.07321796046257556,0.07321796046257556,0
R00154,P0555,S01,3,Drug_A,20.9,M,2025-07-18,2025-07-29,11,16.2,8.0,13.3,0.73,1,0,0,normal,none,-0.006772520477112354,0.006772520477112354,0
R00155,P0518,S04,4,Drug_B,52.0,F,2025-04-28,2025-05-05,7,46.5,25.9,13.6,1.04,1,0,1,rule_detectable,duplicate_record,-0.06670630731954086,0.06670630731954086,0
R00156,P0524,S05,4,Drug_B,41.7,F,2025-05-14,2025-05-16,2,27.2,16.7,13.5,0.56,1,0,0,normal,none,-0.09421911662262261,0.09421911662262261,0
R00157,P0163,S01,5,Placebo,27.4,F,2025-05-15,2025-05-17,2,18.2,14.2,11.5,0.63,0,0,0,normal,none,-0.040473038036791864,0.040473038036791864,0
R00158,P0652,S05,5,Drug_A,54.6,M,2025-07-13,2025-07-16,3,38.5,28.6,13.6,0.61,1,0,0,normal,none,-0.08839117494966853,0.08839117494966853,0
R00159,P0427,S08,5,Drug_B,66.4,M,2025-08-06,2025-08-08,2,19.9,9.7,15.5,1.36,0,0,0,normal,none,0.02586620037430043,-0.02586620037430043,1
R00160,P0514,S08,2,Drug_B,46.5,M,2025-02-06,2025-02-04,-2,41.9,29.8,11.4,0.95,1,0,1,rule_detectable,date_inconsistency,-0.0802900543283343,0.0802900543283343,0
R00161,P0111,S02,2,Drug_B,42.0,M,2025-03-27,2025-03-29,2,47.3,35.3,14.3,0.97,2,0,0,normal,none,-0.08312775347934265,0.08312775347934265,0
R00162,P0078,S07,2,Placebo,54.2,F,2025-04-21,2025-04-23,2,30.0,33.1,14.3,0.84,0,0,0,normal,none,-0.09293732528551862,0.09293732528551862,0
R00163,P0146,S05,4,Drug_B,60.3,F,2025-06-27,2025-06-30,3,30.1,20.8,12.4,0.77,1,0,0,normal,none,-0.1205111271728489,0.1205111271728489,0
R00164,P0724,S08,5,Drug_A,36.6,F,2025-09-25,2025-09-29,4,52.0,42.9,12.7,0.89,0,0,0,normal,none,-0.038474947062682174,0.038474947062682174,0
R00165,P0139,S05,5,Drug_A,54.4,F,2025-10-07,2025-10-11,4,24.6,27.0,12.9,0.72,3,0,0,normal,none,-0.09071795274880484,0.09071795274880484,0
R00166,P0433,S03,5,Placebo,42.6,F,2025-06-16,2025-06-17,1,22.2,14.3,13.4,1.02,2,0,0,normal,none,-0.09414202352383144,0.09414202352383144,0
R00167,P0359,S02,3,Drug_A,47.7,M,2025-03-04,2025-03-16,12,14.9,18.3,14.8,1.13,1,0,0,normal,none,-0.03468307743534371,0.03468307743534371,0
R00168,P0713,S07,2,Drug_A,68.2,F,2025-06-07,2025-06-12,5,25.8,27.0,11.0,1.01,2,0,0,normal,none,-0.08252046004424929,0.08252046004424929,0
R00169,P0391,S08,5,Placebo,26.0,M,2025-09-28,2025-10-05,7,22.2,23.8,14.4,0.83,0,0,0,normal,none,-0.04268825953891381,0.04268825953891381,0
R00170,P0249,S06,1,Drug_A,46.1,M,2025-04-29,2025-05-04,5,20.3,14.4,13.9,1.09,2,0,0,normal,none,-0.08986663844377457,0.08986663844377457,0
R00171,P0661,S07,5,Placebo,42.0,M,2025-09-09,2025-09-14,5,40.6,43.2,13.2,0.94,1,0,0,normal,none,-0.07057114773508921,0.07057114773508921,0
R00172,P0214,S02,3,Drug_A,80.8,M,2025-05-25,2025-05-28,3,28.4,18.9,15.6,0.63,2,0,0,normal,none,-0.054624482902559945,0.054624482902559945,0
R00173,P0406,S05,1,Drug_A,47.2,M,2025-01-22,2025-01-22,0,33.4,34.8,12.6,1.31,2,0,0,normal,none,-0.04498507992552098,0.04498507992552098,0
R00174,P0371,S10,3,Drug_B,60.7,F,2025-07-28,2025-08-03,6,16.9,13.9,13.6,0.69,3,0,0,normal,none,-0.1001328238816177,0.1001328238816177,0
R00175,P0446,S06,3,Drug_A,52.3,F,2025-04-25,2025-05-02,7,25.8,11.3,11.1,0.72,1,0,0,normal,none,-0.048075547831769316,0.048075547831769316,0
R00176,P0209,S07,3,Drug_A,37.5,F,2025-08-15,2025-08-15,0,18.6,12.4,11.1,0.7,0,0,0,normal,none,-0.06264966781760722,0.06264966781760722,0
R00177,P0715,S05,1,Placebo,67.1,F,2025-01-06,2025-01-19,13,26.1,14.1,11.6,0.84,1,0,0,normal,none,-0.03513005935014213,0.03513005935014213,0
R00178,P0410,S01,3,Drug_A,44.7,F,2025-07-17,2025-07-22,5,21.7,11.3,12.6,0.87,2,0,0,normal,none,-0.09867268956218472,0.09867268956218472,0
R00179,P0729,S07,4,Placebo,68.8,M,2025-06-28,2025-07-02,4,32.1,32.6,13.7,0.86,5,0,0,normal,none,-0.06287808732681854,0.06287808732681854,0
R00180,P0267,S08,1,Drug_A,49.9,M,2025-01-27,2025-02-02,6,32.8,23.1,14.0,0.85,3,0,0,normal,none,-0.10048055851156107,0.10048055851156107,0
R00181,P0182,S09,1,Placebo,47.0,F,2025-04-07,2025-04-12,5,36.9,17.2,10.7,0.45,2,0,0,normal,none,-0.010360252189358932,0.010360252189358932,0
R00182,P0440,S07,1,Placebo,85.0,M,2025-05-30,2025-05-30,0,17.4,14.9,12.6,0.7,1,0,0,normal,none,-0.04980117663467315,0.04980117663467315,0
R00183,P0741,S02,4,Drug_A,46.2,F,2025-07-07,2025-07-09,2,33.2,34.2,15.2,1.02,3,0,0,normal,none,-0.08442448457540191,0.08442448457540191,0
R00184,P0499,S09,2,Drug_A,59.5,F,2025-05-20,2025-05-26,6,29.8,20.1,10.9,0.8,2,0,0,normal,none,-0.0997911663195361,0.0997911663195361,0
R00185,P0188,S10,5,Drug_B,18.9,F,2025-09-18,2025-09-21,3,14.3,12.3,10.9,0.73,5,0,0,normal,none,0.02023324034395413,-0.02023324034395413,1
R00186,P0580,S03,2,Drug_B,54.3,F,2025-04-26,2025-04-28,2,20.6,12.9,12.5,0.78,2,0,0,normal,none,-0.11602281122771102,0.11602281122771102,0
R00187,P0094,S10,5,Drug_B,42.7,F,2025-08-24,2025-08-25,1,22.6,25.3,12.2,0.86,4,0,0,normal,none,-0.07417313640931111,0.07417313640931111,0
R00188,P0725,S03,2,Drug_B,65.0,M,2025-03-12,2025-03-14,2,23.8,26.8,13.0,1.27,1,0,0,normal,none,-0.06681890550282876,0.06681890550282876,0
R00189,P0040,S02,2,Placebo,57.0,F,2025-02-01,2025-02-13,12,25.7,16.8,11.9,0.78,1,0,0,normal,none,-0.08081892752466241,0.08081892752466241,0
R00190,P0727,S07,4,Placebo,54.1,M,2025-05-16,2025-05-19,3,31.6,26.2,11.4,0.89,2,1,0,normal,none,0.006872701397004688,-0.006872701397004688,1
R00191,P0489,S01,3,Drug_B,71.6,F,2025-03-09,2025-03-11,2,39.1,42.6,14.6,0.93,4,0,0,normal,none,-0.05222266231795197,0.05222266231795197,0
R00192,P0053,S09,4,Drug_B,78.2,F,2025-07-20,2025-07-20,0,38.9,23.6,12.4,0.91,1,0,0,normal,none,-0.06406259576249951,0.06406259576249951,0
R00193,P0632,S01,3,Drug_B,45.1,F,2025-05-03,2025-05-04,1,45.3,38.7,13.4,0.95,0,0,0,normal,none,-0.08047750927162362,0.08047750927162362,0
R00194,P0696,S10,1,Drug_B,47.2,M,2025-01-12,2025-01-15,3,37.2,32.9,13.3,0.83,2,0,0,normal,none,-0.10860087508593524,0.10860087508593524,0
R00195,P0321,S05,2,Drug_B,53.9,M,2025-03-07,2025-03-08,1,37.6,26.5,12.8,0.91,0,1,0,normal,none,0.0254866531592034,-0.0254866531592034,1
R00196,P0348,S06,4,Drug_A,34.6,M,2025-05-15,2025-05-20,5,23.5,15.6,11.7,1.2,1,0,0,normal,none,-0.05703480575925984,0.05703480575925984,0
R00197,P0041,S06,3,Drug_A,75.6,F,2025-03-22,2025-03-21,-1,24.4,32.4,12.9,0.9,3,0,1,rule_detectable,date_inconsistency,-0.0592490508545544,0.0592490508545544,0
R00198,P0606,S09,4,Drug_B,38.2,M,2025-06-10,2025-06-10,0,35.5,27.1,12.9,1.25,0,0,0,normal,none,-0.04553754293894696,0.04553754293894696,0
R00199,P0152,S06,5,Placebo,68.9,M,2025-09-18,2025-09-20,2,32.4,19.8,13.5,0.7,2,0,0,normal,none,-0.07878959145504455,0.07878959145504455,0
R00200,P0522,S03,4,Drug_A,85.0,F,2025-07-20,2025-07-24,4,35.6,20.3,14.2,0.63,1,0,0,normal,none,-0.04357888432637369,0.04357888432637369,0
R00201,P0173,S04,5,Drug_A,29.1,F,2025-06-26,2025-06-28,2,27.3,28.8,13.8,0.69,1,0,0,normal,none,-0.07226752930832187,0.07226752930832187,0
R00202,P0614,S02,4,Drug_A,22.9,F,2025-03-27,2025-03-31,4,29.4,26.0,11.9,1.14,2,0,0,normal,none,-0.056849698936956516,0.056849698936956516,0
R00203,P0023,S07,1,Placebo,52.1,M,2025-01-05,2025-01-06,1,21.1,20.1,12.9,1.15,1,0,0,normal,none,-0.08974242615665734,0.08974242615665734,0
R00204,P0245,S03,4,Drug_A,54.0,M,2025-07-03,2025-07-06,3,28.9,21.9,15.5,0.96,2,0,0,normal,none,-0.10382142169079406,0.10382142169079406,0
R00205,P0537,S10,3,Drug_A,57.2,F,2025-05-12,2025-05-14,2,26.0,22.8,14.5,0.49,2,0,0,normal,none,-0.09568607428221548,0.09568607428221548,0
R00206,P0142,S10,2,Drug_B,42.7,F,2025-07-12,2025-07-17,5,53.1,30.1,12.1,0.8,1,0,0,normal,none,-0.06932944914937988,0.06932944914937988,0
R00207,P0484,S03,3,Drug_A,45.7,F,2025-03-22,2025-03-27,5,31.6,15.7,13.5,0.79,3,0,0,normal,none,-0.09626665688114777,0.09626665688114777,0
R00208,P0079,S05,4,Drug_B,39.2,F,2025-04-05,2025-04-06,1,25.0,25.7,12.5,0.96,1,0,0,normal,none,-0.1037533385554198,0.1037533385554198,0
R00209,P0200,S01,3,Drug_B,42.3,F,2025-04-13,2025-04-17,4,34.1,18.8,12.2,1.05,2,0,0,normal,none,-0.09242186670056413,0.09242186670056413,0
R00210,P0538,S07,4,Drug_B,46.9,M,2025-05-10,2025-05-10,0,26.1,29.8,12.3,0.96,0,0,0,normal,none,-0.08410161035521402,0.08410161035521402,0
R00211,P0072,S09,1,Placebo,56.8,F,2025-01-05,2025-01-05,0,26.9,19.5,11.7,0.67,2,0,0,normal,none,-0.0959109016398298,0.0959109016398298,0
R00212,P0455,S08,4,Drug_A,52.7,F,2025-07-28,2025-08-01,4,21.1,23.4,14.7,0.87,2,0,0,normal,none,-0.11323676546040817,0.11323676546040817,0
R00213,P0616,S02,5,Drug_A,57.0,M,2025-09-09,2025-09-12,3,40.3,29.8,14.4,1.05,2,0,0,normal,none,-0.08515763055972764,0.08515763055972764,0
R00214,P0070,S08,1,Placebo,41.8,F,2025-05-21,2025-05-26,5,22.3,22.6,12.5,0.75,2,0,0,normal,none,-0.1083993509065263,0.1083993509065263,0
R00215,P0135,S05,1,Drug_B,28.7,M,2025-03-06,2025-03-07,1,47.8,59.9,13.7,0.99,2,0,0,normal,none,0.009935239947765573,-0.009935239947765573,1
R00216,P0445,S09,3,Placebo,46.4,F,2025-08-23,2025-08-23,0,60.4,32.6,12.8,0.67,1,0,0,normal,none,-0.04103168107781735,0.04103168107781735,0
R00217,P0474,S05,5,Drug_A,35.2,M,2025-08-23,2025-08-25,2,22.9,15.6,15.2,1.09,4,0,0,normal,none,-0.03745691531785622,0.03745691531785622,0
R00218,P0119,S02,1,Placebo,45.7,M,2025-05-08,2025-05-12,4,19.0,10.3,13.6,0.86,4,0,0,normal,none,-0.06255131359741856,0.06255131359741856,0
R00219,P0430,S05,3,Drug_A,49.9,M,2025-07-15,2025-07-20,5,17.7,13.0,13.8,0.83,0,0,0,normal,none,-0.102267131139742,0.102267131139742,0
R00220,P0435,S10,4,Drug_B,59.0,F,2025-06-29,2025-07-03,4,24.7,20.8,12.3,0.98,0,0,0,normal,none,-0.11025822971060661,0.11025822971060661,0
R00221,P0307,S08,5,Placebo,66.6,M,2025-06-26,2025-06-30,4,29.8,21.1,11.8,0.86,3,0,0,normal,none,-0.08345082698551737,0.08345082698551737,0
R00222,P0201,S09,2,Drug_B,62.6,M,2025-05-05,2025-05-06,1,46.1,32.8,12.4,0.79,2,0,0,normal,none,-0.08870495773186426,0.08870495773186426,0
R00223,P0083,S03,3,Drug_B,49.1,F,2025-04-08,2025-04-11,3,24.1,25.5,14.5,0.81,0,0,0,normal,none,-0.1046046473610765,0.1046046473610765,0
R00224,P0475,S01,1,Placebo,56.6,F,2025-06-04,2025-06-11,7,33.0,22.5,13.2,0.84,3,0,0,normal,none,-0.09624415117210205,0.09624415117210205,0
R00225,P0720,S04,3,Drug_B,55.7,F,2025-03-26,2025-03-29,3,42.7,36.8,13.5,0.82,1,0,0,normal,none,-0.11453701213769046,0.11453701213769046,0
R00226,P0175,S08,2,Drug_A,53.4,M,2025-04-07,2025-04-10,3,25.4,19.0,13.8,0.91,2,0,0,normal,none,-0.12803735338822603,0.12803735338822603,0
R00227,P0511,S06,3,Drug_A,40.6,F,2025-08-07,2025-08-14,7,23.3,23.4,13.4,0.94,1,0,0,normal,none,-0.11210820936722182,0.11210820936722182,0
R00228,P0714,S08,3,Drug_A,54.2,F,2025-05-19,2025-05-25,6,54.9,48.6,14.6,0.99,1,0,0,normal,none,-0.05229847426784884,0.05229847426784884,0
R00229,P0168,S01,4,Drug_B,31.9,M,2025-05-07,2025-05-12,5,31.8,24.9,13.5,0.89,0,0,0,normal,none,-0.09428874092064676,0.09428874092064676,0
R00230,P0158,S08,3,Placebo,42.2,M,2025-06-11,2025-06-13,2,29.6,33.5,12.1,0.93,1,1,0,normal,none,0.01643009319995703,-0.01643009319995703,1
R00231,P0724,S08,4,Placebo,49.4,M,2025-09-11,2025-09-19,8,64.9,52.8,14.2,0.96,2,0,0,normal,none,-0.012512173948998506,0.012512173948998506,0
R00232,P0102,S04,2,Placebo,34.0,F,2025-03-13,2025-03-14,1,28.0,11.6,14.2,0.49,1,0,0,normal,none,-0.017640252546707202,0.017640252546707202,0
R00233,P0114,S09,4,Placebo,52.1,M,2025-05-31,2025-06-01,1,33.4,31.3,15.1,0.78,4,0,0,normal,none,-0.0860782409777105,0.0860782409777105,0
R00234,P0366,S09,2,Drug_A,65.6,M,2025-07-01,2025-07-01,0,26.8,23.3,13.5,0.73,0,0,0,normal,none,-0.10026385245559882,0.10026385245559882,0
R00235,P0283,S08,5,Placebo,28.5,F,2025-05-01,2025-05-03,2,38.5,44.0,13.5,0.45,2,0,0,normal,none,-0.009958380303549008,0.009958380303549008,0
R00236,P0496,S04,4,Placebo,55.6,M,2025-07-26,2025-07-27,1,25.4,22.4,13.8,0.75,1,0,0,normal,none,-0.12288730437799317,0.12288730437799317,0
R00237,P0525,S10,1,Drug_A,47.7,F,2025-05-14,2025-05-17,3,24.2,13.9,,0.62,3,0,1,rule_detectable,missing_required_lab:hemoglobin,-0.02612368560714562,0.02612368560714562,0
R00238,P0051,S07,4,Drug_A,50.4,F,2025-05-07,2025-05-07,0,50.6,49.2,10.4,1.05,2,1,0,normal,none,0.06712886816417218,-0.06712886816417218,1
R00239,P0327,S05,2,Placebo,40.5,M,2025-02-01,2025-02-08,7,28.0,11.7,11.1,0.94,1,0,0,normal,none,-0.03545980721222863,0.03545980721222863,0
R00240,P0192,S07,3,Drug_A,63.5,F,2025-08-16,2025-08-16,0,14.4,13.7,11.5,0.84,2,0,0,normal,none,-0.088850086972936,0.088850086972936,0
R00241,P0593,S07,1,Drug_B,77.2,F,2025-03-20,2025-03-20,0,23.0,28.1,11.9,0.91,1,0,0,normal,none,-0.05776892157808661,0.05776892157808661,0
R00242,P0632,S01,5,Drug_A,67.4,F,2025-06-19,2025-06-23,4,19.3,14.0,11.5,0.7,2,1,0,normal,none,0.03340466958721622,-0.03340466958721622,1
R00243,P0328,S04,3,Drug_B,48.7,F,2025-04-03,2025-04-04,1,71.1,50.7,10.5,1.46,2,0,1,ml_multivariate,lab_profile,0.052154830456818235,-0.052154830456818235,1
R00244,P0513,S04,2,Drug_A,48.8,F,2025-02-10,2025-02-10,0,63.5,24.1,11.6,0.77,2,0,1,ml_multivariate,alt_ast_ratio,-0.003973837567493255,0.003973837567493255,0
R00245,P0042,S03,3,Drug_B,59.2,M,2025-03-28,2025-04-01,4,38.6,34.0,13.2,0.96,2,0,0,normal,none,-0.11668676367294767,0.11668676367294767,0
R00246,P0695,S02,4,Placebo,68.4,F,2025-06-22,2025-06-24,2,31.1,38.9,11.0,0.88,2,0,0,normal,none,-0.05898468037419874,0.05898468037419874,0
R00247,P0081,S06,4,Drug_B,50.6,F,2025-07-22,2025-07-23,1,38.1,22.2,14.1,0.66,1,0,0,normal,none,-0.09499403036856163,0.09499403036856163,0
R00248,P0205,S04,3,Drug_B,42.0,F,2025-04-07,2025-04-15,8,33.4,27.7,14.0,1.12,3,0,0,normal,none,-0.07904420035979526,0.07904420035979526,0
R00249,P0186,S05,5,Drug_B,43.9,M,2025-08-15,2025-08-18,3,28.2,21.1,12.0,0.75,2,0,0,normal,none,-0.10112639537119705,0.10112639537119705,0
R00250,P0615,S01,4,Drug_B,58.2,F,2025-04-10,2025-04-12,2,21.5,22.0,13.9,0.67,0,0,0,normal,none,-0.10287941541682666,0.10287941541682666,0
R00251,P0511,S06,1,Drug_A,18.0,F,2025-02-16,2025-02-18,2,43.0,31.6,13.5,0.64,1,0,0,normal,none,-0.03379238639359916,0.03379238639359916,0
R00252,P0007,S07,3,Placebo,40.6,F,2025-05-04,2025-05-04,0,25.4,23.2,11.3,0.68,2,0,0,normal,none,-0.09863529487628969,0.09863529487628969,0
R00253,P0009,S10,2,Drug_B,35.9,M,2025-07-14,2025-07-20,6,46.5,38.3,14.1,1.01,1,0,0,normal,none,-0.07037196892358405,0.07037196892358405,0
R00254,P0197,S01,2,Drug_B,41.6,F,2025-04-07,2025-04-21,14,21.2,21.9,12.2,1.14,1,0,0,normal,none,-0.051317597375872104,0.051317597375872104,0
R00255,P0103,S06,3,Drug_B,73.0,F,2025-04-30,2025-05-03,3,36.9,41.9,12.8,0.94,1,0,0,normal,none,-0.07499445048501058,0.07499445048501058,0
R00256,P0077,S07,4,Drug_A,75.9,F,2025-09-08,2025-09-08,0,26.6,15.0,11.3,0.99,0,0,0,normal,none,-0.04212067988922269,0.04212067988922269,0
R00257,P0542,S10,5,Drug_B,50.9,F,2025-07-04,2025-07-09,5,15.3,18.0,11.7,0.89,4,0,0,normal,none,-0.05724249366526207,0.05724249366526207,0
R00258,P0054,S02,1,Drug_B,60.8,M,2025-05-24,2025-05-29,5,26.3,23.3,13.8,0.95,1,0,0,normal,none,-0.1107024295407284,0.1107024295407284,0
R00259,P0014,S06,3,Drug_B,35.3,M,2025-07-29,2025-08-04,6,15.5,12.5,10.7,1.08,3,0,0,normal,none,-0.048070905426287336,0.048070905426287336,0
R00260,P0266,S07,3,Drug_A,70.1,M,2025-03-11,2025-03-12,1,31.6,22.1,15.4,0.77,2,0,0,normal,none,-0.08661487465087081,0.08661487465087081,0
R00261,P0226,S04,1,Drug_B,55.8,F,2025-06-14,2025-06-14,0,31.5,26.8,15.5,0.69,1,0,0,normal,none,-0.07106080307233092,0.07106080307233092,0
R00262,P0153,S07,4,Placebo,54.5,M,2025-06-03,2025-06-03,0,8.3,8.0,13.7,0.81,0,0,0,normal,none,-0.05250080225153264,0.05250080225153264,0
R00263,P0328,S04,4,Placebo,66.5,F,2025-09-05,2025-09-07,2,19.8,19.6,13.5,0.7,0,0,0,normal,none,-0.09595788985685494,0.09595788985685494,0
R00264,P0277,S01,4,Drug_A,39.4,M,2025-05-06,2025-05-09,3,46.0,34.8,11.7,0.89,0,0,0,normal,none,-0.07256262938532149,0.07256262938532149,0
R00265,P0255,S03,2,Drug_B,45.4,M,2025-05-23,2025-05-26,3,32.7,22.9,15.2,1.12,5,0,0,normal,none,-0.04796322680721171,0.04796322680721171,0
R00266,P0539,S09,2,Drug_A,64.1,F,2025-03-04,2025-03-07,3,20.5,11.5,13.0,1.03,0,0,0,normal,none,-0.07651161320882621,0.07651161320882621,0
R00267,P0591,S08,2,Drug_B,54.2,F,2025-05-23,2025-05-24,1,39.8,33.2,14.1,0.81,0,0,0,normal,none,-0.09519470759797577,0.09519470759797577,0
R00268,P0399,S02,4,Drug_A,31.9,F,2025-07-18,2025-07-24,6,33.9,20.1,13.6,0.97,5,0,0,normal,none,-0.05172794546661247,0.05172794546661247,0
R00269,P0515,S09,3,Drug_B,52.6,F,2025-05-22,2025-05-24,2,20.0,21.7,13.1,1.02,2,0,0,normal,none,-0.11767137243092601,0.11767137243092601,0
R00270,P0588,S03,1,Drug_A,35.5,F,2025-05-13,2025-05-15,2,56.6,44.3,12.8,1.02,3,0,0,normal,none,-0.02178601375861683,0.02178601375861683,0
R00271,P0480,S01,2,Drug_A,38.1,M,2025-03-07,2025-03-10,3,22.8,25.0,12.5,1.04,2,0,0,normal,none,-0.10216347681125165,0.10216347681125165,0
R00272,P0460,S07,4,Placebo,45.3,F,2025-05-25,2025-05-25,0,16.2,18.8,11.8,1.06,3,0,0,normal,none,-0.0631925813944556,0.0631925813944556,0
R00273,P0229,S04,4,Drug_A,66.6,M,2025-06-22,2025-06-26,4,24.1,16.3,11.7,0.73,0,0,0,normal,none,-0.09362319860544543,0.09362319860544543,0
R00274,P0029,S04,2,Drug_A,44.7,F,2025-04-20,2025-04-29,9,9.3,9.0,13.3,1.1,4,0,0,normal,none,-0.02226206350164578,0.02226206350164578,0
R00275,P0167,S05,1,Drug_B,56.0,F,2025-04-26,2025-04-29,3,31.3,27.9,12.1,0.8,3,0,0,normal,none,-0.10531065083252461,0.10531065083252461,0
R00276,P0508,S08,3,Drug_B,63.4,F,2025-05-15,2025-05-17,2,33.5,20.2,15.5,0.73,1,0,0,normal,none,-0.08009259243057543,0.08009259243057543,0
R00277,P0048,S02,2,Drug_B,54.2,M,2025-02-20,2025-02-21,1,33.9,32.7,13.0,0.83,0,0,0,normal,none,-0.09894722725505128,0.09894722725505128,0
R00278,P0412,S03,4,Drug_B,47.7,F,2025-07-24,2025-07-27,3,58.3,54.9,12.0,1.0,4,0,0,normal,none,-0.009085597889496422,0.009085597889496422,0
R00279,P0423,S08,3,Drug_B,33.2,M,2025-04-08,2025-04-11,3,10.8,8.5,13.6,0.74,0,0,0,normal,none,-0.05534000079536655,0.05534000079536655,0
R00280,P0730,S06,1,Drug_A,58.7,F,2025-06-09,2025-06-14,5,49.3,39.9,14.1,0.6,2,0,0,normal,none,-0.06156706041145532,0.06156706041145532,0
R00281,P0078,S07,2,Drug_A,45.4,M,2025-07-17,2025-07-19,2,46.3,31.2,14.1,1.35,1,0,0,normal,none,-0.03832159913722827,0.03832159913722827,0
R00282,P0464,S05,4,Drug_A,70.4,F,2025-05-24,2025-05-25,1,41.5,38.8,12.0,0.9,0,0,0,normal,none,-0.06573438561862815,0.06573438561862815,0
R00283,P0412,S03,1,Placebo,47.5,F,2025-02-02,2025-02-10,8,29.5,24.6,15.2,0.83,3,1,0,normal,none,0.03876487499361492,-0.03876487499361492,1
R00284,P0406,S05,2,Placebo,49.5,M,2025-06-21,2025-06-30,9,25.9,31.6,16.1,0.56,1,0,0,normal,none,-0.03242264302387049,0.03242264302387049,0
R00285,P0289,S03,1,Drug_B,64.7,F,2025-03-10,2025-03-11,1,39.8,26.1,12.4,0.46,0,0,0,normal,none,-0.03237605894294482,0.03237605894294482,0
R00286,P0129,S10,3,Drug_A,63.5,M,2025-07-29,2025-07-31,2,20.3,14.6,13.4,0.63,0,0,0,normal,none,-0.09697551800666199,0.09697551800666199,0
R00287,P0617,S04,2,Drug_A,47.4,M,2025-02-19,2025-02-20,1,29.2,23.8,16.0,1.15,0,0,0,normal,none,-0.05194142420330333,0.05194142420330333,0
R00288,P0257,S07,2,Placebo,40.5,M,2025-05-14,2025-05-20,6,23.6,28.0,11.5,0.98,1,0,0,normal,none,-0.08609753264424991,0.08609753264424991,0
R00289,P0493,S07,5,Drug_B,55.4,F,2025-09-27,2025-09-30,3,26.9,20.3,14.5,0.86,2,0,0,normal,none,-0.10512585798734375,0.10512585798734375,0
R00290,P0521,S08,5,Drug_B,43.8,F,2025-09-06,2025-09-09,3,20.8,18.7,11.4,0.67,2,0,0,normal,none,-0.08716597192281783,0.08716597192281783,0
R00291,P0486,S05,3,Drug_A,30.9,F,2025-07-23,2025-07-30,7,14.9,13.8,12.7,0.57,6,0,0,normal,none,-0.009033286490097159,0.009033286490097159,0
R00292,P0241,S08,2,Drug_B,44.4,F,2025-04-22,2025-04-28,6,19.2,10.3,12.3,0.52,2,0,0,normal,none,-0.06463106646055494,0.06463106646055494,0
R00293,P0152,S06,1,Drug_B,43.2,M,2025-06-15,2025-06-16,1,35.0,32.8,13.5,1.22,1,0,0,normal,none,-0.05929151386699466,0.05929151386699466,0
R00294,P0494,S10,2,Placebo,49.5,F,2025-01-29,2025-02-01,3,33.3,32.3,14.9,1.09,1,0,0,normal,none,-0.08876920608687167,0.08876920608687167,0
R00295,P0556,S10,4,Drug_A,62.0,M,2025-09-12,2025-09-21,9,24.8,26.0,13.1,1.1,0,0,0,normal,none,-0.06953439150946439,0.06953439150946439,0
R00296,P0263,S09,5,Placebo,61.6,F,2025-10-03,2025-10-03,0,34.4,26.8,12.0,0.94,1,0,0,normal,none,-0.08394385501779361,0.08394385501779361,0
R00297,P0487,S06,5,Drug_B,54.3,M,2025-06-17,2025-06-21,4,51.6,51.1,13.6,0.95,0,0,0,normal,none,-0.03225083387607286,0.03225083387607286,0
R00298,P0079,S05,1,Drug_B,56.2,F,2025-03-29,2025-03-30,1,25.8,15.7,11.0,0.7,1,0,0,normal,none,-0.0827513928248923,0.0827513928248923,0
R00299,P0098,S02,4,Placebo,77.6,M,2025-09-14,2025-09-18,4,30.3,32.4,11.4,1.09,1,0,0,normal,none,-0.05151570540150352,0.05151570540150352,0
R00300,P0030,S05,1,Placebo,69.4,F,2025-02-19,2025-03-01,10,20.0,8.0,11.9,0.81,0,0,0,normal,none,0.015553202305893077,-0.015553202305893077,1
R00301,P0580,S03,2,Drug_B,52.8,F,2025-02-23,2025-03-01,6,23.8,8.1,14.2,0.65,1,0,0,normal,none,-0.017416070093580205,0.017416070093580205,0
R00302,P0591,S08,3,Drug_B,44.8,F,2025-07-10,2025-07-12,2,29.3,31.2,14.1,0.57,0,0,0,normal,none,-0.08236007614456475,0.08236007614456475,0
R00303,P0337,S06,3,Placebo,59.1,F,2025-05-15,2025-05-20,5,11.3,11.2,11.1,0.54,1,0,0,normal,none,-0.04911477784635193,0.04911477784635193,0
R00304,P0646,S08,3,Placebo,43.0,F,2025-06-06,2025-06-09,3,24.9,24.3,12.0,0.72,0,0,0,normal,none,-0.10735258531609282,0.10735258531609282,0
R00305,P0591,S08,2,Drug_B,39.5,M,2025-03-19,2025-03-22,3,15.5,17.9,12.6,0.9,1,0,0,normal,none,-0.09165376931445962,0.09165376931445962,0
R00306,P0710,S07,3,Drug_A,71.6,F,2025-05-26,2025-05-27,1,66.5,65.7,11.7,0.59,3,0,0,normal,none,0.0341299841317384,-0.0341299841317384,1
R00307,P0561,S09,4,Drug_A,57.2,F,2025-04-08,2025-04-09,1,38.8,37.5,12.9,0.68,4,0,0,normal,none,-0.08082599478585678,0.08082599478585678,0
R00308,P0114,S09,2,Drug_B,65.8,F,2025-03-16,2025-03-16,0,35.2,29.9,11.9,0.5,1,0,0,normal,none,-0.073588543549225,0.073588543549225,0
R00309,P0524,S05,1,Drug_B,35.0,M,2025-01-14,2025-01-21,7,39.7,31.2,14.9,1.1,1,0,0,normal,none,-0.04736534876277354,0.04736534876277354,0
R00310,P0113,S03,5,Drug_A,58.9,M,2025-05-25,2025-05-30,5,42.8,37.7,13.6,1.0,3,0,0,normal,none,-0.07861955607576593,0.07861955607576593,0
R00311,P0367,S01,3,Drug_A,63.7,M,2025-04-18,2025-04-19,1,37.7,26.6,15.2,0.91,5,0,0,normal,none,-0.05930749172118743,0.05930749172118743,0
R00312,P0352,S06,1,Drug_B,65.4,F,2025-02-28,2025-03-02,2,12.2,8.0,12.6,0.74,2,0,0,normal,none,-0.05986459513768766,0.05986459513768766,0
R00313,P0550,S04,1,Placebo,26.8,F,2025-06-09,2025-06-10,1,16.7,17.0,13.3,0.53,0,0,0,normal,none,-0.021520922053273883,0.021520922053273883,0
R00314,P0010,S01,3,Drug_B,37.8,M,2025-03-21,2025-03-28,7,35.5,32.8,13.9,1.23,1,0,0,normal,none,-0.054886411505947696,0.054886411505947696,0
R00315,P0157,S10,3,Placebo,40.9,M,2025-03-03,2025-03-06,3,24.8,19.1,15.7,0.94,1,0,0,normal,none,-0.09295285210874238,0.09295285210874238,0
R00316,P0463,S02,1,Drug_B,34.0,F,2025-06-03,2025-06-04,1,18.3,11.3,12.1,0.58,2,0,0,normal,none,-0.05298213678964114,0.05298213678964114,0
R00317,P0702,S09,2,Drug_B,31.1,M,2025-06-25,2025-06-29,4,41.0,28.2,14.3,1.04,1,0,0,normal,none,-0.07351035580690368,0.07351035580690368,0
R00318,P0013,S03,5,Placebo,59.4,F,2025-03-22,2025-03-23,1,54.0,44.5,11.3,0.84,7,0,1,ml_multivariate,visit_lab_query_pattern,0.036227777096822567,-0.036227777096822567,1
R00319,P0535,S08,3,Placebo,28.2,M,2025-06-14,2025-06-26,12,29.2,29.0,14.0,0.94,1,0,0,normal,none,-0.06393837645756373,0.06393837645756373,0
R00320,P0749,S07,5,Drug_B,33.8,F,2025-05-15,2025-05-15,0,40.7,49.8,,0.72,2,0,1,rule_detectable,missing_required_lab:hemoglobin,0.021431120041421226,-0.021431120041421226,1
R00321,P0471,S09,5,Drug_A,51.0,M,2025-06-18,2025-06-18,0,18.6,12.7,12.7,0.95,3,0,0,normal,none,-0.08559290192968466,0.08559290192968466,0
R00322,P0252,S03,2,Drug_A,47.6,M,2025-06-21,2025-06-29,8,11.5,9.6,14.5,0.85,2,1,0,normal,none,0.04582763660375144,-0.04582763660375144,1
R00323,P0110,S03,2,Drug_B,49.1,F,2025-07-13,2025-07-16,3,15.8,20.2,13.2,1.03,0,0,0,normal,none,-0.07799458185374986,0.07799458185374986,0
R00324,P0680,S08,2,Placebo,31.7,M,2025-02-22,2025-02-24,2,31.1,36.9,11.8,0.48,3,0,0,normal,none,-0.032072206579806195,0.032072206579806195,0
R00325,P0271,S01,4,Drug_B,53.6,M,2025-07-08,2025-07-11,3,35.8,22.7,11.6,1.08,3,0,0,normal,none,-0.086104697891696,0.086104697891696,0
R00326,P0501,S06,4,Placebo,51.9,M,2025-07-28,2025-07-31,3,35.1,25.1,14.7,0.88,0,0,0,normal,none,-0.09316955241754699,0.09316955241754699,0
R00327,P0285,S01,2,Drug_B,68.2,M,2025-04-01,2025-04-05,4,14.0,9.6,13.7,0.93,3,0,0,normal,none,-0.08100436114461362,0.08100436114461362,0
R00328,P0118,S08,3,Placebo,74.3,F,2025-08-07,2025-08-08,1,16.7,12.6,12.0,0.45,1,0,0,normal,none,-0.05079685042245524,0.05079685042245524,0
R00329,P0527,S06,4,Drug_A,62.7,F,2025-04-17,2025-04-18,1,35.9,30.3,13.7,0.96,3,0,0,normal,none,-0.10307802329441973,0.10307802329441973,0
R00330,P0255,S03,1,Drug_B,29.6,M,2025-04-02,2025-04-09,7,16.3,13.1,13.4,0.8,3,0,0,normal,none,-0.06270440753316192,0.06270440753316192,0
R00331,P0642,S08,4,Drug_A,40.0,F,2025-04-01,2025-04-04,3,30.3,20.5,12.2,0.94,2,0,0,normal,none,-0.11390285362459651,0.11390285362459651,0
R00332,P0023,S07,1,Drug_B,55.4,F,2025-04-11,2025-04-11,0,12.4,10.0,14.4,0.69,0,0,0,normal,none,-0.05017653114598042,0.05017653114598042,0
R00333,P0540,S01,4,Drug_B,58.2,F,2025-08-18,2025-08-21,3,23.7,13.9,14.0,0.73,2,0,0,normal,none,-0.10973364476833947,0.10973364476833947,0
R00334,P0110,S03,1,Placebo,27.2,F,2025-04-09,2025-04-15,6,20.8,22.6,13.2,0.47,1,0,0,normal,none,-0.030292479707282938,0.030292479707282938,0
R00335,P0526,S01,3,Placebo,84.4,M,2025-05-20,2025-05-23,3,45.3,39.2,13.7,1.05,1,0,0,normal,none,-0.049266468485408166,0.049266468485408166,0
R00336,P0013,S03,3,Drug_B,58.4,F,2025-04-03,2025-04-05,2,23.4,11.2,12.5,0.68,4,0,0,normal,none,-0.06596561858444538,0.06596561858444538,0
R00337,P0168,S01,2,Placebo,44.1,M,2025-04-07,2025-04-13,6,32.9,24.7,12.2,0.96,3,0,0,normal,none,-0.10527146869305698,0.10527146869305698,0
R00338,P0501,S06,3,Placebo,62.2,F,2025-06-06,2025-06-11,5,38.7,27.2,12.7,0.69,3,0,0,normal,none,-0.10062424895830491,0.10062424895830491,0
R00339,P0412,S03,5,Drug_B,53.3,M,2025-07-22,2025-07-20,-2,18.3,11.7,13.1,1.02,0,0,1,rule_detectable,date_inconsistency,-0.05964165959539891,0.05964165959539891,0
R00340,P0540,S01,3,Drug_A,45.1,F,2025-08-12,2025-08-17,5,13.6,15.4,11.1,0.9,4,0,0,normal,none,-0.058184119232033205,0.058184119232033205,0
R00341,P0425,S09,1,Drug_B,64.8,M,2025-01-02,2025-01-02,0,23.8,17.4,14.5,0.65,2,0,0,normal,none,-0.08483646043657689,0.08483646043657689,0
R00342,P0548,S03,1,Drug_B,73.0,M,2025-03-09,2025-03-13,4,19.5,10.4,15.8,0.9,2,0,0,normal,none,-0.0310212988394572,0.0310212988394572,0
R00343,P0473,S02,3,Drug_B,66.8,M,2025-08-23,2025-08-28,5,46.0,28.3,10.6,0.83,2,0,0,normal,none,-0.07339103117346307,0.07339103117346307,0
R00344,P0361,S10,5,Drug_B,83.4,M,2025-06-17,2025-06-24,7,59.8,56.3,12.3,0.81,1,0,0,normal,none,0.03697506032379505,-0.03697506032379505,1
R00345,P0102,S04,3,Drug_A,48.0,M,2025-08-05,2025-08-23,18,20.9,12.1,15.2,0.7,1,0,0,normal,none,-0.039696089042200566,0.039696089042200566,0
R00346,P0530,S02,3,Drug_B,67.1,F,2025-05-21,2025-05-28,7,25.4,26.7,11.2,0.69,1,0,0,normal,none,-0.08273513944831523,0.08273513944831523,0
R00347,P0185,S01,4,Drug_A,82.3,M,2025-04-16,2025-04-18,2,34.3,32.2,12.8,1.01,2,0,0,normal,none,-0.06624423890383652,0.06624423890383652,0
R00348,P0413,S07,3,Placebo,65.6,F,2025-03-05,2025-03-05,0,31.0,26.0,12.3,0.95,1,0,0,normal,none,-0.11167057808032071,0.11167057808032071,0
R00349,P0409,S02,3,Drug_A,33.6,F,2025-05-05,2025-05-10,5,10.6,9.8,12.8,0.84,0,0,0,normal,none,-0.05773232830579644,0.05773232830579644,0
R00350,P0115,S09,4,Drug_A,59.6,F,2025-09-10,2025-09-13,3,23.4,15.5,14.6,0.87,1,0,0,normal,none,-0.10898389308182738,0.10898389308182738,0
R00351,P0440,S07,3,Drug_A,52.6,F,2025-06-08,2025-06-09,1,41.4,44.8,12.3,0.89,2,0,0,normal,none,-0.09166857309264703,0.09166857309264703,0
R00352,P0569,S07,5,Placebo,32.8,F,2025-07-21,2025-07-21,0,17.6,16.3,12.6,0.72,1,0,0,normal,none,-0.07251984295531083,0.07251984295531083,0
R00353,P0350,S04,5,Drug_B,46.4,F,2025-09-02,2025-09-07,5,25.8,17.8,13.4,0.75,2,0,0,normal,none,-0.10662223316291886,0.10662223316291886,0
R00354,P0743,S04,3,Placebo,50.2,M,2025-04-02,2025-04-03,1,28.6,24.6,12.7,1.0,1,0,0,normal,none,-0.12298524641062036,0.12298524641062036,0
R00355,P0586,S01,3,Placebo,52.3,F,2025-04-11,2025-04-15,4,21.7,10.6,12.9,0.87,1,0,0,normal,none,-0.09300392843153787,0.09300392843153787,0
R00356,P0547,S07,5,Drug_B,46.3,M,2025-10-05,2025-10-09,4,17.0,8.8,15.2,1.01,3,0,0,normal,none,-0.0335172650662221,0.0335172650662221,0
R00357,P0236,S02,3,Drug_A,69.7,F,2025-03-18,2025-03-25,7,21.7,21.8,13.1,0.72,1,0,0,normal,none,-0.10259460296718531,0.10259460296718531,0
R00358,P0401,S08,2,Drug_A,32.2,F,2025-05-26,2025-05-29,3,25.4,18.9,12.1,1.3,4,0,0,normal,none,-0.03440889017538029,0.03440889017538029,0
R00359,P0290,S05,3,Drug_B,53.2,M,2025-03-16,2025-03-19,3,27.2,17.6,13.6,0.99,1,0,0,normal,none,-0.12085030906334066,0.12085030906334066,0
R00360,P0592,S03,5,Drug_B,71.3,M,2025-07-24,2025-07-31,7,35.3,35.3,14.9,1.1,2,0,0,normal,none,-0.03937061182079821,0.03937061182079821,0
R00361,P0059,S01,1,Drug_A,49.5,F,2025-04-28,2025-05-01,3,18.7,11.4,12.8,0.71,1,0,0,normal,none,-0.09591322481994669,0.09591322481994669,0
R00362,P0183,S08,2,Drug_B,72.5,F,2025-06-08,2025-06-09,1,25.0,19.8,14.2,0.64,2,0,0,normal,none,-0.09834831970700741,0.09834831970700741,0
R00363,P0500,S07,5,Drug_A,66.1,F,2025-04-26,2025-04-27,1,25.6,25.9,11.5,0.48,1,0,0,normal,none,-0.05319529770256759,0.05319529770256759,0
R00364,P0465,S08,2,Placebo,54.0,M,2025-05-01,2025-05-03,2,32.5,14.7,14.7,0.77,3,1,0,normal,none,0.053281691392804253,-0.053281691392804253,1
R00365,P0667,S07,3,Drug_B,77.4,F,2025-06-20,2025-06-23,3,40.2,31.9,12.2,0.88,0,0,0,normal,none,-0.07128122210328575,0.07128122210328575,0
R00366,P0299,S05,4,Drug_A,47.4,F,2025-07-05,2025-07-08,3,26.0,22.6,13.6,0.98,1,0,0,normal,none,-0.1255939703939784,0.1255939703939784,0
R00367,P0233,S08,2,Drug_B,45.2,F,2025-04-29,2025-05-03,4,54.6,38.6,11.4,1.11,2,0,0,normal,none,-0.042559709787593325,0.042559709787593325,0
R00368,P0448,S03,2,Placebo,51.2,F,2025-07-21,2025-07-25,4,36.0,24.3,14.3,0.81,0,0,0,normal,none,-0.09626378453873302,0.09626378453873302,0
R00369,P0159,S02,2,Drug_B,62.0,F,2025-05-02,2025-05-05,3,22.8,14.4,13.8,0.83,4,0,0,normal,none,-0.09082976081967392,0.09082976081967392,0
R00370,P0042,S03,3,Drug_B,50.6,M,2025-06-19,2025-06-25,6,28.1,24.1,13.4,1.02,2,0,0,normal,none,-0.1261805004829712,0.1261805004829712,0
R00371,P0709,S10,2,Placebo,37.6,F,2025-06-16,2025-06-20,4,27.9,21.6,10.1,1.03,6,0,0,normal,none,-0.028340568923328258,0.028340568923328258,0
R00372,P0455,S08,4,Drug_B,58.7,F,2025-04-02,2025-04-08,6,27.4,20.7,12.6,0.68,5,0,0,normal,none,-0.0815141330880848,0.0815141330880848,0
R00373,P0357,S01,5,Drug_B,48.0,F,2025-07-28,2025-07-30,2,28.9,24.6,11.9,0.87,4,0,0,normal,none,-0.08887426536820336,0.08887426536820336,0
R00374,P0701,S01,4,Drug_B,60.6,F,2025-08-18,2025-08-22,4,26.3,16.7,13.0,0.88,1,0,0,normal,none,-0.11726885587839092,0.11726885587839092,0
R00375,P0061,S10,4,Drug_A,50.8,M,2025-07-14,2025-07-16,2,21.8,21.8,12.7,0.98,1,0,0,normal,none,-0.12070036144245666,0.12070036144245666,0
R00376,P0281,S08,1,Drug_A,48.7,F,2025-02-08,2025-02-12,4,21.3,21.4,12.7,0.87,3,0,0,normal,none,-0.10631048919924119,0.10631048919924119,0
R00377,P0090,S08,1,Drug_B,61.1,F,2025-05-26,2025-05-29,3,11.5,14.3,12.2,0.82,2,1,0,normal,none,0.042832192407290304,-0.042832192407290304,1
R00378,P0224,S01,2,Placebo,43.4,F,2025-06-19,2025-06-23,4,32.6,18.8,12.4,0.61,2,0,0,normal,none,-0.10126716299780247,0.10126716299780247,0
R00379,P0290,S05,5,Drug_B,53.9,M,2025-07-26,2025-07-27,1,41.1,34.1,12.4,0.86,2,0,0,normal,none,-0.08927461060918124,0.08927461060918124,0
R00380,P0570,S05,5,Placebo,53.0,M,2025-07-05,2025-07-08,3,12.2,8.0,14.8,1.15,0,1,0,normal,none,0.07303055397723279,-0.07303055397723279,1
R00381,P0278,S10,1,Placebo,20.5,F,2025-05-12,2025-05-17,5,17.5,19.6,13.7,0.77,1,0,0,normal,none,-0.044955737020016484,0.044955737020016484,0
R00382,P0104,S01,3,Drug_B,54.7,F,2025-04-15,2025-04-18,3,30.0,27.8,14.0,0.72,4,0,0,normal,none,-0.10865474385978557,0.10865474385978557,0
R00383,P0332,S07,2,Drug_B,49.9,M,2025-05-09,2025-05-09,0,25.0,21.9,13.0,0.82,4,0,0,normal,none,-0.10609181233518417,0.10609181233518417,0
R00384,P0065,S03,1,Placebo,35.6,M,2024-12-29,2025-01-03,5,46.1,35.3,11.7,0.86,4,0,0,normal,none,-0.04813256208360045,0.04813256208360045,0
R00385,P0202,S08,5,Placebo,41.2,M,2025-05-23,2025-05-25,2,28.3,21.9,13.4,0.79,1,0,0,normal,none,-0.10712599333027101,0.10712599333027101,0
R00386,P0021,S06,5,Drug_A,61.8,M,2025-09-30,2025-10-08,8,46.6,41.7,12.3,1.03,4,0,0,normal,none,-0.027280852899972785,0.027280852899972785,0
R00387,P0394,S04,3,Drug_A,72.1,F,2025-03-01,2025-03-03,2,12.5,13.6,12.2,0.45,0,0,0,normal,none,-0.033136894209217393,0.033136894209217393,0
R00388,P0564,S01,3,Drug_A,46.3,F,2025-04-12,2025-04-18,6,27.1,21.2,11.5,0.94,0,0,0,normal,none,-0.10150236949529401,0.10150236949529401,0
R00389,P0582,S09,3,Drug_B,51.1,F,2025-07-31,2025-07-31,0,44.2,44.0,11.9,0.66,2,0,0,normal,none,-0.08009062266544886,0.08009062266544886,0
R00390,P0674,S08,1,Placebo,37.4,F,2025-04-11,2025-04-18,7,36.3,27.1,12.9,1.0,1,0,0,normal,none,-0.08522509789205829,0.08522509789205829,0
R00391,P0458,S10,2,Placebo,72.1,M,2025-04-29,2025-05-01,2,35.3,34.0,15.1,0.78,2,0,0,normal,none,-0.07816573847253128,0.07816573847253128,0
R00392,P0078,S07,2,Drug_A,59.9,M,2025-06-16,2025-06-19,3,26.3,12.3,13.0,0.74,1,0,0,normal,none,-0.08734316248577151,0.08734316248577151,0
R00393,P0244,S09,4,Drug_B,40.5,F,2025-09-13,2025-09-13,0,33.2,32.9,13.3,0.97,1,0,0,normal,none,-0.09860157168701206,0.09860157168701206,0
R00394,P0153,S07,4,Drug_A,66.6,F,2025-05-12,2025-05-12,0,35.1,18.1,13.7,0.85,1,0,0,normal,none,-0.07836637130124202,0.07836637130124202,0
R00395,P0676,S10,1,Drug_B,43.1,F,2025-01-27,2025-01-31,4,8.0,8.4,12.1,0.85,1,0,0,normal,none,-0.04755468181497513,0.04755468181497513,0
R00396,P0416,S06,1,Drug_A,53.7,M,2025-01-08,2025-01-12,4,27.7,17.4,13.5,0.82,1,0,0,normal,none,-0.10926265079645314,0.10926265079645314,0
R00397,P0080,S06,2,Drug_B,74.9,F,2025-07-22,2025-07-24,2,26.9,26.6,13.7,0.45,4,0,0,normal,none,-0.042449053811585535,0.042449053811585535,0
R00398,P0011,S03,1,Placebo,40.4,F,2025-01-18,2025-01-23,5,38.5,27.8,13.4,0.64,2,0,0,normal,none,-0.08992313038125688,0.08992313038125688,0
R00399,P0180,S09,2,Drug_B,22.8,M,2025-02-24,2025-02-28,4,13.9,10.8,13.2,1.07,0,0,0,normal,none,-0.034774780345519896,0.034774780345519896,0
R00400,P0570,S05,1,Drug_B,54.3,M,2025-05-10,2025-05-14,4,14.1,8.0,12.9,1.09,0,0,0,normal,none,-0.03669354458216645,0.03669354458216645,0
R00401,P0276,S06,5,Drug_B,59.0,F,2025-10-20,2025-10-23,3,25.4,31.7,12.8,0.64,3,0,0,normal,none,-0.0656967193875847,0.0656967193875847,0
R00402,P0221,S07,1,Drug_A,55.1,F,2025-05-03,2025-05-05,2,30.2,35.9,12.8,0.88,2,0,0,normal,none,-0.09239657929659095,0.09239657929659095,0
R00403,P0675,S10,5,Drug_A,42.4,F,2025-07-20,2025-07-21,1,47.6,40.0,11.9,0.87,1,0,0,normal,none,-0.06063594916693754,0.06063594916693754,0
R00404,P0518,S04,4,Drug_B,70.4,M,2025-07-02,2025-07-03,1,27.4,20.0,14.4,0.95,2,0,0,normal,none,-0.10068424176410201,0.10068424176410201,0
R00405,P0672,S03,4,Drug_A,46.5,F,2025-09-16,2025-09-19,3,16.1,14.6,15.2,0.45,3,0,0,normal,none,-0.03850803720047513,0.03850803720047513,0
R00406,P0303,S09,2,Drug_A,49.5,F,2025-04-18,2025-04-19,1,36.3,25.2,12.6,0.7,1,0,1,rule_detectable,duplicate_record,-0.10982153110793291,0.10982153110793291,0
R00407,P0471,S09,1,Placebo,42.2,F,2025-05-10,2025-05-16,6,24.7,28.8,13.1,0.87,0,0,0,normal,none,-0.0757706411976678,0.0757706411976678,0
R00408,P0057,S06,2,Drug_A,64.5,F,2025-04-23,2025-05-02,9,27.5,22.7,12.9,0.46,4,0,0,normal,none,-0.0470643601904267,0.0470643601904267,0
R00409,P0056,S02,2,Drug_B,62.7,M,2025-05-21,2025-05-24,3,18.1,12.4,13.6,1.38,3,0,0,normal,none,-0.04769435059184679,0.04769435059184679,0
R00410,P0298,S01,3,Placebo,39.4,F,2025-04-26,2025-05-01,5,31.3,32.2,12.3,0.73,4,0,0,normal,none,-0.08650051791011026,0.08650051791011026,0
R00411,P0611,S03,5,Placebo,58.4,F,2025-07-23,2025-07-23,0,18.4,12.6,11.8,0.51,3,0,0,normal,none,-0.04780001399940603,0.04780001399940603,0
R00412,P0536,S10,2,Drug_A,66.7,F,2025-01-31,2025-02-04,4,40.0,36.2,14.4,0.56,4,0,0,normal,none,-0.05092602211060682,0.05092602211060682,0
R00413,P0158,S08,3,Placebo,64.5,M,2025-07-02,2025-07-12,10,39.1,43.4,14.1,1.26,2,0,0,normal,none,-0.020104607960933996,0.020104607960933996,0
R00414,P0641,S02,3,Placebo,44.0,M,2025-08-10,2025-08-13,3,14.1,10.6,12.0,0.79,2,0,0,normal,none,-0.0975624675441159,0.0975624675441159,0
R00415,P0641,S02,1,Drug_B,29.8,M,2025-06-24,2025-06-26,2,32.9,28.0,13.1,0.85,4,0,0,normal,none,-0.07103815856148077,0.07103815856148077,0
R00416,P0344,S01,5,Drug_B,41.6,F,2025-04-04,2025-04-08,4,64.1,57.3,12.6,0.45,5,0,1,ml_multivariate,visit_lab_query_pattern,0.06380820328905135,-0.06380820328905135,1
R00417,P0150,S01,5,Drug_A,45.2,F,2025-10-16,2025-10-24,8,24.0,24.6,11.6,0.84,2,0,0,normal,none,-0.08356253042285638,0.08356253042285638,0
R00418,P0436,S04,3,Placebo,40.9,F,2025-07-13,2025-07-23,10,44.7,39.8,11.9,0.5,0,0,0,normal,none,-0.02528272421645661,0.02528272421645661,0
R00419,P0634,S09,3,Placebo,46.2,F,2025-04-28,2025-04-28,0,24.6,17.0,12.1,0.7,2,0,0,normal,none,-0.11592237696605495,0.11592237696605495,0
R00420,P0494,S10,4,Drug_A,52.9,M,2025-05-14,2025-05-17,3,27.5,20.2,13.6,1.03,4,0,0,normal,none,-0.10392795351681472,0.10392795351681472,0
R00421,P0023,S07,4,Drug_B,65.9,F,2025-06-17,2025-06-18,1,16.3,10.9,12.8,0.77,1,0,0,normal,none,-0.09239533301452985,0.09239533301452985,0
R00422,P0670,S05,1,Drug_B,49.1,F,2025-03-20,2025-03-22,2,34.6,30.5,14.2,0.54,1,0,0,normal,none,-0.08200176432634476,0.08200176432634476,0
R00423,P0043,S01,5,Placebo,47.4,M,2025-07-03,2025-07-10,7,20.3,21.1,15.0,0.78,2,0,0,normal,none,-0.08204475103895814,0.08204475103895814,0
R00424,P0411,S04,2,Drug_A,25.8,F,2025-02-22,2025-02-27,5,51.2,35.4,13.3,0.79,2,0,0,normal,none,-0.048219062347520936,0.048219062347520936,0
R00425,P0646,S08,4,Drug_A,55.8,M,2025-07-30,2025-08-01,2,27.8,27.2,14.1,0.98,3,0,0,normal,none,-0.11447661073333704,0.11447661073333704,0
R00426,P0079,S05,4,Drug_A,28.5,F,2025-03-26,2025-03-31,5,22.5,24.0,14.4,0.77,0,0,0,normal,none,-0.07150726095646937,0.07150726095646937,0
R00427,P0514,S08,4,Drug_B,31.8,F,2025-06-03,2025-06-04,1,22.7,19.3,11.9,0.91,1,0,0,normal,none,-0.0991458061968884,0.0991458061968884,0
R00428,P0739,S08,1,Placebo,48.8,M,2025-06-22,2025-06-29,7,21.3,17.2,11.6,0.89,0,0,0,normal,none,-0.077546756236131,0.077546756236131,0
R00429,P0124,S01,2,Drug_A,85.0,M,2025-02-16,2025-02-21,5,30.3,29.3,14.9,0.98,1,0,0,normal,none,-0.058241227343360014,0.058241227343360014,0
R00430,P0203,S10,1,Drug_A,68.6,F,2025-05-02,2025-05-08,6,29.6,34.0,12.7,0.71,2,0,0,normal,none,-0.07980638622601455,0.07980638622601455,0
R00431,P0749,S07,5,Drug_A,57.3,F,2025-08-04,2025-08-04,0,17.1,11.0,13.3,0.88,1,0,0,normal,none,-0.08415659792966962,0.08415659792966962,0
R00432,P0191,S05,1,Drug_A,60.5,F,2025-03-06,2025-03-10,4,37.8,22.9,14.3,0.89,4,0,0,normal,none,-0.07033464979666049,0.07033464979666049,0
R00433,P0489,S01,1,Drug_B,69.2,M,2025-02-13,2025-02-24,11,15.0,16.1,13.6,0.67,1,0,0,normal,none,-0.04523111692131471,0.04523111692131471,0
R00434,P0556,S10,3,Drug_A,56.2,F,2025-05-22,2025-05-24,2,17.8,13.1,10.9,0.61,1,0,0,normal,none,-0.09256066067182445,0.09256066067182445,0
R00435,P0114,S09,5,Drug_A,66.1,F,2025-06-03,2025-06-04,1,13.0,8.0,12.8,0.47,1,0,0,normal,none,-0.02664229155618869,0.02664229155618869,0
R00436,P0218,S01,4,Drug_A,69.8,M,2025-08-20,2025-08-20,0,25.9,19.0,14.5,1.25,1,0,0,normal,none,-0.058796789762748825,0.058796789762748825,0
R00437,P0068,S08,3,Placebo,37.1,M,2025-05-13,2025-05-18,5,18.1,22.5,14.5,0.86,2,0,0,normal,none,-0.09046012209010534,0.09046012209010534,0
R00438,P0491,S04,2,Placebo,39.5,F,2025-05-07,2025-05-09,2,30.5,29.3,12.5,0.98,0,0,0,normal,none,-0.09238259117954012,0.09238259117954012,0
R00439,P0375,S06,5,Drug_A,58.2,M,2025-09-26,2025-09-29,3,60.1,42.5,11.7,1.17,0,0,0,normal,none,0.006769369981172391,-0.006769369981172391,1
R00440,P0110,S03,2,Placebo,41.5,M,2025-03-31,2025-04-05,5,29.1,21.0,14.2,0.8,3,0,0,normal,none,-0.10872738533541271,0.10872738533541271,0
R00441,P0228,S05,1,Drug_B,38.0,M,2025-06-04,2025-06-04,0,29.9,23.5,13.3,1.06,2,0,0,normal,none,-0.09200634848204914,0.09200634848204914,0
R00442,P0733,S05,3,Drug_A,78.0,M,2025-07-01,2025-07-02,1,27.2,23.7,11.4,0.85,2,0,0,normal,none,-0.087140500316858,0.087140500316858,0
R00443,P0259,S06,2,Placebo,35.9,M,2025-04-30,2025-05-02,2,22.0,17.5,15.1,0.71,1,0,0,normal,none,-0.09099466708758697,0.09099466708758697,0
R00444,P0031,S07,2,Drug_A,68.2,F,2025-02-14,2025-02-14,0,68.2,36.7,13.4,0.95,2,0,0,normal,none,-0.005828365083124232,0.005828365083124232,0
R00445,P0315,S02,1,Placebo,63.8,F,2025-05-20,2025-05-24,4,37.7,37.9,13.3,0.67,3,0,0,normal,none,-0.07474252866737241,0.07474252866737241,0
R00446,P0298,S01,4,Placebo,63.7,F,2025-08-04,2025-08-05,1,23.4,23.1,13.1,0.75,2,0,0,normal,none,-0.11533604840158068,0.11533604840158068,0
R00447,P0015,S01,3,Drug_B,47.7,M,2025-07-24,2025-07-27,3,23.4,25.3,13.4,0.87,1,0,0,normal,none,-0.11978051133339701,0.11978051133339701,0
R00448,P0245,S03,4,Drug_B,38.2,F,2025-06-21,2025-06-23,2,58.8,55.2,12.3,0.61,2,0,0,normal,none,-0.01834096682573433,0.01834096682573433,0
R00449,P0610,S03,3,Drug_B,59.9,F,2025-06-12,2025-06-22,10,15.2,17.6,15.1,0.65,4,0,0,normal,none,-0.0298648073843919,0.0298648073843919,0
R00450,P0331,S06,3,Drug_A,40.0,M,2025-05-10,2025-05-15,5,24.9,26.3,14.5,0.78,1,0,0,normal,none,-0.10629364335903563,0.10629364335903563,0
R00451,P0210,S03,1,Drug_B,59.3,F,2025-03-25,2025-03-27,2,26.7,21.7,10.9,1.01,1,0,0,normal,none,-0.08774481557203895,0.08774481557203895,0
R00452,P0089,S02,3,Drug_A,43.9,M,2025-06-27,2025-07-02,5,24.6,20.1,12.9,0.88,3,0,0,normal,none,-0.11967800301137843,0.11967800301137843,0
R00453,P0493,S07,1,Placebo,61.5,M,2025-03-25,2025-03-28,3,33.2,31.4,13.4,0.97,0,1,0,normal,none,0.024646662181020518,-0.024646662181020518,1
R00454,P0071,S07,1,Drug_A,55.6,F,2025-02-20,2025-02-21,1,13.7,12.0,12.7,0.72,3,0,0,normal,none,-0.08284258868773536,0.08284258868773536,0
R00455,P0003,S01,4,Drug_B,21.4,M,2025-06-05,2025-06-13,8,36.9,34.9,11.4,0.75,1,0,0,normal,none,-0.0378969396060953,0.0378969396060953,0
R00456,P0444,S02,2,Drug_A,47.9,M,2025-02-21,2025-02-26,5,19.2,21.4,15.3,0.8,0,0,0,normal,none,-0.07286653335278781,0.07286653335278781,0
R00457,P0143,S08,1,Drug_A,66.0,M,2025-05-23,2025-05-24,1,16.2,14.3,13.6,0.91,2,0,0,normal,none,-0.09071370678644741,0.09071370678644741,0
R00458,P0219,S01,3,Drug_B,85.0,F,2025-02-28,2025-03-12,12,32.1,36.0,13.3,0.9,3,1,0,normal,none,0.07004973504261847,-0.07004973504261847,1
R00459,P0536,S10,3,Drug_B,84.6,F,2025-07-25,2025-07-30,5,15.4,12.4,10.6,0.71,3,0,0,normal,none,-0.03010188798118263,0.03010188798118263,0
R00460,P0595,S09,3,Drug_A,65.9,M,2025-04-23,2025-04-23,0,20.2,12.1,14.3,0.98,1,0,0,normal,none,-0.08943247649486535,0.08943247649486535,0
R00461,P0438,S07,1,Drug_B,58.7,F,2025-01-16,2025-01-18,2,42.5,27.9,11.6,0.9,2,0,0,normal,none,-0.08813895349494266,0.08813895349494266,0
R00462,P0049,S08,2,Drug_A,62.7,M,2025-02-03,2025-02-09,6,31.5,18.6,12.5,0.93,2,0,0,normal,none,-0.10751863201597978,0.10751863201597978,0
R00463,P0204,S02,5,Drug_B,42.8,F,2025-05-01,2025-05-05,4,25.5,21.1,13.6,0.99,5,0,0,normal,none,-0.07402316002610798,0.07402316002610798,0
R00464,P0061,S10,3,Placebo,46.1,M,2025-07-13,2025-07-15,2,18.2,14.4,14.2,1.21,1,0,0,normal,none,-0.08561898532397616,0.08561898532397616,0
R00465,P0378,S05,5,Drug_B,56.7,M,2025-06-25,2025-06-29,4,30.9,15.8,12.9,1.12,1,0,0,normal,none,-0.06325131997970551,0.06325131997970551,0
R00466,P0415,S01,2,Drug_B,52.1,M,2025-02-24,2025-03-01,5,15.3,15.3,12.8,1.16,2,0,0,normal,none,-0.08308516784105369,0.08308516784105369,0
R00467,P0304,S04,3,Placebo,40.7,M,2025-06-10,2025-06-10,0,25.3,26.6,12.0,,2,0,1,rule_detectable,missing_required_lab:creatinine,-0.061721725027269414,0.061721725027269414,0
R00468,P0016,S08,5,Drug_A,23.8,F,2025-09-26,2025-10-04,8,46.9,31.5,12.2,0.72,2,0,0,normal,none,-0.02091643080753114,0.02091643080753114,0
R00469,P0730,S06,5,Drug_A,18.0,M,2025-05-12,2025-05-25,13,12.2,11.6,12.7,0.8,1,0,0,normal,none,0.02287505421171987,-0.02287505421171987,1
R00470,P0303,S09,2,Drug_A,36.4,F,2025-06-21,2025-06-21,0,24.2,18.0,12.3,0.78,0,0,0,normal,none,-0.08685610715610642,0.08685610715610642,0
R00471,P0154,S07,4,Drug_A,49.7,M,2025-05-03,2025-05-07,4,38.9,33.5,13.2,1.01,9,1,1,ml_multivariate,query_delay_site_pattern,0.08674341829463039,-0.08674341829463039,1
R00472,P0294,S07,1,Drug_A,44.6,M,2025-05-24,2025-05-28,4,19.9,14.9,13.8,0.72,1,0,0,normal,none,-0.10631654932581691,0.10631654932581691,0
R00473,P0237,S04,2,Drug_A,38.7,F,2025-05-24,2025-05-26,2,31.3,17.6,12.4,0.87,2,0,0,normal,none,-0.10368229794011985,0.10368229794011985,0
R00474,P0532,S08,5,Drug_B,61.4,M,2025-10-01,2025-10-09,8,34.9,25.7,14.8,0.79,3,0,0,normal,none,-0.06800336135529494,0.06800336135529494,0
R00475,P0530,S02,3,Drug_B,32.5,M,2025-03-11,2025-03-21,10,29.6,22.8,14.3,1.04,3,0,0,normal,none,-0.0680690076889977,0.0680690076889977,0
R00476,P0243,S07,1,Drug_B,71.0,F,2025-04-25,2025-04-27,2,28.0,25.3,12.9,1.01,2,0,0,normal,none,-0.09751649156238662,0.09751649156238662,0
R00477,P0618,S08,1,Drug_A,61.7,F,2025-03-18,2025-03-31,13,35.6,18.2,15.2,0.64,2,0,0,normal,none,-0.007605210718642119,0.007605210718642119,0
R00478,P0306,S08,3,Drug_B,58.7,F,2025-07-07,2025-07-10,3,20.4,18.2,13.0,0.75,1,0,0,normal,none,-0.12794719424909357,0.12794719424909357,0
R00479,P0161,S06,2,Placebo,57.3,F,2025-06-23,2025-06-25,2,35.7,24.7,10.3,0.88,2,0,0,normal,none,-0.09123572304295241,0.09123572304295241,0
R00480,P0509,S09,4,Drug_B,57.9,M,2025-03-30,2025-03-30,0,23.0,19.8,14.7,0.98,2,0,0,normal,none,-0.10529026155894833,0.10529026155894833,0
R00481,P0653,S08,1,Drug_A,46.0,M,2025-05-07,2025-05-09,2,44.1,47.0,14.8,0.89,2,0,0,normal,none,-0.06356176269639957,0.06356176269639957,0
R00482,P0056,S02,4,Drug_B,29.4,M,2025-09-02,2025-09-07,5,50.4,44.8,11.2,0.97,4,0,0,normal,none,-0.01754154409923181,0.01754154409923181,0
R00483,P0471,S09,4,Drug_B,62.2,M,2025-04-09,2025-04-06,-3,26.5,23.8,14.0,0.85,2,0,1,rule_detectable,date_inconsistency,-0.10345069187856776,0.10345069187856776,0
R00484,P0597,S03,5,Drug_B,51.0,F,2025-06-04,2025-06-06,2,27.5,19.2,12.0,0.73,1,0,0,normal,none,-0.10178648399899465,0.10178648399899465,0
R00485,P0212,S07,5,Placebo,51.1,F,2025-08-10,2025-08-10,0,21.8,20.3,14.2,0.58,0,0,0,normal,none,-0.06680694098927653,0.06680694098927653,0
R00486,P0703,S05,5,Drug_A,51.2,F,2025-09-15,2025-09-18,3,20.3,19.7,12.9,0.69,0,0,0,normal,none,-0.08876949537590201,0.08876949537590201,0
R00487,P0637,S04,5,Drug_B,83.7,F,2025-08-25,2025-08-26,1,24.0,26.6,12.7,0.64,1,0,0,normal,none,-0.03937631709986905,0.03937631709986905,0
R00488,P0216,S03,4,Drug_B,29.8,F,2025-06-18,2025-06-19,1,30.8,30.9,13.2,0.91,1,0,0,normal,none,-0.09457284203741856,0.09457284203741856,0
R00489,P0295,S05,5,Placebo,66.7,M,2025-07-11,2025-07-12,1,18.2,22.2,13.3,0.9,0,0,0,normal,none,-0.06852095054527046,0.06852095054527046,0
R00490,P0526,S01,4,Drug_A,63.9,F,2025-06-20,2025-06-28,8,27.2,27.0,14.9,0.92,1,0,0,normal,none,-0.08983876209237651,0.08983876209237651,0
R00491,P0176,S09,3,Drug_B,51.3,M,2025-07-17,2025-07-17,0,29.8,26.8,13.3,0.94,6,0,0,normal,none,-0.07038896001744815,0.07038896001744815,0
R00492,P0346,S04,1,Placebo,53.9,M,2025-01-23,2025-01-25,2,20.0,19.4,12.9,0.75,1,0,0,normal,none,-0.1107069031688021,0.1107069031688021,0
R00493,P0635,S04,3,Drug_B,49.9,F,2025-05-23,2025-06-30,38,61.9,51.3,10.3,1.0,1,0,1,both_detectable,delay_plus_labs,0.06277321256231483,-0.06277321256231483,1
R00494,P0261,S01,1,Drug_B,64.7,M,2025-01-10,2025-01-11,1,39.6,33.2,15.2,1.04,1,0,0,normal,none,-0.05825763037395798,0.05825763037395798,0
R00495,P0118,S08,5,Drug_A,43.8,M,2025-08-07,2025-08-08,1,42.6,29.6,11.4,0.68,0,0,0,normal,none,-0.055090530443794805,0.055090530443794805,0
R00496,P0514,S08,2,Drug_A,50.2,M,2025-03-17,2025-03-17,0,29.2,24.7,13.5,0.5,4,0,0,normal,none,-0.07413678921219169,0.07413678921219169,0
R00497,P0087,S04,2,Placebo,52.0,M,2025-05-30,2025-05-30,0,44.9,40.7,11.8,1.01,0,0,0,normal,none,-0.06605811542114864,0.06605811542114864,0
R00498,P0073,S09,5,Placebo,52.4,M,2025-06-09,2025-06-10,1,42.3,50.1,13.1,0.89,2,0,0,normal,none,-0.054895256123208835,0.054895256123208835,0
R00499,P0244,S09,5,Placebo,32.0,F,2025-04-25,2025-04-28,3,11.1,8.0,12.5,1.1,2,0,0,normal,none,-0.025761526609033303,0.025761526609033303,0
R00500,P0252,S03,3,Placebo,37.3,M,2025-06-20,2025-06-23,3,26.5,25.2,12.4,1.06,0,0,0,normal,none,-0.09284104661069115,0.09284104661069115,0
R00501,P0181,S04,5,Drug_B,66.0,M,2025-08-12,2025-08-14,2,23.4,18.3,15.2,0.89,1,0,0,normal,none,-0.08114878981521051,0.08114878981521051,0
R00502,P0284,S08,2,Drug_B,55.1,M,2025-07-14,2025-07-16,2,24.8,24.7,12.9,0.84,0,0,0,normal,none,-0.11321608121847138,0.11321608121847138,0
R00503,P0178,S04,2,Drug_B,64.6,F,2025-07-12,2025-07-16,4,21.9,8.0,13.1,0.62,0,0,0,normal,none,-0.010190100225998033,0.010190100225998033,0
R00504,P0114,S09,4,Drug_B,60.8,M,2025-05-24,2025-05-24,0,38.7,33.7,14.4,0.92,4,0,0,normal,none,-0.07961816715954112,0.07961816715954112,0
R00505,P0084,S10,1,Drug_B,77.1,F,2025-07-27,2025-06-25,-32,16.6,9.3,11.9,0.77,3,0,1,rule_detectable,invalid_visit_sequence,0.007133201653357735,-0.007133201653357735,1
R00506,P0399,S02,3,Drug_A,55.8,M,2025-08-16,2025-08-18,2,45.1,32.4,15.2,0.7,1,0,0,normal,none,-0.07860396336937558,0.07860396336937558,0
R00507,P0088,S06,4,Drug_A,40.2,F,2025-06-12,2025-06-12,0,51.8,51.2,11.4,0.76,5,0,1,ml_multivariate,visit_lab_query_pattern,-0.0023803092890529176,0.0023803092890529176,0
R00508,P0107,S09,3,Placebo,74.8,F,2025-03-29,2025-04-02,4,34.6,33.7,14.1,0.92,4,1,0,normal,none,0.044328263080648966,-0.044328263080648966,1
R00509,P0691,S09,4,Drug_B,34.7,F,2025-09-07,2025-09-09,2,45.4,31.3,13.2,0.74,0,0,0,normal,none,-0.0700801525182082,0.0700801525182082,0
R00510,P0750,S03,1,Drug_B,66.6,F,2025-03-21,2025-03-24,3,14.4,13.2,13.0,0.74,2,0,0,normal,none,-0.09096786336986512,0.09096786336986512,0
R00511,P0029,S04,1,Drug_A,75.9,F,2025-02-12,2025-02-13,1,33.3,33.1,13.7,0.85,0,0,0,normal,none,-0.05870032077805132,0.05870032077805132,0
R00512,P0213,S03,1,Drug_B,32.8,M,2025-01-04,2025-01-06,2,36.0,29.9,14.6,0.84,3,0,0,normal,none,-0.07503052378983294,0.07503052378983294,0
R00513,P0073,S09,2,Drug_A,55.1,F,2025-04-01,2025-04-01,0,19.3,10.7,13.1,0.57,0,0,0,normal,none,-0.06055962198609127,0.06055962198609127,0
R00514,P0299,S05,2,Drug_A,18.0,F,2025-03-31,2025-04-05,5,17.8,10.1,12.1,0.68,2,0,0,normal,none,-0.03563613820663686,0.03563613820663686,0
R00515,P0712,S02,1,Placebo,79.9,F,2025-02-28,2025-03-05,5,46.0,18.1,11.3,0.78,3,0,0,normal,none,0.014808805566331573,-0.014808805566331573,1
R00516,P0038,S02,3,Drug_B,52.0,F,2025-06-22,2025-07-22,30,64.1,63.0,13.0,0.81,1,0,1,both_detectable,delay_plus_labs,0.06082276925713326,-0.06082276925713326,1
R00517,P0417,S08,1,Drug_A,45.1,M,2025-05-04,2025-05-04,0,44.9,46.2,13.7,1.04,3,0,0,normal,none,-0.04948604452052335,0.04948604452052335,0
R00518,P0533,S08,3,Drug_A,58.6,F,2025-06-27,2025-07-02,5,19.5,22.2,13.5,1.03,3,0,0,normal,none,-0.10130816310787288,0.10130816310787288,0
R00519,P0465,S08,5,Drug_B,76.4,F,2025-07-31,2025-07-31,0,22.6,24.8,14.5,0.87,2,0,0,normal,none,-0.06094983049196756,0.06094983049196756,0
R00520,P0026,S02,1,Drug_A,59.4,F,2025-06-05,2025-06-11,6,31.8,21.3,14.5,1.17,1,0,0,normal,none,-0.06972140598660126,0.06972140598660126,0
R00521,P0370,S09,4,Drug_B,39.3,M,2025-07-17,2025-07-21,4,24.0,20.9,11.1,1.0,1,0,0,normal,none,-0.0947443923514793,0.0947443923514793,0
R00522,P0651,S09,3,Drug_B,76.5,M,2025-02-25,2025-02-25,0,24.0,22.1,13.1,0.95,0,0,0,normal,none,-0.08247079658545592,0.08247079658545592,0
R00523,P0138,S03,5,Drug_A,48.4,F,2025-10-09,2025-10-12,3,17.8,10.4,13.3,0.83,3,0,0,normal,none,-0.08070022216068423,0.08070022216068423,0
R00524,P0623,S07,1,Drug_A,51.4,M,2025-01-22,2025-01-26,4,25.6,15.6,14.0,0.88,0,0,0,normal,none,-0.08563979915219466,0.08563979915219466,0
R00525,P0058,S09,1,Drug_B,66.7,M,2025-01-15,2025-01-15,0,23.5,19.1,14.9,1.03,0,0,0,normal,none,-0.06277852500864817,0.06277852500864817,0
R00526,P0619,S08,3,Placebo,39.7,M,2025-08-03,2025-08-07,4,38.5,27.3,14.2,0.95,2,0,0,normal,none,-0.10628710804381886,0.10628710804381886,0
R00527,P0145,S03,5,Drug_A,42.3,F,2025-06-08,2025-06-10,2,51.9,60.4,13.3,0.47,2,0,0,normal,none,0.018993191830934175,-0.018993191830934175,1
R00528,P0203,S10,1,Placebo,54.2,M,2025-05-17,2025-05-22,5,34.4,19.9,13.6,1.12,3,0,0,normal,none,-0.07280465705356881,0.07280465705356881,0
R00529,P0396,S07,2,Drug_B,49.2,F,2025-07-18,2025-07-18,0,22.6,24.3,12.6,0.74,0,0,0,normal,none,-0.09956681269935547,0.09956681269935547,0
R00530,P0524,S05,1,Drug_B,60.0,F,2025-02-11,2025-02-12,1,26.8,34.8,13.9,0.61,1,0,0,normal,none,-0.06679206068712978,0.06679206068712978,0
R00531,P0278,S10,1,Drug_B,84.2,F,2025-04-20,2025-04-22,2,24.6,21.6,13.1,0.45,3,0,0,normal,none,-0.0292451500487812,0.0292451500487812,0
R00532,P0219,S01,3,Drug_B,51.4,M,2025-04-25,2025-04-29,4,19.5,11.2,14.0,1.02,0,0,0,normal,none,-0.08281871034843635,0.08281871034843635,0
R00533,P0173,S04,1,Drug_A,64.9,F,2025-06-02,2025-06-02,0,38.6,38.6,12.7,0.8,1,0,0,normal,none,-0.08046816869025475,0.08046816869025475,0
R00534,P0685,S06,3,Drug_A,35.3,F,2025-03-30,2025-04-02,3,30.6,19.3,13.1,1.06,2,0,0,normal,none,-0.10008744080780707,0.10008744080780707,0
R00535,P0582,S09,5,Drug_A,58.6,F,2025-04-29,2025-04-29,0,20.4,10.3,13.3,1.25,2,0,0,normal,none,-0.03144771331025048,0.03144771331025048,0
R00536,P0731,S05,3,Placebo,51.4,M,2025-03-19,2025-03-21,2,61.5,59.9,9.9,1.32,0,0,1,ml_multivariate,lab_profile,0.05561535648000271,-0.05561535648000271,1
R00537,P0279,S02,1,Drug_B,63.7,F,2025-05-23,2025-05-24,1,21.9,20.8,13.5,0.51,4,0,0,normal,none,-0.053256010635612916,0.053256010635612916,0
R00538,P0356,S04,1,Drug_A,41.5,M,2025-03-01,2025-03-01,0,18.5,8.0,11.7,1.12,1,0,0,normal,none,-0.0020761643470920133,0.0020761643470920133,0
R00539,P0084,S10,1,Drug_B,77.7,M,2025-03-02,2025-03-04,2,33.5,30.1,13.5,0.98,0,0,0,normal,none,-0.0633978460395595,0.0633978460395595,0
R00540,P0255,S03,2,Drug_B,36.7,F,2025-03-03,2025-03-07,4,25.9,14.6,12.1,0.66,3,0,0,normal,none,-0.08302749494303813,0.08302749494303813,0
R00541,P0599,S06,5,Drug_A,43.4,M,2025-06-27,2025-07-01,4,27.1,34.0,13.8,0.82,5,0,0,normal,none,-0.04727295001628057,0.04727295001628057,0
R00542,P0120,S04,4,Drug_A,49.0,F,2025-06-29,2025-07-12,13,75.9,18.1,12.8,0.89,1,0,1,ml_multivariate,alt_ast_ratio,0.07451706556746074,-0.07451706556746074,1
R00543,P0648,S09,2,Placebo,52.9,F,2025-04-16,2025-04-17,1,29.9,26.7,11.6,0.73,2,0,0,normal,none,-0.11594220054460175,0.11594220054460175,0
R00544,P0435,S10,2,Drug_B,74.1,M,2025-05-10,2025-05-14,4,32.6,27.8,14.6,1.14,5,0,0,normal,none,-0.04278513656900118,0.04278513656900118,0
R00545,P0345,S10,1,Placebo,55.8,M,2025-05-24,2025-05-28,4,22.3,12.2,14.5,0.8,4,0,0,normal,none,-0.06153867669365892,0.06153867669365892,0
R00546,P0708,S03,4,Drug_A,51.9,F,2025-09-09,2025-09-11,2,40.4,35.0,12.2,0.83,2,0,0,normal,none,-0.11279452632273457,0.11279452632273457,0
R00547,P0534,S07,3,Placebo,74.3,F,2025-08-06,2025-08-15,9,27.4,19.6,11.1,0.95,2,0,0,normal,none,-0.07035481089279422,0.07035481089279422,0
R00548,P0448,S03,1,Drug_B,29.5,M,2025-02-25,2025-02-28,3,24.9,13.3,12.9,0.75,4,0,0,normal,none,-0.043517940970614954,0.043517940970614954,0
R00549,P0710,S07,4,Drug_A,38.8,M,2025-07-08,2025-07-08,0,48.8,31.8,13.5,1.16,2,0,0,normal,none,-0.05407333075977944,0.05407333075977944,0
R00550,P0081,S06,3,Placebo,52.0,M,2025-08-02,2025-08-05,3,47.5,40.7,13.1,0.93,5,0,0,normal,none,-0.05754938899134243,0.05754938899134243,0
R00551,P0058,S09,5,Drug_A,57.6,M,2025-08-22,2025-08-22,0,21.3,17.3,14.5,0.99,2,0,0,normal,none,-0.09286660234092708,0.09286660234092708,0
R00552,P0658,S08,5,Drug_B,60.2,M,2025-05-31,2025-05-31,0,25.1,18.5,14.1,0.96,6,0,0,normal,none,-0.04879377341678309,0.04879377341678309,0
R00553,P0211,S04,2,Placebo,32.3,F,2025-05-11,2025-06-05,25,51.7,40.1,13.6,0.56,2,0,1,both_detectable,delay_plus_labs,0.025880814800180896,-0.025880814800180896,1
R00554,P0182,S09,3,Drug_B,58.2,F,2025-06-02,2025-06-02,0,15.4,12.3,12.7,0.65,2,0,0,normal,none,-0.09963976457711798,0.09963976457711798,0
R00555,P0217,S05,4,Drug_A,31.7,F,2025-09-13,2025-09-16,3,14.0,13.9,11.8,0.82,1,0,0,normal,none,-0.07584517752203873,0.07584517752203873,0
R00556,P0101,S06,3,Drug_B,39.8,M,2025-06-25,2025-06-26,1,21.1,11.4,15.4,0.97,1,0,0,normal,none,-0.06083501002774305,0.06083501002774305,0
R00557,P0185,S01,2,Placebo,71.4,F,2025-03-22,2025-03-27,5,32.4,26.3,14.7,0.9,1,0,0,normal,none,-0.09719879948088705,0.09719879948088705,0
R00558,P0705,S07,3,Drug_B,71.5,F,2025-07-06,2025-07-08,2,27.1,23.9,11.3,0.81,1,0,0,normal,none,-0.10320707048080835,0.10320707048080835,0
R00559,P0171,S02,1,Placebo,54.6,M,2025-02-06,2025-02-13,7,17.4,18.0,13.9,0.96,1,1,0,normal,none,0.02504729532717953,-0.02504729532717953,1
R00560,P0076,S10,3,Drug_B,60.3,M,2025-06-04,2025-06-11,7,34.4,30.5,14.9,0.7,3,0,0,normal,none,-0.08784196560582008,0.08784196560582008,0
R00561,P0521,S08,1,Drug_A,54.0,F,2025-04-06,2025-04-15,9,23.4,20.4,12.0,0.76,1,0,0,normal,none,-0.09440960590862435,0.09440960590862435,0
R00562,P0528,S03,1,Drug_B,52.3,M,2025-06-14,2025-06-19,5,47.3,47.5,12.9,0.87,2,0,0,normal,none,-0.06934555297691636,0.06934555297691636,0
R00563,P0221,S07,1,Drug_B,49.4,F,2025-03-25,2025-03-25,0,17.7,12.4,12.1,0.71,3,0,0,normal,none,-0.08204937912991128,0.08204937912991128,0
R00564,P0223,S06,2,Drug_A,57.9,M,2025-07-07,2025-07-10,3,,17.3,14.6,0.81,6,0,1,both_detectable,missing_plus_queries,0.029611778843834147,-0.029611778843834147,1
R00565,P0597,S03,1,Drug_B,53.3,F,2025-06-14,2025-06-16,2,29.4,28.3,13.7,1.02,1,0,0,normal,none,-0.10685050463744594,0.10685050463744594,0
R00566,P0375,S06,5,Placebo,57.7,M,2025-08-25,2025-08-27,2,21.9,14.8,14.1,0.73,1,0,0,normal,none,-0.09827060819734112,0.09827060819734112,0
R00567,P0481,S08,4,Placebo,42.0,M,2025-09-12,2025-09-17,5,30.5,21.7,13.5,0.87,2,0,0,normal,none,-0.12368728514325406,0.12368728514325406,0
R00568,P0278,S10,4,Drug_A,57.3,M,2025-04-17,2025-04-21,4,23.5,14.6,12.1,0.81,1,0,0,normal,none,-0.11227362778120664,0.11227362778120664,0
R00569,P0256,S02,5,Drug_A,55.4,F,2025-04-23,2025-04-26,3,23.3,21.3,12.0,1.02,1,0,0,normal,none,-0.09995934167376946,0.09995934167376946,0
R00570,P0514,S08,1,Drug_B,78.7,M,2025-04-14,2025-04-17,3,14.7,16.8,14.2,0.96,0,0,0,normal,none,-0.04191896376580884,0.04191896376580884,0
R00571,P0267,S08,1,Placebo,52.2,F,2025-01-05,2025-01-06,1,21.9,15.3,10.7,0.77,3,0,0,normal,none,-0.08082911953312549,0.08082911953312549,0
R00572,P0735,S08,5,Placebo,49.1,M,2025-05-15,2025-05-18,3,39.9,34.9,11.6,1.01,3,0,0,normal,none,-0.07618931165708404,0.07618931165708404,0
R00573,P0435,S10,2,Placebo,53.2,M,2025-07-19,2025-07-22,3,24.6,15.4,15.0,1.08,3,0,0,normal,none,-0.08193730338600458,0.08193730338600458,0
R00574,P0239,S06,5,Drug_B,30.8,M,2025-10-03,2025-10-05,2,17.2,11.8,14.5,0.9,3,0,0,normal,none,-0.06432741568920852,0.06432741568920852,0
R00575,P0048,S02,3,Drug_B,23.6,M,2025-07-05,2025-07-09,4,31.6,30.6,12.7,0.96,4,0,0,normal,none,-0.06444643228448993,0.06444643228448993,0
R00576,P0233,S08,2,Drug_B,56.7,M,2025-04-09,2025-04-11,2,59.5,73.8,14.1,1.16,4,0,0,normal,none,0.03072887636614785,-0.03072887636614785,1
R00577,P0097,S08,4,Drug_B,52.0,M,2025-07-06,2025-07-09,3,19.3,14.8,13.2,0.91,2,0,0,normal,none,-0.12433033992565906,0.12433033992565906,0
R00578,P0133,S04,1,Drug_A,42.4,M,2025-01-28,2025-01-30,2,33.3,31.5,14.3,0.75,1,0,0,normal,none,-0.09710272168522249,0.09710272168522249,0
R00579,P0566,S06,5,Drug_B,28.3,M,2025-05-20,2025-05-23,3,37.8,35.8,14.7,0.93,3,0,0,normal,none,-0.059531827407981464,0.059531827407981464,0
R00580,P0016,S08,3,Drug_A,20.5,M,2025-04-25,2025-04-28,3,39.1,32.6,12.8,1.21,2,0,0,normal,none,-0.03638619667808246,0.03638619667808246,0
R00581,P0054,S02,1,Drug_A,49.7,M,2025-05-28,2025-06-03,6,21.6,17.4,11.8,0.87,0,0,0,normal,none,-0.08673768487085998,0.08673768487085998,0
R00582,P0702,S09,4,Drug_B,75.2,M,2025-08-08,2025-08-08,0,23.7,21.9,14.9,0.63,3,0,0,normal,none,-0.0656164289744382,0.0656164289744382,0
R00583,P0547,S07,4,Drug_A,22.8,F,2025-08-09,2025-08-10,1,36.4,30.0,13.3,0.8,1,0,0,normal,none,-0.06941497347672382,0.06941497347672382,0
R00584,P0145,S03,3,Drug_B,76.5,M,2025-03-22,2025-03-26,4,14.1,14.1,15.9,1.11,1,0,0,normal,none,-0.03034038760937674,0.03034038760937674,0
R00585,P0196,S04,1,Drug_B,76.5,F,2025-06-29,2025-07-02,3,24.2,16.5,11.5,1.09,0,0,0,normal,none,-0.04319215142049748,0.04319215142049748,0
R00586,P0308,S03,3,Drug_B,53.0,M,2025-08-16,2025-08-18,2,23.5,16.7,11.8,1.25,2,0,0,normal,none,-0.08213798457958998,0.08213798457958998,0
R00587,P0427,S08,5,Drug_A,61.2,M,2025-09-09,2025-09-12,3,23.7,21.6,13.1,1.12,3,0,0,normal,none,-0.08876604823303291,0.08876604823303291,0
R00588,P0028,S10,1,Drug_A,62.9,F,2025-05-29,2025-06-02,4,15.9,8.0,12.8,0.89,2,0,0,normal,none,-0.05041032920377947,0.05041032920377947,0
R00589,P0370,S09,4,Drug_A,34.5,F,2025-07-07,2025-07-07,0,23.4,28.5,12.7,0.9,1,0,0,normal,none,-0.08491007455311234,0.08491007455311234,0
R00590,P0437,S02,1,Placebo,75.0,M,2025-05-26,2025-05-28,2,12.0,8.0,15.4,1.09,1,0,0,normal,none,-0.0069616320998596715,0.0069616320998596715,0
R00591,P0015,S01,5,Drug_B,45.4,M,2025-07-22,2025-07-26,4,22.3,14.3,13.8,1.22,4,0,0,normal,none,-0.046696824096929546,0.046696824096929546,0
R00592,P0032,S09,4,Drug_B,62.2,M,2025-07-20,2025-07-20,0,31.0,24.1,13.5,1.17,1,0,0,normal,none,-0.0948990487275585,0.0948990487275585,0
R00593,P0312,S04,3,Drug_B,62.8,F,2025-05-10,2025-05-10,0,17.2,16.6,12.6,0.7,1,0,0,normal,none,-0.107642409911759,0.107642409911759,0
R00594,P0339,S09,3,Drug_A,51.8,F,2025-05-26,2025-05-26,0,29.6,24.6,11.5,0.61,2,0,0,normal,none,-0.10952848768254736,0.10952848768254736,0
R00595,P0198,S05,2,Placebo,51.0,M,2025-03-23,2025-03-29,6,20.7,17.8,13.8,0.96,0,0,0,normal,none,-0.10251086305365664,0.10251086305365664,0
R00596,P0313,S08,1,Placebo,46.9,F,2025-03-06,2025-03-11,5,24.0,10.0,12.7,0.7,0,0,0,normal,none,-0.032890206701498614,0.032890206701498614,0
R00597,P0123,S03,2,Placebo,33.0,F,2025-05-06,2025-05-08,2,22.8,20.7,13.3,0.79,4,0,0,normal,none,-0.0947433033670908,0.0947433033670908,0
R00598,P0548,S03,4,Placebo,29.7,M,2025-04-02,2025-04-04,2,40.5,37.2,14.8,0.84,0,0,0,normal,none,-0.05731433093018501,0.05731433093018501,0
R00599,P0708,S03,5,Drug_B,36.9,F,2025-08-09,2025-08-11,2,15.6,19.4,11.9,0.73,4,0,0,normal,none,-0.04325100440645141,0.04325100440645141,0
R00600,P0464,S05,4,Drug_A,49.3,M,2025-04-07,2025-04-14,7,14.5,9.8,14.6,1.03,1,0,0,normal,none,-0.06756545092920813,0.06756545092920813,0
R00601,P0036,S03,4,Drug_B,77.0,F,2025-05-20,2025-05-23,3,25.4,18.0,12.9,0.86,2,0,0,normal,none,-0.09684629554672675,0.09684629554672675,0
R00602,P0582,S09,1,Drug_B,50.0,M,2025-05-02,2025-05-02,0,31.3,24.7,13.2,0.83,3,0,0,normal,none,-0.10731260678662907,0.10731260678662907,0
R00603,P0481,S08,4,Drug_A,37.2,F,2025-05-11,2025-05-12,1,33.3,44.3,12.3,0.85,0,0,0,normal,none,-0.049771083991989484,0.049771083991989484,0
R00604,P0339,S09,2,Placebo,59.2,F,2025-05-20,2025-05-21,1,18.3,15.5,13.0,0.82,4,0,0,normal,none,-0.09809432248680278,0.09809432248680278,0
R00605,P0262,S05,5,Drug_B,44.9,M,2025-06-24,2025-06-29,5,27.2,22.5,14.1,0.87,0,0,0,normal,none,-0.09452006696782644,0.09452006696782644,0
R00606,P0094,S10,5,Drug_B,50.6,M,2025-05-22,2025-05-26,4,25.2,16.9,12.4,1.04,1,0,0,normal,none,-0.09492903547912723,0.09492903547912723,0
R00607,P0552,S08,2,Drug_A,81.5,M,2025-04-15,2025-05-25,40,13.9,17.4,12.2,1.09,2,0,1,rule_detectable,excessive_entry_delay,0.044958698059763824,-0.044958698059763824,1
R00608,P0483,S06,2,Drug_B,47.3,M,2025-07-23,2025-07-26,3,20.1,10.3,12.9,0.7,0,0,0,normal,none,-0.07299161200612436,0.07299161200612436,0
R00609,P0573,S07,5,Placebo,42.7,M,2025-08-21,2025-08-23,2,24.8,20.3,15.3,0.6,0,0,0,normal,none,-0.05615240658915782,0.05615240658915782,0
R00610,P0116,S02,3,Drug_A,48.3,M,2025-04-15,2025-04-18,3,43.2,50.4,15.7,0.76,2,1,0,normal,none,0.06302647006731477,-0.06302647006731477,1
R00611,P0624,S06,5,Drug_B,80.7,M,2025-05-18,2025-05-24,6,33.2,18.2,12.6,0.93,5,0,0,normal,none,-0.018749599741056056,0.018749599741056056,0
R00612,P0092,S03,5,Drug_A,36.5,F,2025-06-10,2025-06-14,4,31.5,36.7,10.9,0.9,3,0,0,normal,none,-0.047543469330217636,0.047543469330217636,0
R00613,P0199,S03,1,Drug_A,52.1,F,2025-04-17,2025-04-19,2,30.7,21.8,12.4,1.11,3,0,0,normal,none,-0.08573459471358791,0.08573459471358791,0
R00614,P0109,S06,5,Drug_B,44.9,F,2025-10-12,2025-10-15,3,14.9,8.0,12.2,1.08,1,0,0,normal,none,-0.03804772857154204,0.03804772857154204,0
R00615,P0402,S02,3,Drug_A,61.8,M,2025-07-20,2025-07-24,4,28.3,24.3,13.3,1.28,3,0,0,normal,none,-0.07851397956679973,0.07851397956679973,0
R00616,P0566,S06,1,Drug_A,52.5,M,2025-03-26,2025-04-02,7,28.4,26.3,12.9,1.19,6,0,0,normal,none,-0.02216260583634605,0.02216260583634605,0
R00617,P0268,S02,3,Drug_B,38.3,M,2025-07-31,2025-08-04,4,38.3,36.7,15.0,1.17,0,0,0,normal,none,-0.04557498662907261,0.04557498662907261,0
R00618,P0379,S06,2,Drug_A,62.3,M,2025-03-17,2025-03-20,3,21.0,15.3,13.5,1.07,7,1,1,ml_multivariate,query_delay_site_pattern,0.0727679392195284,-0.0727679392195284,1
R00619,P0672,S03,5,Drug_B,45.4,F,2025-05-08,2025-05-10,2,37.2,27.1,12.6,1.24,0,0,0,normal,none,-0.04667841043764814,0.04667841043764814,0
R00620,P0624,S06,5,Drug_B,40.6,M,2025-05-24,2025-06-03,10,41.1,34.4,13.1,1.05,0,0,0,normal,none,-0.044040033857975114,0.044040033857975114,0
R00621,P0009,S10,2,Placebo,43.8,M,2025-05-15,2025-05-17,2,25.8,20.0,13.5,0.53,1,0,0,normal,none,-0.09980933473493098,0.09980933473493098,0
R00622,P0705,S07,4,Drug_B,41.3,F,2025-04-03,2025-04-03,0,26.4,22.8,12.7,0.91,0,0,0,normal,none,-0.10078640898258034,0.10078640898258034,0
R00623,P0587,S09,4,Drug_A,46.8,M,2025-08-10,2025-08-10,0,29.7,25.2,15.0,0.97,1,0,0,normal,none,-0.10304490343225986,0.10304490343225986,0
R00624,P0030,S05,4,Drug_B,53.0,F,2025-04-04,2025-04-09,5,30.3,22.0,13.6,0.68,0,0,0,normal,none,-0.10842858613971373,0.10842858613971373,0
R00625,P0116,S02,2,Placebo,36.9,F,2025-02-24,2025-03-03,7,29.8,31.5,12.5,1.05,2,0,0,normal,none,-0.08819473880063072,0.08819473880063072,0
R00626,P0559,S03,3,Placebo,46.9,M,2025-04-21,2025-04-29,8,34.4,25.4,16.6,0.83,0,1,0,normal,none,0.0581274932330077,-0.0581274932330077,1
R00627,P0075,S10,5,Drug_B,47.7,F,2025-08-06,2025-08-07,1,33.4,19.8,13.0,0.91,0,0,0,normal,none,-0.07974698196710372,0.07974698196710372,0
R00628,P0322,S05,2,Drug_A,43.0,F,2025-04-25,2025-04-28,3,25.4,20.9,13.1,0.98,2,0,0,normal,none,-0.12308665459125934,0.12308665459125934,0
R00629,P0667,S07,4,Drug_A,72.5,M,2025-03-28,2025-03-28,0,25.5,21.2,13.9,0.95,1,1,0,normal,none,0.018134493572353638,-0.018134493572353638,1
R00630,P0080,S06,4,Drug_A,53.3,F,2025-06-06,2025-06-10,4,15.4,10.7,12.0,0.76,3,0,0,normal,none,-0.09182702003919602,0.09182702003919602,0
R00631,P0654,S08,4,Drug_A,70.8,M,2025-08-31,2025-09-03,3,26.2,15.2,12.6,1.04,3,0,0,normal,none,-0.07919115960287088,0.07919115960287088,0
R00632,P0222,S03,3,Drug_A,29.2,F,2025-04-02,2025-04-07,5,32.2,26.5,13.3,0.7,1,0,0,normal,none,-0.09749239162611689,0.09749239162611689,0
R00633,P0550,S04,3,Drug_B,85.0,F,2025-04-07,2025-04-08,1,30.8,28.2,11.2,0.87,1,0,0,normal,none,-0.06489155409969372,0.06489155409969372,0
R00634,P0045,S06,1,Drug_B,40.4,F,2025-04-20,2025-04-27,7,,8.0,10.3,0.62,6,0,1,both_detectable,missing_plus_queries,0.09268372806571767,-0.09268372806571767,1
R00635,P0306,S08,4,Drug_A,58.5,F,2025-06-01,2025-06-04,3,32.3,29.4,12.4,0.95,0,0,0,normal,none,-0.10536794004941186,0.10536794004941186,0
R00636,P0538,S07,3,Drug_A,28.5,F,2025-08-12,2025-08-12,0,62.5,49.0,10.0,1.39,3,0,1,ml_multivariate,lab_profile,0.06742962025613053,-0.06742962025613053,1
R00637,P0063,S05,2,Drug_A,42.4,F,2025-07-30,2025-07-31,1,17.4,15.5,11.6,0.79,4,0,0,normal,none,-0.08201057769216058,0.08201057769216058,0
R00638,P0240,S02,1,Placebo,46.6,F,2025-02-18,2025-02-25,7,21.4,18.8,11.5,0.87,0,0,0,normal,none,-0.07532750766582896,0.07532750766582896,0
R00639,P0285,S01,3,Drug_A,46.4,M,2025-05-24,2025-05-29,5,20.0,16.1,13.4,1.19,0,0,0,normal,none,-0.08379008717181052,0.08379008717181052,0
R00640,P0726,S05,4,Drug_A,47.2,F,2025-07-08,2025-07-12,4,32.1,29.7,12.2,0.99,0,0,0,normal,none,-0.1030243570427225,0.1030243570427225,0
R00641,P0057,S06,1,Drug_A,50.2,F,2025-01-08,2025-01-10,2,16.0,16.6,14.0,0.45,2,0,0,normal,none,-0.0549608064002714,0.0549608064002714,0
R00642,P0375,S06,4,Drug_B,50.8,M,2025-08-27,2025-08-28,1,24.4,32.5,13.8,0.85,2,0,0,normal,none,-0.09774086449643682,0.09774086449643682,0
R00643,P0075,S10,5,Drug_B,49.6,M,2025-08-08,2025-08-12,4,40.6,33.6,13.3,0.81,4,0,0,normal,none,-0.08140474728864344,0.08140474728864344,0
R00644,P0674,S08,2,Drug_B,75.2,M,2025-06-25,2025-07-01,6,21.5,16.0,13.6,0.56,1,0,0,normal,none,-0.08136577202362838,0.08136577202362838,0
R00645,P0697,S03,3,Drug_B,63.3,F,2025-04-15,2025-04-24,9,15.0,10.8,14.8,1.07,2,0,0,normal,none,-0.05959593588963957,0.05959593588963957,0
R00646,P0578,S08,5,Placebo,60.9,M,2025-09-12,2025-09-14,2,29.1,27.7,13.9,0.67,7,1,0,normal,none,0.06909848051580358,-0.06909848051580358,1
R00647,P0691,S09,2,Placebo,75.4,F,2025-05-26,2025-05-26,0,9.1,8.0,11.0,1.07,1,0,0,normal,none,-0.009876531436186664,0.009876531436186664,0
R00648,P0493,S07,4,Drug_A,55.3,M,2025-09-04,2025-09-04,0,31.2,32.5,16.8,0.79,0,0,0,normal,none,-0.045398990304680864,0.045398990304680864,0
R00649,P0726,S05,4,Placebo,54.7,F,2025-06-27,2025-06-27,0,13.8,9.5,13.2,0.6,1,0,0,normal,none,-0.08123965265785799,0.08123965265785799,0
R00650,P0666,S05,2,Drug_B,47.4,M,2025-05-20,2025-05-23,3,13.7,15.9,14.2,1.06,0,0,0,normal,none,-0.06854343454992817,0.06854343454992817,0
R00651,P0352,S06,3,Placebo,42.2,M,2025-08-10,2025-08-18,8,24.9,22.6,11.3,0.88,4,0,0,normal,none,-0.07738094619471547,0.07738094619471547,0
R00652,P0649,S01,2,Placebo,75.7,F,2025-05-11,2025-05-13,2,23.7,27.2,12.2,0.54,0,0,0,normal,none,-0.05190005999185571,0.05190005999185571,0
R00653,P0740,S03,4,Drug_B,45.2,M,2025-09-16,2025-09-19,3,40.4,29.0,15.1,0.89,2,0,0,normal,none,-0.0973041765673196,0.0973041765673196,0
R00654,P0622,S09,3,Drug_A,56.8,F,2025-04-17,2025-04-20,3,21.6,16.3,13.7,1.18,1,0,0,normal,none,-0.10296738144579992,0.10296738144579992,0
R00655,P0694,S10,5,Placebo,41.4,F,2025-06-17,2025-06-26,9,13.3,15.0,13.2,0.93,2,0,0,normal,none,-0.06070350249040346,0.06070350249040346,0
R00656,P0275,S08,3,Drug_B,35.8,F,2025-04-13,2025-04-15,2,15.9,23.0,11.5,0.89,2,0,0,normal,none,-0.07204042806990302,0.07204042806990302,0
R00657,P0214,S02,5,Drug_B,83.8,F,2025-08-18,2025-08-22,4,33.4,24.5,11.4,0.84,2,0,0,normal,none,-0.04482074757590382,0.04482074757590382,0
R00658,P0629,S08,2,Drug_B,52.2,F,2025-05-24,2025-05-23,-1,23.2,16.9,10.4,0.81,9,0,1,both_detectable,date_plus_queries,0.008706910068718599,-0.008706910068718599,1
R00659,P0053,S09,5,Drug_B,50.2,M,2025-05-16,2025-05-16,0,16.9,18.1,15.6,0.84,3,0,0,normal,none,-0.055407319059142035,0.055407319059142035,0
R00660,P0470,S03,5,Drug_B,60.0,F,2025-09-27,2025-09-28,1,45.0,41.7,12.2,0.75,2,0,0,normal,none,-0.062177412748473215,0.062177412748473215,0
R00661,P0589,S04,3,Drug_B,67.6,M,2025-06-09,2025-06-11,2,22.0,23.1,13.2,1.08,0,0,0,normal,none,-0.08992170788963988,0.08992170788963988,0
R00662,P0628,S04,1,Drug_A,49.7,M,2025-05-18,2025-05-18,0,31.5,21.1,14.2,1.22,5,1,0,normal,none,0.07633572296997859,-0.07633572296997859,1
R00663,P0073,S09,5,Drug_A,33.0,M,2025-04-28,2025-04-28,0,18.1,13.3,14.2,1.29,4,0,0,normal,none,-0.009281741041477665,0.009281741041477665,0
R00664,P0707,S01,5,Placebo,60.1,M,2025-07-31,2025-08-07,7,15.0,12.3,15.1,1.07,0,0,0,normal,none,-0.04029319534900516,0.04029319534900516,0
R00665,P0560,S07,5,Drug_B,31.9,F,2025-07-22,2025-07-24,2,39.9,32.2,13.4,0.67,2,0,0,normal,none,-0.07253030595422627,0.07253030595422627,0
R00666,P0185,S01,4,Drug_A,44.0,F,2025-08-10,2025-08-11,1,19.2,18.0,13.7,0.62,2,0,0,normal,none,-0.10400379396017151,0.10400379396017151,0
R00667,P0603,S05,5,Placebo,35.9,F,2025-06-11,2025-06-12,1,21.0,16.3,13.2,0.86,5,0,0,normal,none,-0.062466728011012995,0.062466728011012995,0
R00668,P0367,S01,3,Placebo,51.2,M,2025-06-15,2025-06-20,5,30.1,34.8,13.5,0.77,1,0,0,normal,none,-0.1126883545969089,0.1126883545969089,0
R00669,P0644,S04,1,Drug_B,48.8,F,2025-05-16,2025-05-22,6,23.1,23.4,13.4,0.97,3,0,0,normal,none,-0.10147720536648919,0.10147720536648919,0
R00670,P0713,S07,2,Placebo,70.9,M,2025-02-04,2025-02-04,0,32.7,24.9,14.8,0.9,0,0,0,normal,none,-0.07266421269477036,0.07266421269477036,0
R00671,P0702,S09,2,Drug_A,46.3,F,2025-06-26,2025-06-28,2,26.0,16.7,14.3,1.04,0,0,0,normal,none,-0.08463958525339466,0.08463958525339466,0
R00672,P0378,S05,4,Drug_A,59.0,M,2025-07-04,2025-07-07,3,32.6,21.1,13.9,0.97,4,0,0,normal,none,-0.09555777680366978,0.09555777680366978,0
R00673,P0577,S02,2,Drug_A,55.0,M,2025-05-24,2025-05-29,5,16.5,16.1,12.9,0.9,2,0,0,normal,none,-0.11510062619592504,0.11510062619592504,0
R00674,P0026,S02,2,Drug_A,50.9,F,2025-07-26,2025-07-29,3,95.0,90.0,13.9,0.76,2,0,0,normal,none,0.03258104122849903,-0.03258104122849903,1
R00675,P0545,S09,3,Drug_B,54.9,F,2025-06-12,2025-06-12,0,39.8,30.7,12.2,0.65,2,0,0,normal,none,-0.1034767499873967,0.1034767499873967,0
R00676,P0163,S01,2,Drug_A,51.7,M,2025-06-13,2025-06-14,1,17.2,13.2,13.0,0.86,2,0,0,normal,none,-0.11637603416042092,0.11637603416042092,0
R00677,P0345,S10,3,Drug_A,70.4,F,2025-07-26,2025-08-01,6,11.8,17.6,12.5,0.71,3,0,0,normal,none,-0.05421467983337308,0.05421467983337308,0
R00678,P0036,S03,2,Drug_A,22.2,M,2025-02-03,2025-02-04,1,11.7,11.5,14.3,0.58,1,0,0,normal,none,-0.019900172769938662,0.019900172769938662,0
R00679,P0650,S01,4,Drug_A,45.4,M,2025-05-29,2025-05-31,2,35.6,26.1,12.0,1.09,0,0,0,normal,none,-0.08521827194686954,0.08521827194686954,0
R00680,P0312,S04,3,Placebo,69.0,F,2025-04-06,2025-04-09,3,30.5,28.6,13.2,0.73,1,0,0,normal,none,-0.11441755269575249,0.11441755269575249,0
R00681,P0448,S03,5,Drug_B,49.0,M,2025-10-01,2025-10-06,5,27.5,30.7,14.3,1.07,4,0,0,normal,none,-0.06592683538185601,0.06592683538185601,0
R00682,P0511,S06,2,Drug_B,57.1,F,2025-02-22,2025-03-10,16,30.8,22.0,12.6,0.69,3,0,0,normal,none,-0.0657120609073869,0.0657120609073869,0
R00683,P0044,S01,3,Placebo,18.0,F,2025-07-27,2025-07-29,2,18.1,8.0,12.4,0.64,3,0,0,normal,none,-0.0019465898684349892,0.0019465898684349892,0
R00684,P0247,S10,1,Drug_A,66.7,F,2025-01-07,2025-01-13,6,22.1,21.9,12.7,0.88,5,0,0,normal,none,-0.06115732517175537,0.06115732517175537,0
R00685,P0445,S09,4,Placebo,71.5,M,2025-05-09,2025-05-10,1,26.3,21.9,13.1,0.82,2,0,0,normal,none,-0.11202194659901682,0.11202194659901682,0
R00686,P0530,S02,3,Drug_B,75.5,F,2025-03-22,2025-03-26,4,19.3,14.5,12.8,0.81,3,0,0,normal,none,-0.09156025371470788,0.09156025371470788,0
R00687,P0364,S06,3,Drug_A,61.6,F,2025-03-20,2025-03-23,3,53.4,30.2,11.6,1.04,3,0,0,normal,none,-0.05010520359037485,0.05010520359037485,0
R00688,P0008,S06,2,Drug_A,41.9,M,2025-05-06,2025-05-10,4,47.9,41.5,11.3,0.94,1,0,0,normal,none,-0.07342283267955224,0.07342283267955224,0
R00689,P0490,S07,1,Drug_A,45.6,M,2025-04-12,2025-04-12,0,18.0,8.0,12.7,1.04,2,0,0,normal,none,-0.032834877495588055,0.032834877495588055,0
R00690,P0316,S04,4,Drug_A,71.9,F,2025-07-11,2025-07-16,5,28.8,13.1,12.2,0.72,1,0,0,normal,none,-0.06066018856272387,0.06066018856272387,0
R00691,P0299,S05,5,Placebo,70.4,M,2025-08-20,2025-08-23,3,31.0,18.4,14.8,1.49,1,1,0,normal,none,0.07079365973214236,-0.07079365973214236,1
R00692,P0251,S05,5,Drug_B,46.0,F,2025-07-19,2025-07-25,6,18.2,9.3,13.8,0.69,3,0,0,normal,none,-0.05115035106250493,0.05115035106250493,0
R00693,P0702,S09,3,Placebo,52.5,F,2025-05-27,2025-05-27,0,18.4,17.4,10.8,0.72,0,0,0,normal,none,-0.08372148342452368,0.08372148342452368,0
R00694,P0501,S06,2,Drug_B,68.9,F,2025-06-11,2025-06-15,4,29.0,32.8,12.0,0.84,1,0,0,normal,none,-0.09699432199187674,0.09699432199187674,0
R00695,P0546,S01,5,Drug_A,45.2,F,2025-07-22,2025-07-26,4,13.2,9.8,12.9,0.8,5,0,0,normal,none,-0.043658715605527754,0.043658715605527754,0
R00696,P0199,S03,4,Drug_A,37.0,M,2025-04-02,2025-04-08,6,15.2,16.4,14.2,1.1,2,0,0,normal,none,-0.06993881667019897,0.06993881667019897,0
R00697,P0404,S02,5,Drug_A,53.5,M,2025-08-03,2025-08-06,3,36.6,31.0,15.1,0.96,2,0,0,normal,none,-0.08831027509408051,0.08831027509408051,0
R00698,P0582,S09,3,Placebo,43.2,M,2025-04-26,2025-04-27,1,16.4,17.0,14.5,1.02,1,0,0,normal,none,-0.09344556925447473,0.09344556925447473,0
R00699,P0374,S01,5,Drug_A,59.9,F,2025-09-28,2025-09-30,2,19.7,14.9,13.2,0.95,2,0,0,normal,none,-0.1036119566081462,0.1036119566081462,0
R00700,P0557,S06,2,Drug_B,68.7,F,2025-07-03,2025-07-07,4,31.3,33.2,12.6,0.45,0,0,0,normal,none,-0.0499779438648687,0.0499779438648687,0
R00701,P0622,S09,4,Placebo,59.7,M,2025-08-15,2025-08-16,1,70.5,71.3,12.3,1.09,0,0,0,normal,none,0.04420926601681052,-0.04420926601681052,1
R00702,P0015,S01,3,Drug_A,53.9,F,2025-04-20,2025-04-22,2,12.5,12.3,13.3,1.0,4,0,0,normal,none,-0.07197101634891723,0.07197101634891723,0
R00703,P0569,S07,2,Placebo,47.2,F,2025-04-08,2025-04-13,5,58.5,77.3,12.4,0.84,2,0,0,normal,none,0.0062721650904369874,-0.0062721650904369874,1
R00704,P0338,S10,4,Drug_B,70.5,F,2025-09-14,2025-09-17,3,26.9,20.0,12.8,0.55,2,0,0,normal,none,-0.09734925864497279,0.09734925864497279,0
R00705,P0735,S08,4,Drug_B,49.3,F,2025-09-17,2025-09-22,5,20.6,16.0,11.2,0.49,3,0,0,normal,none,-0.07074523342756633,0.07074523342756633,0
R00706,P0170,S02,3,Drug_B,37.6,F,2025-04-03,2025-04-05,2,38.0,33.8,11.5,0.8,2,0,0,normal,none,-0.10235152542013493,0.10235152542013493,0
R00707,P0617,S04,3,Drug_A,85.0,F,2025-04-19,2025-04-20,1,13.7,11.7,12.6,0.84,1,0,0,normal,none,-0.05783131208483944,0.05783131208483944,0
R00708,P0725,S03,3,Drug_A,51.2,F,2025-08-21,2025-08-27,6,55.5,44.8,14.2,0.91,0,1,0,normal,none,0.051234299310126685,-0.051234299310126685,1
R00709,P0713,S07,3,Drug_A,31.9,M,2025-05-07,2025-05-13,6,15.7,11.6,14.8,1.22,0,0,0,normal,none,-0.02373117518281659,0.02373117518281659,0
R00710,P0433,S03,1,Placebo,39.9,M,2025-02-08,2025-02-11,3,26.4,16.3,13.2,1.25,1,0,0,normal,none,-0.05386220455463453,0.05386220455463453,0
R00711,P0488,S08,2,Drug_A,72.3,F,2025-07-07,2025-07-16,9,24.2,13.4,14.0,0.96,3,0,0,normal,none,-0.058762764676341894,0.058762764676341894,0
R00712,P0747,S02,5,Drug_A,63.4,F,2025-07-03,2025-07-06,3,34.4,35.5,12.7,0.85,1,0,0,normal,none,-0.08450357223428961,0.08450357223428961,0
R00713,P0260,S02,5,Placebo,39.6,M,2025-09-21,2025-09-23,2,32.1,27.7,12.8,1.23,2,0,0,normal,none,-0.06488662313322685,0.06488662313322685,0
R00714,P0458,S10,1,Drug_A,62.3,F,2025-04-24,2025-04-29,5,15.2,14.9,14.2,0.83,3,0,0,normal,none,-0.07991705847002539,0.07991705847002539,0
R00715,P0139,S05,5,Drug_B,75.6,M,2025-06-28,2025-06-30,2,49.0,47.3,13.3,0.79,2,0,0,normal,none,-0.034607039603715584,0.034607039603715584,0
R00716,P0149,S01,4,Placebo,36.3,F,2025-09-14,2025-09-23,9,38.0,41.6,11.8,0.77,2,0,0,normal,none,-0.06421005132887997,0.06421005132887997,0
R00717,P0370,S09,2,Placebo,61.6,F,2025-03-16,2025-03-16,0,24.2,19.0,12.1,0.59,2,0,0,normal,none,-0.10044354607201966,0.10044354607201966,0
R00718,P0198,S05,2,Drug_A,55.1,F,2025-04-23,2025-04-30,7,26.0,26.5,13.6,0.99,1,0,0,normal,none,-0.10572944152781755,0.10572944152781755,0
R00719,P0688,S02,1,Placebo,18.0,F,2025-04-08,2025-04-10,2,24.0,24.2,11.6,0.81,0,0,0,normal,none,-0.03638041134006781,0.03638041134006781,0
R00720,P0044,S01,1,Drug_A,66.4,M,2025-02-17,2025-02-21,4,28.1,31.3,14.1,0.8,3,0,0,normal,none,-0.08426023674335731,0.08426023674335731,0
R00721,P0472,S06,4,Drug_A,50.2,F,2025-04-22,2025-04-30,8,29.2,13.0,13.1,0.66,1,0,0,normal,none,-0.05855430388654459,0.05855430388654459,0
R00722,P0338,S10,5,Drug_B,76.6,F,2025-10-05,2025-10-11,6,23.0,14.9,12.2,0.52,2,1,0,normal,none,0.05958889387269617,-0.05958889387269617,1
R00723,P0141,S07,5,Placebo,38.9,F,2025-06-20,2025-06-20,0,36.6,31.0,12.2,0.76,1,0,0,normal,none,-0.07970333358662357,0.07970333358662357,0
R00724,P0289,S03,5,Drug_A,61.4,M,2025-05-12,2025-05-14,2,42.3,40.9,15.7,0.9,3,0,0,normal,none,-0.04453094623604076,0.04453094623604076,0
R00725,P0270,S05,3,Drug_B,41.0,M,2025-08-14,2025-08-17,3,37.7,29.7,13.1,1.16,1,0,0,normal,none,-0.09383462871244264,0.09383462871244264,0
R00726,P0338,S10,4,Placebo,62.0,M,2025-07-15,2025-07-24,9,20.9,13.9,12.4,1.05,2,0,0,normal,none,-0.07925799784977272,0.07925799784977272,0
R00727,P0020,S04,4,Drug_B,64.9,F,2025-09-22,2025-09-27,5,24.4,20.5,13.4,1.0,2,0,0,normal,none,-0.11630834684108049,0.11630834684108049,0
R00728,P0482,S10,1,Drug_B,38.0,M,2025-01-05,2025-01-12,7,16.0,12.6,13.9,1.17,2,0,0,normal,none,-0.055306295456181265,0.055306295456181265,0
R00729,P0693,S02,3,Drug_A,47.9,F,2025-08-01,2025-08-10,9,45.5,49.7,11.8,0.78,4,0,0,normal,none,-0.03754616787802462,0.03754616787802462,0
R00730,P0424,S05,4,Drug_B,71.6,M,2025-05-22,2025-06-04,13,20.0,14.6,14.4,0.67,2,0,0,normal,none,-0.049961208934450496,0.049961208934450496,0
R00731,P0151,S04,5,Drug_B,60.4,F,2025-06-29,2025-07-04,5,16.7,11.9,12.1,0.89,2,0,0,normal,none,-0.08570165984255007,0.08570165984255007,0
R00732,P0192,S07,1,Drug_A,36.8,F,2025-04-26,2025-04-28,2,33.8,22.6,11.1,0.65,1,0,0,normal,none,-0.06608078360062114,0.06608078360062114,0
R00733,P0489,S01,3,Drug_B,60.7,M,2025-03-27,2025-03-30,3,11.8,8.0,14.2,0.73,1,0,0,normal,none,-0.07439373366522922,0.07439373366522922,0
R00734,P0328,S04,1,Drug_A,32.9,F,2025-03-12,2025-03-12,0,60.9,14.9,14.4,0.92,2,0,1,ml_multivariate,alt_ast_ratio,0.06532957594688871,-0.06532957594688871,1
R00735,P0110,S03,5,Placebo,47.8,F,2025-09-30,2025-10-02,2,25.3,24.2,11.6,0.51,2,0,0,normal,none,-0.07655216726408187,0.07655216726408187,0
R00736,P0220,S01,4,Placebo,54.0,M,2025-07-21,2025-07-26,5,21.7,22.7,12.7,0.85,3,0,0,normal,none,-0.11638700537356561,0.11638700537356561,0
R00737,P0314,S01,5,Placebo,33.3,F,2025-09-01,2025-09-05,4,49.9,40.8,13.4,0.64,1,0,0,normal,none,-0.04482101293472063,0.04482101293472063,0
R00738,P0134,S05,1,Drug_B,58.9,F,2025-06-22,2025-06-25,3,13.4,9.4,12.4,0.77,2,0,0,normal,none,-0.08250977922462438,0.08250977922462438,0
R00739,P0068,S08,4,Placebo,77.5,M,2025-04-16,2025-04-17,1,26.6,23.1,15.3,1.04,3,0,0,normal,none,-0.057213186360872303,0.057213186360872303,0
R00740,P0570,S05,5,Drug_B,62.4,F,2025-10-18,2025-10-18,0,18.5,12.4,12.2,0.75,0,0,0,normal,none,-0.07212879745137174,0.07212879745137174,0
R00741,P0263,S09,1,Drug_B,43.5,F,2025-06-11,2025-06-12,1,23.0,25.1,13.8,0.54,2,0,0,normal,none,-0.07999797035191136,0.07999797035191136,0
R00742,P0562,S02,1,Placebo,48.3,M,2025-01-01,2025-01-12,11,14.3,16.4,15.6,1.16,2,0,0,normal,none,-0.002272714123675801,0.002272714123675801,0
R00743,P0716,S07,3,Drug_A,74.8,M,2025-08-03,2025-08-03,0,20.1,17.8,13.6,0.66,1,0,0,normal,none,-0.09346639856390254,0.09346639856390254,0
R00744,P0704,S05,2,Drug_A,60.0,F,2025-07-23,2025-07-27,4,19.4,11.8,10.3,0.54,4,0,0,normal,none,-0.030014106942844676,0.030014106942844676,0
R00745,P0699,S06,4,Placebo,52.0,M,2025-08-04,2025-08-07,3,27.5,23.8,12.9,0.79,1,0,0,normal,none,-0.1319696875604794,0.1319696875604794,0
R00746,P0139,S05,3,Placebo,35.3,F,2025-06-20,2025-06-24,4,33.1,34.4,11.1,0.89,4,0,0,normal,none,-0.06860459755354198,0.06860459755354198,0
R00747,P0676,S10,3,Placebo,72.8,M,2025-07-15,2025-07-16,1,41.6,31.2,12.2,0.88,3,1,0,normal,none,0.038719295564811795,-0.038719295564811795,1
R00748,P0638,S10,2,Drug_B,54.6,F,2025-07-04,2025-07-08,4,35.1,38.4,12.7,0.77,3,0,0,normal,none,-0.09778608551780016,0.09778608551780016,0
R00749,P0044,S01,5,Placebo,40.1,M,2025-06-04,2025-06-06,2,61.9,64.3,15.7,0.79,0,0,0,normal,none,0.054499747732811965,-0.054499747732811965,1
R00750,P0030,S05,5,Drug_A,27.4,F,2025-06-29,2025-06-29,0,31.4,31.1,11.5,0.85,3,0,0,normal,none,-0.04420904734567982,0.04420904734567982,0
R00751,P0250,S06,3,Drug_A,69.0,M,2025-03-01,2025-03-02,1,32.3,31.8,14.6,1.04,1,0,0,normal,none,-0.08472509207325729,0.08472509207325729,0
R00752,P0455,S08,3,Drug_B,48.4,M,2025-07-28,2025-08-01,4,24.3,19.0,12.3,0.81,1,0,0,normal,none,-0.12888054082316858,0.12888054082316858,0
R00753,P0582,S09,2,Drug_A,55.7,F,2025-07-02,2025-07-02,0,31.0,32.3,12.0,0.93,0,0,0,normal,none,-0.0892558485256904,0.0892558485256904,0
R00754,P0524,S05,3,Drug_A,43.7,M,2025-04-27,2025-05-01,4,22.3,11.1,14.5,0.89,1,0,0,normal,none,-0.08425457511625001,0.08425457511625001,0
R00755,P0221,S07,3,Drug_A,31.7,M,2025-03-02,2025-03-05,3,16.4,16.7,12.7,0.98,1,0,0,normal,none,-0.09054820350186599,0.09054820350186599,0
R00756,P0203,S10,1,Drug_B,52.9,M,2025-02-23,2025-02-28,5,26.5,27.3,11.7,1.28,2,0,0,normal,none,-0.057138118674522675,0.057138118674522675,0
R00757,P0229,S04,3,Placebo,71.8,M,2025-05-18,2025-05-19,1,24.0,19.5,15.5,1.02,1,0,0,normal,none,-0.08414431821483559,0.08414431821483559,0
R00758,P0544,S03,5,Placebo,55.9,F,2025-08-30,2025-09-14,15,30.5,23.1,10.9,1.0,1,0,0,normal,none,-0.042096772018403006,0.042096772018403006,0
R00759,P0744,S07,3,Drug_B,58.5,F,2025-04-21,2025-04-22,1,21.5,15.6,14.1,0.45,1,0,0,normal,none,-0.08269046292429166,0.08269046292429166,0
R00760,P0407,S04,4,Drug_A,63.3,M,2025-05-08,2025-05-15,7,24.6,25.8,13.5,0.68,2,0,0,normal,none,-0.09885739482259914,0.09885739482259914,0
R00761,P0037,S01,3,Drug_A,60.7,M,2025-06-12,2025-06-22,10,31.3,30.8,14.0,1.11,2,0,0,normal,none,-0.07807832919433177,0.07807832919433177,0
R00762,P0701,S01,2,Drug_B,63.3,F,2025-06-10,2025-06-16,6,31.6,23.9,12.4,0.84,0,0,0,normal,none,-0.10260541378376847,0.10260541378376847,0
R00763,P0602,S10,4,Drug_B,58.1,F,2025-08-22,2025-08-27,5,9.9,8.0,13.0,0.65,1,0,0,normal,none,-0.06969103081315309,0.06969103081315309,0
R00764,P0567,S01,5,Drug_A,65.1,F,2025-06-26,2025-06-30,4,19.6,12.4,13.0,0.49,0,0,0,normal,none,-0.05014540067725981,0.05014540067725981,0
R00765,P0700,S08,2,Placebo,72.3,F,2025-03-17,2025-03-22,5,26.5,16.0,14.3,0.54,2,0,0,normal,none,-0.0734291996276995,0.0734291996276995,0
R00766,P0273,S02,2,Drug_B,44.3,M,2025-07-25,2025-07-28,3,15.3,13.7,,0.75,0,0,1,rule_detectable,missing_required_lab:hemoglobin,-0.03688617634768282,0.03688617634768282,0
R00767,P0377,S05,3,Drug_A,30.2,M,2025-06-05,2025-06-07,2,39.3,35.8,15.0,0.92,2,0,0,normal,none,-0.07956574145342316,0.07956574145342316,0
R00768,P0748,S09,1,Placebo,40.2,F,2025-05-09,2025-05-09,0,27.6,27.6,13.9,0.87,1,0,0,normal,none,-0.09663058986251283,0.09663058986251283,0
R00769,P0052,S06,3,Drug_B,43.8,F,2025-06-09,2025-06-13,4,20.8,12.6,13.6,1.06,2,0,0,normal,none,-0.10119820760430187,0.10119820760430187,0
R00770,P0325,S09,5,Drug_B,30.8,M,2025-08-30,2025-08-30,0,14.3,12.3,10.9,0.96,2,0,0,normal,none,-0.04216688206636543,0.04216688206636543,0
R00771,P0241,S08,5,Drug_B,49.6,F,2025-07-26,2025-07-28,2,22.1,18.1,12.4,0.88,1,0,0,normal,none,-0.110037264881586,0.110037264881586,0
R00772,P0502,S09,3,Drug_A,58.3,M,2025-05-23,2025-05-23,0,20.8,15.7,13.8,0.97,2,0,0,normal,none,-0.11568753883990635,0.11568753883990635,0
R00773,P0508,S08,5,Drug_B,57.7,M,2025-07-28,2025-08-01,4,,35.5,13.2,1.13,8,0,1,both_detectable,missing_plus_queries,0.08916065880834323,-0.08916065880834323,1
R00774,P0430,S05,1,Drug_A,47.7,F,2025-02-14,2025-02-18,4,26.6,22.5,14.0,0.67,1,0,0,normal,none,-0.10979375204946457,0.10979375204946457,0
R00775,P0565,S04,2,Drug_A,47.9,M,2025-05-15,2025-05-18,3,31.2,14.4,16.0,0.92,3,0,0,normal,none,-0.04449064554456761,0.04449064554456761,0
R00776,P0269,S03,3,Drug_B,42.8,M,2025-07-09,2025-07-11,2,38.2,39.5,14.5,0.82,2,0,0,normal,none,-0.09610438841870911,0.09610438841870911,0
R00777,P0408,S09,2,Drug_A,48.0,F,2025-01-31,2025-02-02,2,14.2,17.7,12.4,0.98,1,0,0,normal,none,-0.08631314189349709,0.08631314189349709,0
R00778,P0116,S02,4,Drug_A,41.5,M,2025-08-13,2025-08-17,4,29.3,17.8,13.8,1.03,4,0,0,normal,none,-0.08203225394594915,0.08203225394594915,0
R00779,P0249,S06,5,Placebo,35.7,F,2025-08-31,2025-09-05,5,42.2,39.2,13.0,0.76,3,0,0,normal,none,-0.06942603429370953,0.06942603429370953,0
R00780,P0196,S04,1,Drug_A,51.0,M,2025-03-30,2025-03-30,0,28.3,16.6,12.8,0.88,2,0,0,normal,none,-0.10123500541101632,0.10123500541101632,0
R00781,P0207,S08,4,Drug_B,73.8,F,2025-05-28,2025-05-29,1,27.9,28.8,11.0,0.68,3,0,0,normal,none,-0.06119408137937443,0.06119408137937443,0
R00782,P0665,S05,5,Drug_B,75.7,M,2025-08-03,2025-08-05,2,24.2,28.9,13.0,0.82,1,0,0,normal,none,-0.06880902327422489,0.06880902327422489,0
R00783,P0671,S08,4,Drug_B,55.1,F,2025-07-03,2025-07-07,4,25.5,23.6,11.4,0.74,2,0,0,normal,none,-0.11449533208885293,0.11449533208885293,0
R00784,P0347,S04,1,Placebo,43.9,M,2025-03-23,2025-03-25,2,59.1,23.1,13.3,1.13,0,0,1,ml_multivariate,alt_ast_ratio,0.031575173718680793,-0.031575173718680793,1
R00785,P0470,S03,1,Drug_A,41.0,M,2025-04-17,2025-04-21,4,32.2,36.6,12.8,0.62,1,0,0,normal,none,-0.07798479767130212,0.07798479767130212,0
R00786,P0322,S05,4,Drug_A,51.3,M,2025-08-04,2025-08-05,1,36.1,27.5,12.2,1.01,1,0,0,normal,none,-0.10579569044801096,0.10579569044801096,0
R00787,P0128,S05,2,Placebo,24.8,F,2025-02-24,2025-02-26,2,22.7,10.1,13.5,0.56,1,0,0,normal,none,-0.022515823846371186,0.022515823846371186,0
R00788,P0348,S06,3,Drug_B,69.2,F,2025-04-16,2025-04-18,2,20.6,16.3,11.7,0.76,5,0,0,normal,none,-0.07058994796445373,0.07058994796445373,0
R00789,P0327,S05,4,Drug_B,52.4,M,2025-04-07,2025-04-10,3,57.7,45.7,13.2,1.12,0,0,0,normal,none,-0.0290513186799361,0.0290513186799361,0
R00790,P0626,S01,3,Drug_A,41.7,F,2025-04-24,2025-04-27,3,30.9,22.9,12.6,0.45,4,0,0,normal,none,-0.06575080298470676,0.06575080298470676,0
R00791,P0127,S07,3,Drug_A,49.7,M,2025-08-08,2025-08-08,0,20.8,27.7,13.6,0.66,2,0,0,normal,none,-0.09699101199933147,0.09699101199933147,0
R00792,P0603,S05,4,Placebo,58.9,F,2025-08-08,2025-08-11,3,33.0,31.2,13.4,0.45,0,0,0,normal,none,-0.06428171833706808,0.06428171833706808,0
R00793,P0020,S04,5,Drug_A,22.3,F,2025-08-01,2025-08-01,0,22.2,18.8,12.0,0.45,2,0,0,normal,none,-0.012265933278463537,0.012265933278463537,0
R00794,P0333,S01,2,Drug_B,44.5,F,2025-03-02,2025-03-08,6,19.1,20.7,13.2,1.13,0,0,0,normal,none,-0.07168662359704325,0.07168662359704325,0
R00795,P0386,S03,3,Drug_B,58.2,F,2025-03-08,2025-03-09,1,30.8,24.3,12.1,0.7,0,0,0,normal,none,-0.11018497273527261,0.11018497273527261,0
R00796,P0080,S06,4,Drug_B,73.6,M,2025-06-08,2025-06-13,5,40.8,25.8,12.5,0.95,2,0,0,normal,none,-0.08094956105231543,0.08094956105231543,0
R00797,P0644,S04,3,Drug_A,34.1,F,2025-05-21,2025-05-22,1,15.7,11.2,13.0,0.92,2,0,0,normal,none,-0.09014725440138605,0.09014725440138605,0
R00798,P0571,S03,2,Drug_B,59.7,F,2025-03-09,2025-03-11,2,22.0,28.1,10.9,0.59,5,0,0,normal,none,-0.02679517759925909,0.02679517759925909,0
R00799,P0246,S06,1,Placebo,45.3,M,2025-05-15,2025-05-22,7,37.2,27.9,10.9,0.97,2,0,0,normal,none,-0.07763841327260057,0.07763841327260057,0
R00800,P0507,S10,3,Drug_B,50.9,F,2025-06-08,2025-06-10,2,47.3,29.9,12.2,0.78,2,0,0,normal,none,-0.1019915381356502,0.1019915381356502,0
R00801,P0306,S08,5,Placebo,37.4,F,2025-10-13,2025-10-13,0,24.3,22.0,13.7,1.13,1,0,0,normal,none,-0.07582265016677264,0.07582265016677264,0
R00802,P0076,S10,3,Drug_A,61.2,F,2025-06-26,2025-07-02,6,33.7,22.6,12.0,0.97,1,0,0,normal,none,-0.11030381227915581,0.11030381227915581,0
R00803,P0498,S09,3,Drug_B,73.5,M,2025-05-28,2025-05-28,0,16.8,17.8,14.7,0.87,1,0,0,normal,none,-0.08209346350892704,0.08209346350892704,0
R00804,P0495,S02,4,Placebo,55.9,M,2025-05-11,2025-05-13,2,18.0,13.1,12.8,1.15,1,0,0,normal,none,-0.09455170648868189,0.09455170648868189,0
R00805,P0337,S06,4,Drug_A,71.5,F,2025-08-22,2025-08-26,4,17.8,13.4,13.5,0.63,3,0,0,normal,none,-0.08264022026270318,0.08264022026270318,0
R00806,P0309,S01,1,Placebo,35.6,M,2025-06-28,2025-07-03,5,18.0,12.6,13.9,0.95,4,0,0,normal,none,-0.05742797380632353,0.05742797380632353,0
R00807,P0257,S07,2,Drug_A,64.1,M,2025-07-15,2025-07-16,1,24.0,21.1,12.6,0.73,1,0,0,normal,none,-0.11441640957813709,0.11441640957813709,0
R00808,P0315,S02,3,Drug_B,46.0,M,2025-02-27,2025-03-07,8,30.9,28.1,11.7,0.96,3,1,0,normal,none,0.020616332919588642,-0.020616332919588642,1
R00809,P0202,S08,5,Drug_A,55.1,M,2025-05-13,2025-05-16,3,42.6,28.1,12.0,1.06,3,0,0,normal,none,-0.07444345886937631,0.07444345886937631,0
R00810,P0132,S05,2,Drug_A,51.2,F,2025-07-14,2025-07-16,2,30.6,30.9,11.4,0.83,1,0,0,normal,none,-0.1124377629278423,0.1124377629278423,0
R00811,P0131,S03,5,Drug_B,58.0,M,2025-08-02,2025-08-07,5,16.6,22.2,14.4,1.0,3,0,0,normal,none,-0.06481901697322245,0.06481901697322245,0
R00812,P0591,S08,5,Drug_B,64.7,M,2025-07-16,2025-07-17,1,13.0,8.0,14.3,0.78,5,0,0,normal,none,-0.010537130176773712,0.010537130176773712,0
R00813,P0139,S05,4,Drug_B,58.4,F,2025-08-14,2025-08-18,4,41.0,16.0,12.6,0.79,5,0,0,normal,none,-0.022674581612190714,0.022674581612190714,0
R00814,P0210,S03,1,Drug_A,63.4,M,2025-05-10,2025-05-18,8,26.7,23.8,14.7,0.87,0,0,0,normal,none,-0.07062848353302492,0.07062848353302492,0
R00815,P0350,S04,5,Placebo,61.8,F,2025-10-22,2025-10-27,5,23.7,17.0,13.4,0.94,0,0,0,normal,none,-0.09163724866423895,0.09163724866423895,0
R00816,P0479,S02,2,Drug_B,38.6,M,2025-05-18,2025-05-22,4,18.2,9.1,13.3,0.77,2,0,0,normal,none,-0.07338038666073343,0.07338038666073343,0
R00817,P0320,S06,1,Drug_B,62.7,F,2025-04-26,2025-05-03,7,37.1,27.7,13.4,0.83,2,0,0,normal,none,-0.09639513176334141,0.09639513176334141,0
R00818,P0663,S01,4,Drug_B,79.9,M,2025-09-16,2025-10-20,34,55.6,48.6,13.5,1.5,3,0,1,both_detectable,delay_plus_labs,0.11182353378033993,-0.11182353378033993,1
R00819,P0156,S10,2,Drug_B,46.0,F,2025-07-07,2025-07-09,2,30.5,32.9,11.2,0.74,2,0,0,normal,none,-0.09777921352311142,0.09777921352311142,0
R00820,P0129,S10,5,Placebo,30.4,M,2025-06-04,2025-06-08,4,21.4,16.5,14.2,0.95,2,0,0,normal,none,-0.08129734132481631,0.08129734132481631,0
R00821,P0531,S01,1,Placebo,58.7,F,2025-03-16,2025-03-24,8,14.4,13.2,11.0,1.09,2,0,0,normal,none,-0.04211270460307931,0.04211270460307931,0
R00822,P0015,S01,4,Drug_B,49.7,M,2025-08-11,2025-08-24,13,22.7,13.6,14.2,0.88,1,0,0,normal,none,-0.07046122344928718,0.07046122344928718,0
R00823,P0302,S03,1,Drug_A,31.0,F,2025-02-21,2025-02-23,2,29.5,32.6,12.2,0.81,2,0,0,normal,none,-0.07940893437928032,0.07940893437928032,0
R00824,P0225,S08,5,Drug_A,52.7,M,2025-07-11,2025-07-21,10,26.3,22.8,10.6,1.04,1,0,0,normal,none,-0.05814465364875199,0.05814465364875199,0
R00825,P0730,S06,2,Drug_B,47.8,F,2025-05-07,2025-05-08,1,16.7,12.8,14.7,0.74,1,0,0,normal,none,-0.09670331038354901,0.09670331038354901,0
R00826,P0110,S03,5,Placebo,63.0,F,2025-08-04,2025-08-06,2,41.4,37.5,13.5,0.66,4,0,0,normal,none,-0.0538302738829915,0.0538302738829915,0
R00827,P0602,S10,3,Drug_A,55.5,F,2025-07-22,2025-07-27,5,23.6,25.1,13.5,0.77,1,0,0,normal,none,-0.12084055902117857,0.12084055902117857,0
R00828,P0746,S07,2,Drug_B,35.6,M,2025-06-29,2025-06-29,0,33.9,26.2,14.4,0.77,0,0,0,normal,none,-0.07465255454691105,0.07465255454691105,0
R00829,P0471,S09,3,Placebo,64.5,F,2025-04-19,2025-04-21,2,29.8,11.5,12.6,0.53,4,0,0,normal,none,-0.013817875631853105,0.013817875631853105,0
R00830,P0105,S04,5,Drug_B,53.3,F,2025-09-27,2025-09-29,2,26.0,26.4,13.9,0.8,2,0,0,normal,none,-0.10250580029672296,0.10250580029672296,0
R00831,P0686,S05,4,Drug_B,74.2,M,2025-05-06,2025-05-10,4,19.2,10.5,14.5,0.91,1,0,0,normal,none,-0.06502362965412178,0.06502362965412178,0
R00832,P0369,S02,1,Drug_A,32.2,M,2025-03-22,2025-03-24,2,26.9,27.5,11.9,1.13,2,0,0,normal,none,-0.06218762376885523,0.06218762376885523,0
R00833,P0227,S09,2,Placebo,35.9,M,2025-02-17,2025-02-24,7,20.4,9.6,13.2,0.68,2,0,0,normal,none,-0.05859663371365137,0.05859663371365137,0
R00834,P0019,S06,4,Placebo,35.7,M,2025-06-18,2025-06-22,4,39.9,32.7,12.3,1.18,1,0,0,normal,none,-0.07496751773414506,0.07496751773414506,0
R00835,P0043,S01,5,Drug_A,47.0,F,2025-06-21,2025-06-25,4,13.8,9.0,14.1,0.77,2,0,0,normal,none,-0.07340340166504539,0.07340340166504539,0
R00836,P0127,S07,4,Drug_B,53.7,F,2025-08-28,2025-08-28,0,17.9,13.0,13.0,0.83,2,0,0,normal,none,-0.10952219497490123,0.10952219497490123,0
R00837,P0219,S01,3,Drug_A,66.7,F,2025-06-24,2025-06-29,5,37.5,45.7,14.4,0.74,2,0,0,normal,none,-0.06888718511154962,0.06888718511154962,0
R00838,P0072,S09,3,Drug_A,39.4,F,2025-05-05,2025-05-05,0,22.1,16.0,12.8,0.72,1,0,0,normal,none,-0.11175945832472672,0.11175945832472672,0
R00839,P0690,S05,1,Drug_A,51.6,M,2025-05-20,2025-05-22,2,22.9,20.9,14.7,0.85,1,0,0,normal,none,-0.10672806091998133,0.10672806091998133,0
R00840,P0196,S04,4,Drug_B,57.9,F,2025-07-29,2025-08-04,6,40.9,34.5,13.3,0.7,2,0,0,normal,none,-0.10434142496391552,0.10434142496391552,0
R00841,P0633,S08,1,Drug_B,75.6,M,2025-03-08,2025-03-13,5,29.1,23.9,13.6,0.9,5,0,0,normal,none,-0.058288537161068354,0.058288537161068354,0
R00842,P0301,S03,5,Drug_B,33.7,F,2025-08-10,2025-08-20,10,37.5,20.5,12.9,0.5,2,0,0,normal,none,-0.018970526383933373,0.018970526383933373,0
R00843,P0609,S08,4,Placebo,69.2,M,2025-07-22,2025-08-01,10,19.6,12.6,13.2,0.89,3,0,0,normal,none,-0.06735436660151295,0.06735436660151295,0
R00844,P0375,S06,2,Drug_B,35.8,F,2025-04-02,2025-04-05,3,20.5,9.7,12.3,0.5,2,0,0,normal,none,-0.04069031342616197,0.04069031342616197,0
R00845,P0679,S10,3,Drug_B,82.9,F,2025-08-22,2025-09-03,12,28.1,26.3,12.9,0.81,1,0,0,normal,none,-0.05736546161038103,0.05736546161038103,0
R00846,P0061,S10,3,Drug_A,48.7,M,2025-04-07,2025-04-11,4,23.4,14.3,13.7,0.85,3,0,0,normal,none,-0.1110759354189722,0.1110759354189722,0
R00847,P0183,S08,2,Drug_A,74.7,F,2025-06-10,2025-06-13,3,17.0,15.0,12.4,0.54,0,0,0,normal,none,-0.06015122129340922,0.06015122129340922,0
R00848,P0368,S10,1,Drug_B,46.9,M,2025-03-05,2025-03-10,5,23.0,17.2,12.9,0.88,0,0,0,normal,none,-0.10028239313946369,0.10028239313946369,0
R00849,P0085,S02,3,Drug_A,46.8,M,2025-03-17,2025-03-19,2,32.2,29.3,14.9,0.74,2,0,0,normal,none,-0.11397336832875465,0.11397336832875465,0
R00850,P0033,S05,1,Drug_B,75.8,M,2025-03-13,2025-03-15,2,24.9,16.0,14.4,0.67,2,0,0,normal,none,-0.07023846814006796,0.07023846814006796,0
R00851,P0558,S02,4,Drug_B,45.2,M,2025-08-10,2025-08-14,4,28.1,25.1,14.1,1.33,0,0,0,normal,none,-0.06254864394779441,0.06254864394779441,0
R00852,P0383,S05,1,Drug_B,70.2,F,2025-02-23,2025-03-01,6,47.1,41.4,13.6,1.0,1,0,0,normal,none,-0.05026449444054493,0.05026449444054493,0
R00853,P0492,S06,2,Placebo,48.9,F,2025-05-04,2025-05-10,6,23.4,25.4,9.5,0.7,2,0,0,normal,none,-0.0795021966697409,0.0795021966697409,0
R00854,P0548,S03,4,Drug_B,45.0,M,2025-09-04,2025-09-05,1,31.8,33.8,12.7,1.03,3,0,0,normal,none,-0.09167372170612798,0.09167372170612798,0
R00855,P0723,S01,2,Placebo,55.5,M,2025-06-13,2025-06-16,3,16.6,19.4,13.6,1.26,3,0,0,normal,none,-0.05548407436750635,0.05548407436750635,0
R00856,P0215,S05,1,Drug_A,46.3,F,2025-04-03,2025-04-08,5,23.8,24.2,13.2,0.71,1,0,0,normal,none,-0.11109686449794698,0.11109686449794698,0
R00857,P0083,S03,3,Drug_B,38.0,M,2025-04-18,2025-04-23,5,32.6,24.5,13.8,0.91,0,0,0,normal,none,-0.10078880730780876,0.10078880730780876,0
R00858,P0364,S06,4,Drug_B,85.0,M,2025-07-07,2025-07-11,4,47.9,29.8,16.4,1.01,3,0,0,normal,none,0.0040684985729241285,-0.0040684985729241285,1
R00859,P0154,S07,4,Drug_A,44.2,M,2025-08-01,2025-08-01,0,30.4,24.8,13.8,0.62,2,0,0,normal,none,-0.10522178869906601,0.10522178869906601,0
R00860,P0357,S01,3,Drug_B,43.4,M,2025-03-15,2025-03-16,1,16.8,11.7,13.2,0.73,1,0,0,normal,none,-0.10916671555840302,0.10916671555840302,0
R00861,P0189,S06,5,Placebo,32.7,F,2025-09-28,2025-09-29,1,33.2,22.8,12.5,0.92,1,0,0,normal,none,-0.08179511784175425,0.08179511784175425,0
R00862,P0009,S10,3,Drug_B,51.9,M,2025-06-19,2025-06-22,3,17.0,9.0,14.2,1.09,1,0,0,normal,none,-0.06947177808997002,0.06947177808997002,0
R00863,P0215,S05,2,Drug_B,52.7,F,2025-03-01,2025-03-03,2,24.9,22.8,12.6,,0,0,1,rule_detectable,missing_required_lab:creatinine,-0.06665443568685164,0.06665443568685164,0
R00864,P0265,S06,5,Drug_B,50.8,F,2025-05-10,2025-05-15,5,15.6,18.3,12.9,0.45,1,0,0,normal,none,-0.04757455520298559,0.04757455520298559,0
R00865,P0315,S02,4,Drug_A,74.2,F,2025-04-26,2025-04-30,4,17.7,13.6,12.5,0.89,4,0,0,normal,none,-0.0680816083232132,0.0680816083232132,0
R00866,P0518,S04,4,Drug_B,52.0,F,2025-04-28,2025-05-05,7,46.5,25.9,13.6,1.04,1,0,0,normal,none,-0.06670630731954086,0.06670630731954086,0
R00867,P0582,S09,5,Placebo,67.8,F,2025-08-28,2025-09-01,4,52.1,47.7,14.6,0.93,1,0,0,normal,none,-0.037897843943072496,0.037897843943072496,0
R00868,P0643,S07,2,Placebo,57.2,F,2025-06-28,2025-06-28,0,78.3,15.3,12.5,0.76,1,0,1,ml_multivariate,alt_ast_ratio,0.049334121438203926,-0.049334121438203926,1
R00869,P0442,S08,5,Drug_A,51.0,F,2025-09-16,2025-09-20,4,17.2,15.0,12.0,0.78,1,0,0,normal,none,-0.09778782433096556,0.09778782433096556,0
R00870,P0324,S09,4,Drug_A,30.6,M,2025-08-17,2025-08-20,3,21.0,14.7,14.5,0.6,2,0,0,normal,none,-0.07236228222528701,0.07236228222528701,0
R00871,P0660,S07,4,Drug_A,43.9,F,2025-08-01,2025-08-08,7,27.8,26.0,10.6,0.85,4,0,0,normal,none,-0.07211629722277185,0.07211629722277185,0
R00872,P0361,S10,4,Drug_B,59.6,F,2025-06-04,2025-06-08,4,42.9,36.8,10.7,0.88,2,0,0,normal,none,-0.08574958320001946,0.08574958320001946,0
R00873,P0174,S08,3,Drug_B,55.1,M,2025-07-20,2025-07-28,8,19.3,9.1,14.4,0.97,1,0,0,normal,none,-0.05093059862966576,0.05093059862966576,0
R00874,P0025,S10,3,Placebo,54.8,F,2025-06-22,2025-06-23,1,25.9,20.9,10.7,0.73,1,0,0,normal,none,-0.1073447894496612,0.1073447894496612,0
R00875,P0386,S03,1,Placebo,60.2,F,2025-04-07,2025-04-06,-1,23.0,18.9,12.7,0.82,5,0,1,rule_detectable,date_inconsistency,-0.06542224443627692,0.06542224443627692,0
R00876,P0537,S10,1,Drug_B,38.4,F,2025-03-25,2025-03-30,5,31.2,29.5,13.1,0.67,2,0,0,normal,none,-0.09839876065404857,0.09839876065404857,0
R00877,P0164,S08,3,Placebo,69.9,M,2025-04-15,2025-04-16,1,17.4,16.5,14.2,0.92,1,0,0,normal,none,-0.10254184850570192,0.10254184850570192,0
R00878,P0464,S05,3,Placebo,30.9,F,2025-07-17,2025-07-27,10,40.5,35.9,10.8,0.65,1,0,0,normal,none,-0.049447480766978136,0.049447480766978136,0
R00879,P0003,S01,3,Drug_A,21.7,M,2025-03-07,2025-03-10,3,33.4,25.5,14.4,0.74,5,0,0,normal,none,-0.043740703966767935,0.043740703966767935,0
R00880,P0145,S03,3,Drug_A,72.5,F,2025-07-17,2025-07-23,6,25.3,11.9,12.7,0.89,0,0,0,normal,none,-0.05819672933666864,0.05819672933666864,0
R00881,P0267,S08,4,Drug_A,54.4,F,2025-06-04,2025-06-05,1,18.6,10.5,13.8,0.7,2,0,0,normal,none,-0.09150670044743764,0.09150670044743764,0
R00882,P0660,S07,4,Placebo,33.4,F,2025-05-14,2025-05-14,0,26.3,30.8,12.8,0.85,1,0,0,normal,none,-0.08719011219849909,0.08719011219849909,0
R00883,P0290,S05,1,Drug_B,42.4,M,2025-06-17,2025-06-21,4,49.1,37.8,13.9,0.67,2,0,0,normal,none,-0.06736963052441386,0.06736963052441386,0
R00884,P0318,S03,1,Drug_B,57.4,F,2025-03-16,2025-03-20,4,36.1,30.6,12.1,0.63,3,0,0,normal,none,-0.08718051799616011,0.08718051799616011,0
R00885,P0146,S05,3,Drug_A,60.5,F,2025-04-08,2025-04-17,9,19.4,17.8,13.4,0.84,3,0,0,normal,none,-0.09650167395477749,0.09650167395477749,0
R00886,P0104,S01,4,Drug_A,49.5,F,2025-07-08,2025-07-11,3,12.6,14.3,12.5,0.68,0,0,0,normal,none,-0.07335966672780653,0.07335966672780653,0
R00887,P0227,S09,3,Drug_A,58.5,F,2025-05-27,2025-05-31,4,16.7,14.7,14.5,1.0,3,0,0,normal,none,-0.09706512726575817,0.09706512726575817,0
R00888,P0298,S01,1,Placebo,72.4,M,2025-05-11,2025-05-14,3,57.9,40.4,13.7,1.14,1,0,0,normal,none,-0.008554539794765226,0.008554539794765226,0
R00889,P0382,S05,5,Drug_A,55.0,F,2025-05-31,2025-06-11,11,31.1,26.0,15.0,0.78,2,0,0,normal,none,-0.06899294082607599,0.06899294082607599,0
R00890,P0080,S06,3,Drug_A,56.2,M,2025-05-06,2025-05-11,5,27.9,17.7,12.0,1.46,1,0,0,normal,none,-0.05530004719005899,0.05530004719005899,0
R00891,P0352,S06,4,Drug_A,52.5,M,2025-05-10,2025-05-15,5,27.7,20.0,13.1,0.98,3,0,0,normal,none,-0.11620764163292158,0.11620764163292158,0
R00892,P0153,S07,1,Drug_A,76.6,M,2025-04-11,2025-04-11,0,23.0,17.5,11.6,0.93,4,0,0,normal,none,-0.050185254981070015,0.050185254981070015,0
R00893,P0741,S02,5,Drug_B,38.8,F,2025-06-22,2025-06-23,1,18.2,14.0,13.3,0.88,2,0,0,normal,none,-0.0927114116535031,0.0927114116535031,0
R00894,P0606,S09,1,Drug_A,48.3,F,2025-06-23,2025-06-23,0,29.2,16.5,12.9,0.64,2,0,0,normal,none,-0.08875691214183701,0.08875691214183701,0
R00895,P0654,S08,5,Placebo,61.3,F,2025-08-12,2025-08-16,4,13.4,8.0,12.1,0.95,3,1,0,normal,none,0.04702575579838386,-0.04702575579838386,1
R00896,P0162,S07,4,Drug_B,52.5,F,2025-09-03,2025-09-03,0,20.7,14.2,13.3,0.61,2,0,0,normal,none,-0.10616237951943475,0.10616237951943475,0
R00897,P0253,S03,2,Drug_B,51.0,F,2025-04-16,2025-04-17,1,32.4,21.4,12.0,0.84,3,0,0,normal,none,-0.10669248543166038,0.10669248543166038,0
R00898,P0741,S02,3,Placebo,42.4,M,2025-03-18,2025-03-22,4,28.7,28.0,13.5,0.96,2,0,0,normal,none,-0.12124882319847707,0.12124882319847707,0
R00899,P0238,S05,3,Drug_A,39.8,M,2025-03-03,2025-03-06,3,22.3,23.0,13.1,0.88,0,0,0,normal,none,-0.10552500972071832,0.10552500972071832,0
R00900,P0530,S02,2,Drug_B,48.8,F,2025-04-19,2025-04-28,9,27.9,23.0,12.5,0.81,2,0,0,normal,none,-0.11474917801783147,0.11474917801783147,0
R00901,P0674,S08,4,Drug_A,50.5,M,2025-06-16,2025-06-18,2,37.1,39.0,14.2,0.95,3,0,0,normal,none,-0.09451211153190475,0.09451211153190475,0
R00902,P0702,S09,1,Drug_B,68.3,M,2025-06-17,2025-06-17,0,26.8,27.7,14.5,0.66,1,0,0,normal,none,-0.07911366816497051,0.07911366816497051,0
R00903,P0512,S06,1,Drug_B,41.8,M,2025-02-12,2025-02-14,2,29.8,26.3,14.5,0.51,1,0,0,normal,none,-0.07177050144920194,0.07177050144920194,0
R00904,P0703,S05,2,Placebo,63.8,M,2025-02-04,2025-02-04,0,21.1,13.7,14.3,0.83,2,0,0,normal,none,-0.10086739160226943,0.10086739160226943,0
R00905,P0112,S06,4,Drug_A,58.7,M,2025-08-11,2025-08-12,1,36.2,37.6,12.3,1.08,3,0,0,normal,none,-0.0767651985653236,0.0767651985653236,0
R00906,P0493,S07,3,Drug_A,28.2,F,2025-04-20,2025-04-24,4,25.2,21.8,11.5,0.9,1,0,0,normal,none,-0.09633041306780138,0.09633041306780138,0
R00907,P0460,S07,4,Drug_B,56.3,F,2025-07-30,2025-08-03,4,20.0,16.8,13.5,,2,0,1,rule_detectable,missing_required_lab:creatinine,-0.0728468647735726,0.0728468647735726,0
R00908,P0148,S03,5,Drug_A,60.1,M,2025-04-27,2025-04-28,1,13.1,9.1,15.3,0.61,4,0,0,normal,none,-0.020073918432947424,0.020073918432947424,0
R00909,P0717,S01,3,Drug_A,50.4,M,2025-06-15,2025-06-21,6,31.4,26.3,15.0,1.23,3,0,0,normal,none,-0.06957602797700335,0.06957602797700335,0
R00910,P0403,S04,5,Drug_B,42.7,M,2025-09-21,2025-09-22,1,30.7,17.1,14.9,0.92,0,0,0,normal,none,-0.06243531244518302,0.06243531244518302,0
R00911,P0007,S07,5,Drug_B,56.2,M,2025-10-13,2025-10-19,6,20.2,19.5,14.0,1.05,2,1,0,normal,none,0.018510684724225457,-0.018510684724225457,1
R00912,P0358,S01,1,Drug_A,64.1,F,2025-01-23,2025-01-26,3,17.6,13.7,13.2,0.67,1,0,0,normal,none,-0.09476082132751712,0.09476082132751712,0
R00913,P0075,S10,1,Drug_A,45.5,F,2025-03-24,2025-03-26,2,17.5,9.5,10.8,0.74,1,0,0,normal,none,-0.05325082293550726,0.05325082293550726,0
R00914,P0314,S01,2,Drug_B,71.7,M,2025-07-13,2025-07-15,2,28.1,25.9,13.3,0.85,2,0,0,normal,none,-0.11535566259828572,0.11535566259828572,0
R00915,P0574,S10,5,Drug_A,44.4,M,2025-05-26,2025-05-28,2,20.3,21.2,14.8,0.8,2,0,0,normal,none,-0.0918297985458269,0.0918297985458269,0
R00916,P0266,S07,2,Placebo,45.6,M,2025-03-23,2025-04-18,26,26.8,32.1,13.9,0.9,2,1,1,rule_detectable,excessive_entry_delay,0.07185866796801221,-0.07185866796801221,1
R00917,P0035,S06,1,Drug_A,51.4,F,2025-05-05,2025-05-10,5,39.6,31.6,11.5,0.6,2,0,0,normal,none,-0.08572469522323484,0.08572469522323484,0
R00918,P0536,S10,3,Placebo,45.0,M,2025-03-13,2025-03-17,4,42.5,31.9,14.2,0.79,0,0,0,normal,none,-0.09578210243514951,0.09578210243514951,0
R00919,P0337,S06,1,Placebo,42.6,M,2025-04-26,2025-04-30,4,27.4,19.6,12.7,1.0,1,0,0,normal,none,-0.1030351629777963,0.1030351629777963,0
R00920,P0323,S03,4,Drug_B,36.3,F,2025-07-01,2025-07-05,4,71.5,67.6,11.0,0.71,0,0,0,normal,none,0.05216955507424692,-0.05216955507424692,1
R00921,P0397,S05,1,Placebo,52.1,F,2025-04-24,2025-04-24,0,24.2,22.4,12.6,0.79,4,0,0,normal,none,-0.09418889670678854,0.09418889670678854,0
R00922,P0237,S04,5,Drug_A,66.3,F,2025-09-16,2025-09-19,3,23.7,16.3,13.8,1.02,2,0,0,normal,none,-0.09289628290882546,0.09289628290882546,0
R00923,P0362,S09,5,Drug_A,75.7,M,2025-07-08,2025-07-08,0,9.6,8.0,15.4,0.97,3,0,0,normal,none,0.00404333728688816,-0.00404333728688816,1
R00924,P0290,S05,4,Drug_A,49.8,F,2025-09-05,2025-09-07,2,23.8,20.5,13.0,0.47,2,0,0,normal,none,-0.09288340755349522,0.09288340755349522,0
R00925,P0443,S06,1,Drug_A,43.1,F,2025-04-17,2025-04-23,6,20.9,19.2,13.9,0.77,2,0,0,normal,none,-0.10462167662243171,0.10462167662243171,0
R00926,P0535,S08,5,Drug_B,32.6,M,2025-07-04,2025-07-08,4,25.9,21.7,12.5,0.7,1,0,0,normal,none,-0.08911896621658688,0.08911896621658688,0
R00927,P0477,S09,1,Drug_A,50.9,F,2025-02-03,2025-02-06,3,25.6,21.4,11.4,0.76,5,0,0,normal,none,-0.07011527255189365,0.07011527255189365,0
R00928,P0699,S06,3,Drug_A,77.7,F,2025-03-11,2025-03-16,5,31.1,34.8,13.5,0.73,4,0,0,normal,none,-0.054491324693849874,0.054491324693849874,0
R00929,P0004,S02,2,Drug_B,67.9,M,2025-02-04,2025-02-07,3,31.1,30.5,12.9,1.08,4,0,0,normal,none,-0.07703100304767302,0.07703100304767302,0
R00930,P0161,S06,3,Drug_B,37.0,M,2025-04-22,2025-05-01,9,33.1,33.5,14.9,0.8,1,0,0,normal,none,-0.07989537902142596,0.07989537902142596,0
R00931,P0253,S03,2,Drug_B,47.0,M,2025-01-29,2025-02-02,4,28.1,28.1,11.7,0.62,2,0,0,normal,none,-0.10759696589760259,0.10759696589760259,0
R00932,P0391,S08,1,Drug_A,52.5,F,2025-05-22,2025-06-07,16,44.3,41.9,12.3,0.82,0,0,0,normal,none,-0.02438311691642514,0.02438311691642514,0
R00933,P0655,S09,3,Placebo,58.6,M,2025-05-29,2025-05-29,0,69.6,44.2,14.4,0.74,1,0,0,normal,none,-0.011256844914055208,0.011256844914055208,0
R00934,P0534,S07,2,Drug_A,50.8,F,2025-07-25,2025-07-26,1,42.9,38.0,11.6,0.57,4,1,0,normal,none,0.06732060451879407,-0.06732060451879407,1
R00935,P0247,S10,4,Placebo,35.1,F,2025-03-25,2025-04-04,10,27.3,25.9,11.8,0.79,0,0,0,normal,none,-0.06838886732690114,0.06838886732690114,0
R00936,P0615,S01,1,Drug_A,32.9,F,2025-06-19,2025-06-20,1,10.9,11.1,12.9,0.89,2,1,0,normal,none,0.052271763274686855,-0.052271763274686855,1
R00937,P0718,S04,3,Placebo,60.5,M,2025-08-06,2025-08-14,8,19.0,14.4,13.4,0.79,1,0,0,normal,none,-0.1022084451359333,0.1022084451359333,0
R00938,P0305,S04,2,Drug_B,49.9,F,2025-05-16,2025-05-19,3,21.4,12.8,14.2,0.76,6,0,0,normal,none,-0.05841090816569261,0.05841090816569261,0
R00939,P0313,S08,2,Drug_A,52.6,M,2025-05-20,2025-05-24,4,35.0,18.4,13.9,0.77,3,0,0,normal,none,-0.09484798168458858,0.09484798168458858,0
R00940,P0692,S10,4,Drug_B,55.4,F,2025-05-22,2025-05-30,8,28.2,25.7,10.0,1.0,0,0,0,normal,none,-0.06484487759033608,0.06484487759033608,0
R00941,P0150,S01,4,Placebo,78.5,F,2025-04-02,2025-04-04,2,33.4,33.3,12.8,0.55,3,0,0,normal,none,-0.0469431652863313,0.0469431652863313,0
R00942,P0585,S06,1,Placebo,74.3,F,2025-06-08,2025-06-09,1,12.7,11.8,13.1,0.81,4,0,0,normal,none,-0.04469948915520422,0.04469948915520422,0
R00943,P0488,S08,3,Drug_A,28.7,M,2025-08-04,2025-08-21,17,45.1,41.9,12.3,0.95,4,0,0,normal,none,-0.004799826300027232,0.004799826300027232,0
R00944,P0696,S10,5,Placebo,70.3,F,2025-10-09,2025-10-11,2,,8.0,14.5,0.77,9,0,1,both_detectable,missing_plus_queries,0.10615205909533276,-0.10615205909533276,1
R00945,P0441,S01,2,Drug_A,60.1,M,2025-07-17,2025-07-20,3,37.1,39.0,14.1,0.82,2,0,0,normal,none,-0.10017306108385693,0.10017306108385693,0
R00946,P0595,S09,1,Placebo,64.7,F,2025-05-27,2025-05-27,0,33.4,27.8,11.4,0.48,1,0,0,normal,none,-0.05509098324461592,0.05509098324461592,0
R00947,P0529,S10,1,Placebo,74.8,F,2025-02-18,2025-02-19,1,20.0,14.5,12.9,0.56,6,0,0,normal,none,-0.00851043851423583,0.00851043851423583,0
R00948,P0624,S06,5,Placebo,44.6,M,2025-05-27,2025-06-04,8,14.2,8.2,14.0,1.21,3,0,0,normal,none,-0.012457260098692413,0.012457260098692413,0
R00949,P0016,S08,3,Placebo,40.9,F,2025-06-13,2025-06-19,6,36.8,10.2,11.5,0.77,4,0,0,normal,none,0.016033375093328917,-0.016033375093328917,1
R00950,P0307,S08,1,Drug_A,56.3,M,2025-02-23,2025-02-23,0,19.8,20.6,13.3,0.96,2,0,0,normal,none,-0.09923034089951599,0.09923034089951599,0
R00951,P0623,S07,1,Placebo,62.7,F,2025-02-23,2025-02-23,0,45.1,33.5,12.6,0.81,2,0,0,normal,none,-0.07999808391112884,0.07999808391112884,0
R00952,P0617,S04,1,Drug_A,68.9,F,2025-02-08,2025-02-08,0,17.1,9.2,14.0,0.92,4,0,0,normal,none,-0.03126235436710545,0.03126235436710545,0
R00953,P0038,S02,4,Drug_A,44.8,M,2025-09-17,2025-09-24,7,15.0,12.5,13.3,0.59,2,0,0,normal,none,-0.08214546338436085,0.08214546338436085,0
R00954,P0735,S08,1,Drug_A,54.0,M,2025-04-08,2025-04-09,1,27.5,20.0,14.6,0.75,4,0,0,normal,none,-0.08817181535748331,0.08817181535748331,0
R00955,P0054,S02,1,Drug_A,55.8,F,2025-01-18,2025-01-25,7,38.6,34.4,11.0,0.85,1,0,0,normal,none,-0.07691429591070925,0.07691429591070925,0
R00956,P0525,S10,1,Drug_B,58.2,F,2025-03-04,2025-03-09,5,38.2,17.6,12.3,0.93,1,0,0,normal,none,-0.06276040588617876,0.06276040588617876,0
R00957,P0326,S08,4,Drug_A,45.6,M,2025-08-04,2025-08-10,6,24.8,25.6,12.9,0.74,0,0,0,normal,none,-0.09966247194862027,0.09966247194862027,0
R00958,P0623,S07,5,Drug_B,64.3,M,2025-08-23,2025-08-24,1,11.4,10.1,12.5,1.16,1,0,0,normal,none,-0.039286383330482066,0.039286383330482066,0
R00959,P0482,S10,3,Placebo,57.0,M,2025-07-03,2025-07-14,11,26.4,16.0,12.9,1.0,0,0,0,normal,none,-0.06573982782513066,0.06573982782513066,0
R00960,P0424,S05,5,Drug_A,38.0,F,2025-05-09,2025-05-13,4,38.0,41.5,12.5,0.46,0,0,0,normal,none,-0.018996021305576982,0.018996021305576982,0
R00961,P0325,S09,1,Placebo,56.9,M,2025-01-27,2025-01-26,-1,32.3,26.2,14.5,0.78,8,0,1,both_detectable,date_plus_queries,-0.013515899582560165,0.013515899582560165,0
R00962,P0142,S10,4,Placebo,48.1,M,2025-09-11,2025-09-17,6,28.5,15.9,13.3,0.89,0,0,0,normal,none,-0.09257490796989892,0.09257490796989892,0
R00963,P0565,S04,4,Drug_B,65.9,F,2025-09-05,2025-09-06,1,20.7,20.9,13.3,0.91,1,0,0,normal,none,-0.11076074818007603,0.11076074818007603,0
R00964,P0040,S02,5,Drug_A,59.6,F,2025-08-19,2025-08-21,2,23.1,20.2,13.8,0.9,3,0,0,normal,none,-0.10378088578071099,0.10378088578071099,0
R00965,P0068,S08,3,Drug_A,59.6,M,2025-05-25,2025-05-26,1,23.8,20.9,12.9,0.95,3,0,0,normal,none,-0.12042667134425511,0.12042667134425511,0
R00966,P0596,S04,1,Drug_A,50.3,F,2025-04-01,2025-04-02,1,36.3,25.5,14.5,1.01,2,0,0,normal,none,-0.09108614758034872,0.09108614758034872,0
R00967,P0479,S02,4,Drug_B,50.8,M,2025-07-12,2025-07-21,9,29.7,23.0,14.6,1.0,4,0,0,normal,none,-0.07802857813531483,0.07802857813531483,0
R00968,P0328,S04,5,Placebo,25.1,F,2025-08-17,2025-08-19,2,29.9,30.2,13.1,0.62,5,0,0,normal,none,-0.0270619119845259,0.0270619119845259,0
R00969,P0240,S02,1,Drug_A,51.4,F,2025-02-26,2025-03-03,5,30.3,28.0,13.7,0.79,3,0,0,normal,none,-0.10982927153188071,0.10982927153188071,0
R00970,P0566,S06,1,Drug_A,50.9,M,2025-03-24,2025-03-29,5,33.4,23.2,13.7,0.91,1,0,0,normal,none,-0.10960352908014731,0.10960352908014731,0
R00971,P0332,S07,5,Drug_A,32.0,F,2025-05-20,2025-05-20,0,,26.9,11.6,0.93,9,0,1,both_detectable,missing_plus_queries,0.09889557169386376,-0.09889557169386376,1
R00972,P0606,S09,3,Drug_A,54.6,M,2025-05-25,2025-05-30,5,16.4,12.9,13.8,0.59,3,0,0,normal,none,-0.09304286112746452,0.09304286112746452,0
R00973,P0314,S01,1,Drug_A,39.1,F,2025-06-05,2025-06-10,5,68.8,45.6,11.1,0.81,1,0,0,normal,none,0.01535881833860242,-0.01535881833860242,1
R00974,P0439,S03,3,Drug_B,29.7,F,2025-07-20,2025-07-21,1,30.9,27.3,14.1,0.45,2,0,0,normal,none,-0.058224614624585336,0.058224614624585336,0
R00975,P0656,S02,2,Drug_B,61.0,F,2025-07-19,2025-07-26,7,32.8,29.6,14.6,1.08,1,0,0,normal,none,-0.087272185610624,0.087272185610624,0
R00976,P0532,S08,5,Drug_A,49.7,F,2025-06-05,2025-06-09,4,21.7,13.2,13.2,0.85,2,0,0,normal,none,-0.10016479579126192,0.10016479579126192,0
R00977,P0268,S02,5,Drug_B,64.6,M,2025-10-16,2025-10-21,5,26.9,13.5,13.1,0.94,2,0,0,normal,none,-0.0741745116319561,0.0741745116319561,0
R00978,P0413,S07,1,Placebo,53.9,M,2025-05-12,2025-05-12,0,38.0,39.0,13.8,0.8,1,0,0,normal,none,-0.08422426664077426,0.08422426664077426,0
R00979,P0258,S02,5,Drug_B,58.5,F,2025-05-17,2025-05-18,1,49.6,58.4,12.6,0.66,7,0,1,ml_multivariate,visit_lab_query_pattern,0.05131162466887307,-0.05131162466887307,1
R00980,P0628,S04,5,Drug_B,67.0,M,2025-07-06,2025-07-11,5,68.5,48.8,9.7,1.46,1,0,1,ml_multivariate,lab_profile,0.07991672843181963,-0.07991672843181963,1
R00981,P0687,S04,2,Drug_A,43.8,M,2025-06-03,2025-06-03,0,15.5,11.6,13.9,0.96,2,0,0,normal,none,-0.09198907013785801,0.09198907013785801,0
R00982,P0553,S03,4,Placebo,35.2,M,2025-04-11,2025-04-13,2,12.8,9.8,14.6,1.02,0,0,0,normal,none,-0.04829423419494977,0.04829423419494977,0
R00983,P0303,S09,3,Drug_A,64.0,F,2025-03-16,2025-03-16,0,36.5,25.1,13.1,0.59,3,0,0,normal,none,-0.08850003066389917,0.08850003066389917,0
R00984,P0354,S10,3,Drug_B,54.4,M,2025-08-18,2025-08-27,9,30.2,24.1,12.9,0.96,3,0,0,normal,none,-0.10493231087751459,0.10493231087751459,0
R00985,P0049,S08,3,Drug_B,28.4,M,2025-03-14,2025-03-16,2,32.6,26.9,11.9,1.25,3,0,0,normal,none,-0.04212574519855106,0.04212574519855106,0
R00986,P0195,S05,2,Drug_B,64.1,F,2025-06-19,2025-06-27,8,28.3,21.8,11.3,0.49,1,0,0,normal,none,-0.06322010964722063,0.06322010964722063,0
R00987,P0205,S04,1,Drug_B,20.9,M,2025-02-16,2025-02-16,0,18.2,17.5,14.4,0.55,1,0,0,normal,none,-0.0250316580231138,0.0250316580231138,0
R00988,P0144,S10,5,Drug_B,58.7,M,2025-05-25,2025-05-30,5,30.1,27.2,13.6,0.98,2,0,0,normal,none,-0.1055001429599094,0.1055001429599094,0
R00989,P0590,S10,3,Drug_B,56.2,F,2025-03-24,2025-03-25,1,32.1,35.7,12.7,0.64,2,0,0,normal,none,-0.10299669340025575,0.10299669340025575,0
R00990,P0410,S01,2,Drug_A,50.6,F,2025-04-22,2025-04-26,4,42.9,29.9,15.3,0.93,2,0,0,normal,none,-0.0897945587239305,0.0897945587239305,0
R00991,P0066,S02,4,Drug_A,47.4,M,2025-06-09,2025-06-15,6,34.2,15.9,12.1,0.54,2,0,0,normal,none,-0.05774181202362827,0.05774181202362827,0
R00992,P0542,S10,2,Drug_B,67.2,F,2025-05-08,2025-05-11,3,21.0,18.3,13.7,0.9,1,0,0,normal,none,-0.11461062879134576,0.11461062879134576,0
R00993,P0084,S10,4,Drug_A,44.3,F,2025-06-02,2025-06-08,6,29.5,28.7,11.7,0.85,1,0,0,normal,none,-0.11002230026995374,0.11002230026995374,0
R00994,P0687,S04,1,Placebo,83.1,M,2025-04-28,2025-04-30,2,28.8,26.5,12.9,0.58,3,0,0,normal,none,-0.05467740628106871,0.05467740628106871,0
R00995,P0512,S06,3,Drug_A,45.0,F,2025-03-13,2025-03-16,3,24.5,22.0,12.9,0.78,1,0,0,normal,none,-0.13043545388460476,0.13043545388460476,0
R00996,P0167,S05,5,Placebo,62.6,F,2025-05-31,2025-05-31,0,23.2,10.9,13.9,0.54,3,0,0,normal,none,-0.026994701637141794,0.026994701637141794,0
R00997,P0465,S08,4,Drug_A,46.4,F,2025-06-16,2025-06-24,8,34.0,25.4,13.6,0.99,1,0,0,normal,none,-0.10218496367314545,0.10218496367314545,0
R00998,P0548,S03,3,Drug_B,58.5,F,2025-06-21,2025-06-23,2,23.7,19.0,13.7,0.68,0,0,0,normal,none,-0.1104156111797745,0.1104156111797745,0
R00999,P0429,S06,5,Drug_A,62.0,F,2025-09-06,2025-09-09,3,20.3,15.2,12.7,0.58,1,0,0,normal,none,-0.08667410777401974,0.08667410777401974,0
R01000,P0222,S03,1,Drug_B,49.7,M,2025-01-25,2025-01-26,1,49.9,35.2,14.7,1.01,2,0,0,normal,none,-0.05245339529466064,0.05245339529466064,0
R01001,P0442,S08,4,Drug_B,18.0,F,2025-05-31,2025-06-03,3,33.0,31.4,10.0,0.82,2,0,0,normal,none,-0.04055911081490621,0.04055911081490621,0
R01002,P0459,S02,2,Drug_B,85.0,F,2025-02-03,2025-02-09,6,13.3,8.9,12.1,1.14,3,0,0,normal,none,-0.017738015828396847,0.017738015828396847,0
R01003,P0175,S08,4,Drug_B,58.8,M,2025-07-21,2025-07-27,6,19.8,14.6,13.5,0.69,0,0,0,normal,none,-0.0964746706373959,0.0964746706373959,0
R01004,P0231,S07,4,Drug_B,47.8,F,2025-05-30,2025-05-30,0,33.4,31.7,12.2,0.82,1,0,0,normal,none,-0.10805044612428766,0.10805044612428766,0
R01005,P0390,S05,3,Drug_B,51.7,F,2025-06-12,2025-06-16,4,34.1,22.9,13.1,0.58,1,0,0,normal,none,-0.10978396921108785,0.10978396921108785,0
R01006,P0652,S05,2,Drug_B,53.9,M,2025-03-16,2025-03-22,6,29.9,27.5,14.7,1.15,2,0,0,normal,none,-0.09204887227180458,0.09204887227180458,0
R01007,P0723,S01,3,Drug_B,31.7,F,2025-06-10,2025-06-12,2,45.2,35.9,13.6,0.74,4,0,0,normal,none,-0.06990886399004315,0.06990886399004315,0
R01008,P0343,S07,3,Drug_A,57.0,F,2025-05-03,2025-05-03,0,17.4,23.1,12.4,0.97,1,0,0,normal,none,-0.09140671845861553,0.09140671845861553,0
R01009,P0265,S06,3,Drug_B,54.8,M,2025-07-27,2025-08-01,5,35.8,28.8,14.7,0.75,1,0,0,normal,none,-0.11105515887873857,0.11105515887873857,0
R01010,P0670,S05,4,Drug_B,41.9,F,2025-08-31,2025-09-04,4,29.8,21.7,11.8,0.57,0,0,0,normal,none,-0.08095605475702927,0.08095605475702927,0
R01011,P0158,S08,4,Drug_A,49.3,M,2025-07-30,2025-07-30,0,37.5,32.6,14.1,1.14,1,0,0,normal,none,-0.08641781237290275,0.08641781237290275,0
R01012,P0716,S07,1,Drug_A,40.9,F,2025-04-19,2025-04-23,4,27.8,26.3,10.8,0.66,3,0,0,normal,none,-0.07443135333641404,0.07443135333641404,0
R01013,P0432,S10,2,Drug_A,39.0,M,2025-03-23,2025-03-26,3,25.5,33.3,14.7,0.81,2,0,0,normal,none,-0.08198623979690817,0.08198623979690817,0
R01014,P0102,S04,1,Placebo,41.3,M,2025-06-16,2025-06-17,1,24.6,24.5,14.4,0.62,0,0,0,normal,none,-0.06811996730206155,0.06811996730206155,0
R01015,P0250,S06,5,Drug_A,48.9,M,2025-09-20,2025-09-21,1,36.9,33.2,14.5,1.0,2,0,0,normal,none,-0.08603757303748588,0.08603757303748588,0
R01016,P0066,S02,2,Drug_B,69.0,M,2025-01-27,2025-01-30,3,45.0,27.7,12.1,1.05,6,0,0,normal,none,-0.020025759075714356,0.020025759075714356,0
R01017,P0294,S07,1,Drug_B,44.2,M,2025-05-21,2025-05-23,2,13.6,8.0,12.6,0.9,1,0,0,normal,none,-0.059722808347043854,0.059722808347043854,0
R01018,P0600,S05,3,Drug_A,68.7,M,2025-04-26,2025-04-30,4,21.0,12.0,14.2,0.9,2,0,0,normal,none,-0.09980895835156084,0.09980895835156084,0
R01019,P0338,S10,2,Placebo,69.8,M,2025-06-07,2025-06-08,1,32.1,32.5,15.5,0.97,5,0,0,normal,none,-0.0310066051792241,0.0310066051792241,0
R01020,P0474,S05,4,Drug_A,26.7,M,2025-08-02,2025-08-05,3,23.5,20.6,13.3,0.78,0,0,0,normal,none,-0.08492281590386902,0.08492281590386902,0
R01021,P0091,S03,5,Drug_B,67.7,M,2025-07-16,2025-07-16,0,21.1,19.7,12.7,0.92,2,0,0,normal,none,-0.09140533174567989,0.09140533174567989,0
R01022,P0203,S10,3,Drug_A,76.0,F,2025-05-11,2025-05-22,11,19.7,15.1,10.7,0.84,2,0,0,normal,none,-0.049526874284948286,0.049526874284948286,0
R01023,P0687,S04,4,Drug_A,45.8,F,2025-05-15,2025-05-17,2,22.4,17.4,13.0,0.63,0,0,0,normal,none,-0.10098433368806842,0.10098433368806842,0
R01024,P0204,S02,5,Placebo,62.5,F,2025-09-05,2025-09-09,4,25.8,29.7,12.7,0.48,3,0,0,normal,none,-0.057572911873293386,0.057572911873293386,0
R01025,P0541,S01,4,Drug_A,45.1,F,2025-06-14,2025-06-19,5,55.4,40.0,13.3,0.98,3,0,0,normal,none,-0.054529640151407655,0.054529640151407655,0
R01026,P0602,S10,1,Drug_A,48.1,F,2025-04-26,2025-04-29,3,23.1,19.8,13.4,0.9,1,0,0,normal,none,-0.11781011775222078,0.11781011775222078,0
R01027,P0182,S09,5,Drug_B,64.4,F,2025-09-26,2025-09-26,0,44.5,45.8,14.0,0.79,0,0,0,normal,none,-0.03677496659010687,0.03677496659010687,0
R01028,P0047,S01,3,Drug_A,49.0,M,2025-08-04,2025-08-05,1,46.5,33.2,14.7,1.16,2,1,0,normal,none,0.04278519706128192,-0.04278519706128192,1
R01029,P0397,S05,1,Drug_B,44.8,F,2025-01-10,2025-01-12,2,23.6,14.2,12.3,0.79,2,0,0,normal,none,-0.10168210672486844,0.10168210672486844,0
R01030,P0392,S08,2,Placebo,51.7,F,2025-05-02,2025-05-08,6,20.7,10.6,12.8,0.87,4,0,0,normal,none,-0.0697276986095618,0.0697276986095618,0
R01031,P0238,S05,3,Placebo,67.9,M,2025-03-04,2025-03-06,2,21.8,17.2,13.9,0.91,2,0,0,normal,none,-0.11653258283228829,0.11653258283228829,0
R01032,P0361,S10,2,Drug_A,41.6,M,2025-07-06,2025-07-17,11,16.2,14.2,11.6,0.92,1,0,0,normal,none,-0.07048683682399715,0.07048683682399715,0
R01033,P0012,S07,5,Drug_A,66.3,F,2025-07-15,2025-07-20,5,48.3,44.3,14.2,0.94,1,0,0,normal,none,-0.05223578118947414,0.05223578118947414,0
R01034,P0108,S10,3,Placebo,72.9,F,2025-04-30,2025-05-04,4,26.8,16.8,12.4,0.84,2,0,0,normal,none,-0.10404028442926727,0.10404028442926727,0
R01035,P0738,S07,5,Drug_A,70.1,F,2025-08-06,2025-08-06,0,,29.1,11.4,0.55,9,0,1,both_detectable,missing_plus_queries,0.11836193452822308,-0.11836193452822308,1
R01036,P0011,S03,4,Placebo,60.8,M,2025-09-15,2025-09-14,-1,21.3,19.0,14.7,0.83,6,0,1,both_detectable,date_plus_queries,-0.05051532364944217,0.05051532364944217,0
R01037,P0098,S02,5,Drug_B,29.7,M,2025-08-26,2025-08-27,1,18.5,16.7,14.0,0.89,5,0,0,normal,none,-0.04857192710996189,0.04857192710996189,0
R01038,P0432,S10,5,Drug_A,53.7,M,2025-07-31,2025-08-05,5,15.7,17.8,13.4,0.61,2,0,0,normal,none,-0.07827101062618075,0.07827101062618075,0
R01039,P0058,S09,5,Drug_B,38.3,M,2025-07-22,2025-07-24,2,40.1,38.7,16.5,0.68,2,0,0,normal,none,-0.031601292557590865,0.031601292557590865,0
R01040,P0055,S07,4,Drug_B,28.4,F,2025-08-10,2025-08-12,2,15.9,12.0,12.4,0.56,3,0,0,normal,none,-0.05184465439361591,0.05184465439361591,0
R01041,P0624,S06,5,Drug_B,81.4,M,2025-08-25,2025-08-29,4,30.5,29.9,15.4,1.14,1,0,0,normal,none,-0.027939806108518594,0.027939806108518594,0
R01042,P0667,S07,5,Drug_B,80.0,M,2025-06-02,2025-06-03,1,18.9,17.6,13.3,0.99,2,0,0,normal,none,-0.06170994964682475,0.06170994964682475,0
R01043,P0666,S05,4,Drug_A,44.5,F,2025-08-25,2025-08-29,4,27.1,13.5,11.9,0.75,1,0,0,normal,none,-0.0883563424372153,0.0883563424372153,0
R01044,P0713,S07,4,Placebo,41.3,F,2025-07-01,2025-07-01,0,40.1,33.9,12.7,0.99,2,0,0,normal,none,-0.09551001550177207,0.09551001550177207,0
R01045,P0674,S08,1,Drug_A,57.5,F,2025-03-31,2025-04-06,6,24.5,22.3,12.3,1.02,4,0,0,normal,none,-0.08224451732364502,0.08224451732364502,0
R01046,P0209,S07,3,Drug_B,67.0,F,2025-06-29,2025-07-02,3,33.4,25.2,15.9,0.99,1,0,0,normal,none,-0.07864122035270515,0.07864122035270515,0
R01047,P0556,S10,2,Drug_A,35.0,M,2025-03-28,2025-03-29,1,36.7,32.5,13.2,1.26,2,0,0,normal,none,-0.05500590381942427,0.05500590381942427,0
R01048,P0335,S07,5,Placebo,52.7,F,2025-07-08,2025-07-10,2,19.5,23.8,14.6,0.85,2,0,0,normal,none,-0.08748023468885041,0.08748023468885041,0
R01049,P0259,S06,1,Drug_A,56.1,F,2025-03-12,2025-03-13,1,19.2,11.0,11.1,0.78,1,0,0,normal,none,-0.0716951083313152,0.0716951083313152,0
R01050,P0360,S08,3,Drug_B,67.5,M,2025-03-11,2025-03-16,5,24.8,16.3,11.6,0.71,1,0,0,normal,none,-0.10623335800250405,0.10623335800250405,0
R01051,P0163,S01,3,Placebo,64.3,F,2025-06-18,2025-06-21,3,30.7,15.5,12.7,0.82,1,0,0,normal,none,-0.09655599815144228,0.09655599815144228,0
R01052,P0560,S07,5,Placebo,41.3,F,2025-07-19,2025-07-21,2,23.6,25.8,12.0,0.93,3,0,0,normal,none,-0.08470996625231669,0.08470996625231669,0
R01053,P0563,S01,5,Drug_A,52.3,M,2025-05-18,2025-05-19,1,17.2,12.8,13.1,0.92,1,0,0,normal,none,-0.0997024850476586,0.0997024850476586,0
R01054,P0447,S05,1,Drug_A,69.4,M,2025-01-05,2025-01-07,2,18.0,12.1,14.4,0.86,1,0,0,normal,none,-0.08188333220604871,0.08188333220604871,0
R01055,P0734,S04,3,Drug_A,53.9,F,2025-05-15,2025-05-17,2,28.6,26.9,13.5,0.81,2,0,0,normal,none,-0.12721420671455652,0.12721420671455652,0
R01056,P0193,S01,3,Drug_B,27.9,M,2025-08-22,2025-08-24,2,24.9,17.5,12.4,1.01,1,0,0,normal,none,-0.08751666157480736,0.08751666157480736,0
R01057,P0377,S05,4,Placebo,42.1,M,2025-05-15,2025-05-21,6,29.3,29.6,13.3,0.68,4,0,0,normal,none,-0.09293552582978903,0.09293552582978903,0
R01058,P0556,S10,4,Placebo,35.9,F,2025-04-02,2025-04-06,4,45.3,49.1,13.2,0.58,1,0,0,normal,none,-0.04356451636486125,0.04356451636486125,0
R01059,P0248,S02,1,Drug_B,53.8,F,2025-04-04,2025-04-08,4,27.6,26.1,12.2,0.45,3,0,0,normal,none,-0.06263374295720497,0.06263374295720497,0
R01060,P0096,S02,5,Drug_B,70.7,F,2025-07-21,2025-07-24,3,30.4,25.0,13.3,0.96,0,0,0,normal,none,-0.08324982113972107,0.08324982113972107,0
R01061,P0576,S10,3,Drug_B,82.4,F,2025-03-06,2025-03-08,2,38.5,35.6,14.3,0.81,2,0,0,normal,none,-0.06952483536360426,0.06952483536360426,0
R01062,P0005,S06,1,Drug_B,55.7,M,2025-01-31,2025-02-03,3,32.9,27.4,14.8,1.16,3,0,0,normal,none,-0.068078360683486,0.068078360683486,0
R01063,P0394,S04,5,Placebo,48.4,M,2025-05-24,2025-05-27,3,29.1,23.9,12.7,0.95,0,0,0,normal,none,-0.10125143814768939,0.10125143814768939,0
R01064,P0484,S03,3,Drug_A,35.4,M,2025-06-24,2025-06-27,3,28.0,18.6,13.8,0.91,1,0,0,normal,none,-0.11408861822113203,0.11408861822113203,0
R01065,P0534,S07,1,Placebo,57.9,M,2025-02-25,2025-02-25,0,26.6,18.4,13.4,0.68,0,0,0,normal,none,-0.08468586443212339,0.08468586443212339,0
R01066,P0234,S07,4,Drug_A,48.4,F,2025-05-19,2025-05-21,2,27.7,9.5,12.1,0.77,1,0,0,normal,none,-0.035540422890428525,0.035540422890428525,0
R01067,P0131,S03,4,Drug_B,50.9,F,2025-08-07,2025-08-08,1,21.6,15.5,10.9,0.68,2,0,0,normal,none,-0.0952401532727386,0.0952401532727386,0
R01068,P0584,S09,4,Placebo,45.5,M,2025-06-27,2025-06-29,2,44.3,50.4,14.2,1.0,1,0,0,normal,none,-0.05930458916718756,0.05930458916718756,0
R01069,P0321,S05,2,Placebo,47.0,M,2025-03-20,2025-03-23,3,34.3,34.6,14.9,0.79,9,0,1,ml_multivariate,query_delay_site_pattern,-0.005183210605270994,0.005183210605270994,0
R01070,P0379,S06,4,Drug_A,38.4,F,2025-04-23,2025-04-25,2,21.1,16.1,12.8,0.91,4,0,0,normal,none,-0.09874793346477917,0.09874793346477917,0
R01071,P0288,S09,1,Drug_B,53.7,F,2025-02-07,2025-02-07,0,25.7,15.0,11.8,1.03,0,0,0,normal,none,-0.06381614102088695,0.06381614102088695,0
R01072,P0095,S02,1,Drug_B,49.1,F,2025-05-23,2025-05-26,3,44.2,43.5,12.6,0.89,4,0,0,normal,none,-0.06140278578174424,0.06140278578174424,0
R01073,P0065,S03,5,Drug_B,60.7,M,2025-08-24,2025-08-28,4,28.4,21.5,11.3,1.17,0,0,0,normal,none,-0.056522926102078375,0.056522926102078375,0
R01074,P0470,S03,3,Drug_B,56.7,M,2025-08-17,2025-08-21,4,25.4,26.6,15.2,0.67,4,0,0,normal,none,-0.08013315863469828,0.08013315863469828,0
R01075,P0187,S08,3,Placebo,35.4,M,2025-04-12,2025-04-16,4,47.3,32.5,14.8,0.87,0,0,0,normal,none,-0.05841739550887859,0.05841739550887859,0
R01076,P0074,S02,5,Drug_B,45.0,M,2025-07-16,2025-07-20,4,38.2,33.6,14.7,1.04,2,0,0,normal,none,-0.08355614669423805,0.08355614669423805,0
R01077,P0542,S10,3,Drug_B,60.6,F,2025-02-27,2025-03-04,5,22.9,13.8,15.6,0.84,3,0,0,normal,none,-0.07967779611087755,0.07967779611087755,0
R01078,P0304,S04,5,Placebo,46.3,F,2025-09-14,2025-09-15,1,15.9,13.0,14.2,0.45,1,0,0,normal,none,-0.053452836113813684,0.053452836113813684,0
R01079,P0133,S04,5,Drug_A,69.9,F,2025-07-11,2025-07-11,0,51.6,39.7,11.9,0.57,4,0,0,normal,none,0.0008365238828497712,-0.0008365238828497712,1
R01080,P0167,S05,5,Placebo,47.0,M,2025-06-07,2025-06-09,2,14.2,19.1,11.5,0.6,1,0,0,normal,none,-0.04959015261053906,0.04959015261053906,0
R01081,P0260,S02,3,Drug_A,42.6,M,2025-04-09,2025-04-16,7,38.7,26.9,15.4,0.82,5,0,0,normal,none,-0.04868568980004878,0.04868568980004878,0
R01082,P0297,S06,1,Placebo,80.4,M,2025-04-02,2025-04-03,1,19.8,9.6,11.7,1.01,1,0,0,normal,none,-0.01750763087653112,0.01750763087653112,0
R01083,P0729,S07,3,Drug_A,31.1,M,2025-08-18,2025-08-21,3,34.4,39.4,12.4,0.95,2,0,0,normal,none,-0.08089984896335833,0.08089984896335833,0
R01084,P0562,S02,5,Drug_B,66.2,M,2025-09-22,2025-09-28,6,16.9,18.3,13.2,1.07,3,1,0,normal,none,0.037144363911074896,-0.037144363911074896,1
R01085,P0250,S06,4,Drug_A,46.6,F,2025-04-17,2025-04-21,4,71.9,65.7,12.4,0.65,3,0,0,normal,none,0.024368266403001826,-0.024368266403001826,1
R01086,P0351,S10,2,Drug_A,63.0,M,2025-06-29,2025-07-01,2,22.8,15.3,13.6,1.04,1,0,0,normal,none,-0.10714937699630639,0.10714937699630639,0
R01087,P0079,S05,2,Placebo,74.3,F,2025-07-16,2025-07-17,1,17.9,8.0,13.6,1.12,1,0,0,normal,none,-0.026066234015576784,0.026066234015576784,0
R01088,P0596,S04,5,Drug_B,48.2,F,2025-07-26,2025-07-27,1,29.5,12.4,14.0,0.55,0,0,0,normal,none,-0.017647132662383547,0.017647132662383547,0
R01089,P0043,S01,5,Drug_B,59.6,M,2025-10-05,2025-10-12,7,17.6,11.8,12.9,1.25,3,0,0,normal,none,-0.03777067134676315,0.03777067134676315,0
R01090,P0328,S04,4,Drug_B,64.6,M,2025-07-03,2025-07-03,0,25.3,23.9,13.5,0.83,0,0,0,normal,none,-0.09986080823395854,0.09986080823395854,0
R01091,P0467,S09,2,Drug_B,40.1,M,2025-03-24,2025-03-24,0,16.4,19.2,12.5,0.92,2,0,0,normal,none,-0.09085528528970738,0.09085528528970738,0
R01092,P0095,S02,1,Drug_B,45.8,F,2025-04-09,2025-04-14,5,28.4,30.5,12.4,0.84,0,0,0,normal,none,-0.08854163748251609,0.08854163748251609,0
R01093,P0723,S01,3,Drug_B,49.6,F,2025-02-26,2025-03-01,3,19.9,13.1,11.6,0.8,0,0,0,normal,none,-0.09859304374629874,0.09859304374629874,0
R01094,P0156,S10,4,Drug_B,37.8,F,2025-05-28,2025-06-03,6,23.8,15.2,12.4,0.63,1,0,0,normal,none,-0.09360968339913928,0.09360968339913928,0
R01095,P0490,S07,3,Drug_A,66.3,F,2025-05-07,2025-05-07,0,25.6,26.2,13.5,0.89,2,0,0,normal,none,-0.11318204709742924,0.11318204709742924,0
R01096,P0380,S08,2,Placebo,55.5,M,2025-02-14,2025-02-16,2,59.5,50.2,14.9,0.86,2,0,0,normal,none,-0.03414162439750007,0.03414162439750007,0
R01097,P0463,S02,3,Placebo,59.6,M,2025-06-08,2025-06-17,9,39.9,25.5,14.8,1.07,6,0,0,normal,none,-0.017632777713834258,0.017632777713834258,0
R01098,P0654,S08,5,Drug_B,38.6,F,2025-07-23,2025-06-25,-28,60.1,60.4,12.3,1.05,3,0,1,rule_detectable,invalid_visit_sequence,0.052255308123371425,-0.052255308123371425,1
R01099,P0512,S06,5,Drug_A,43.3,M,2025-09-25,2025-09-25,0,11.4,8.8,11.4,1.0,1,0,0,normal,none,-0.03677364725597665,0.03677364725597665,0
R01100,P0659,S04,1,Drug_A,26.4,F,2025-04-02,2025-04-04,2,21.2,13.9,14.3,1.08,2,0,0,normal,none,-0.05354819175403974,0.05354819175403974,0
R01101,P0311,S02,3,Drug_B,58.4,M,2025-06-24,2025-06-30,6,48.4,45.0,14.1,1.16,2,0,0,normal,none,-0.05800746355077552,0.05800746355077552,0
R01102,P0532,S08,3,Drug_B,31.9,F,2025-07-28,2025-07-28,0,18.0,22.2,11.3,0.82,1,0,0,normal,none,-0.06585738636554622,0.06585738636554622,0
R01103,P0657,S03,1,Drug_B,47.8,M,2025-05-15,2025-05-22,7,16.3,14.1,12.6,0.88,1,0,0,normal,none,-0.09084698042682576,0.09084698042682576,0
R01104,P0256,S02,5,Drug_A,76.2,M,2025-08-03,2025-08-15,12,20.5,26.6,11.9,0.75,1,0,0,normal,none,-0.011892257955126995,0.011892257955126995,0
R01105,P0525,S10,1,Drug_A,59.4,M,2025-03-12,2025-03-14,2,32.9,29.4,15.8,1.01,0,0,0,normal,none,-0.05670169580078677,0.05670169580078677,0
R01106,P0239,S06,5,Drug_B,31.0,M,2025-09-23,2025-09-26,3,23.8,19.1,14.0,0.86,0,0,0,normal,none,-0.07377731854824232,0.07377731854824232,0
R01107,P0240,S02,2,Drug_B,69.2,M,2025-05-15,2025-05-22,7,29.4,22.0,13.3,0.83,0,0,0,normal,none,-0.09570534875585646,0.09570534875585646,0
R01108,P0005,S06,4,Placebo,66.8,F,2025-08-25,2025-08-28,3,31.6,29.5,11.9,0.82,1,0,0,normal,none,-0.11146509006946936,0.11146509006946936,0
R01109,P0231,S07,5,Placebo,46.1,M,2025-06-14,2025-06-16,2,20.8,20.8,13.3,1.39,2,0,0,normal,none,-0.05803234021780851,0.05803234021780851,0
R01110,P0010,S01,2,Drug_A,29.3,F,2025-05-31,2025-06-02,2,21.9,21.5,11.1,0.96,1,0,0,normal,none,-0.07739224667663808,0.07739224667663808,0
R01111,P0463,S02,2,Placebo,24.6,F,2025-07-20,2025-07-24,4,36.7,43.9,11.1,0.49,1,0,0,normal,none,-0.004440632712117754,0.004440632712117754,0
R01112,P0221,S07,1,Placebo,47.5,F,2025-02-21,2025-02-21,0,14.4,8.0,12.3,0.6,2,0,0,normal,none,-0.04270830431171774,0.04270830431171774,0
R01113,P0498,S09,2,Drug_B,44.5,M,2025-05-17,2025-05-17,0,32.9,19.2,13.7,1.1,0,0,0,normal,none,-0.06631790105298019,0.06631790105298019,0
R01114,P0054,S02,4,Drug_A,66.7,M,2025-08-20,2025-08-24,4,30.3,20.4,13.6,0.63,0,0,0,normal,none,-0.09582744081942057,0.09582744081942057,0
R01115,P0664,S08,1,Drug_A,43.4,F,2025-03-30,2025-04-05,6,45.4,50.5,13.4,0.77,0,0,0,normal,none,-0.0327063364805833,0.0327063364805833,0
R01116,P0689,S03,4,Drug_B,77.4,F,2025-08-29,2025-08-31,2,35.4,31.2,10.5,0.69,0,0,0,normal,none,-0.041476680152510215,0.041476680152510215,0
R01117,P0062,S04,4,Drug_A,52.6,M,2025-05-15,2025-05-21,6,23.5,24.7,12.3,1.1,0,0,0,normal,none,-0.08741048630726178,0.08741048630726178,0
R01118,P0181,S04,4,Drug_B,42.5,M,2025-04-15,2025-05-28,43,24.3,32.0,14.3,0.59,1,0,1,rule_detectable,excessive_entry_delay,0.012171606311306649,-0.012171606311306649,1
R01119,P0359,S02,2,Placebo,23.7,F,2025-02-10,2025-02-13,3,23.8,29.3,14.5,0.64,5,0,0,normal,none,-0.022789633455170988,0.022789633455170988,0
R01120,P0363,S03,2,Drug_B,72.3,F,2025-05-30,2025-06-05,6,17.8,15.8,12.7,0.77,3,0,0,normal,none,-0.09210352578004499,0.09210352578004499,0
R01121,P0468,S09,4,Placebo,44.6,M,2025-05-25,2025-05-27,2,22.1,23.5,14.5,0.95,1,0,0,normal,none,-0.10914662890038856,0.10914662890038856,0
R01122,P0128,S05,1,Drug_A,44.0,M,2025-05-04,2025-05-08,4,39.7,38.4,10.5,0.76,3,0,0,normal,none,-0.062245169505935005,0.062245169505935005,0
R01123,P0583,S07,5,Drug_A,31.4,F,2025-03-18,2025-03-19,1,59.5,53.4,12.7,0.92,7,0,1,ml_multivariate,visit_lab_query_pattern,0.06134493365292393,-0.06134493365292393,1
R01124,P0004,S02,5,Placebo,60.9,F,2025-05-10,2025-05-12,2,34.5,22.4,11.8,0.89,0,0,0,normal,none,-0.0774392816821714,0.0774392816821714,0
R01125,P0620,S01,4,Drug_B,42.1,F,2025-05-10,2025-05-12,2,28.5,26.9,11.7,0.86,1,0,0,normal,none,-0.11409572809974167,0.11409572809974167,0
R01126,P0613,S10,2,Drug_A,36.4,F,2025-02-01,2025-02-08,7,19.4,22.6,12.7,0.87,0,0,0,normal,none,-0.07325773103774702,0.07325773103774702,0
R01127,P0111,S02,2,Drug_A,37.3,F,2025-07-27,2025-07-31,4,28.1,30.8,,0.94,2,0,1,rule_detectable,missing_required_lab:hemoglobin,-0.05463586226737882,0.05463586226737882,0
R01128,P0299,S05,1,Placebo,66.0,F,2025-02-07,2025-02-08,1,15.5,16.5,11.8,0.78,1,0,0,normal,none,-0.07832318209961275,0.07832318209961275,0
R01129,P0408,S09,2,Drug_B,52.8,F,2025-04-02,2025-04-06,4,35.2,28.5,11.1,0.61,1,0,0,normal,none,-0.09733355857196457,0.09733355857196457,0
R01130,P0637,S04,3,Drug_B,52.8,F,2025-06-16,2025-06-17,1,46.6,36.3,13.6,0.98,4,0,0,normal,none,-0.0806875511804021,0.0806875511804021,0
R01131,P0439,S03,2,Drug_B,56.7,F,2025-05-04,2025-05-09,5,24.2,16.5,12.1,0.71,2,0,1,rule_detectable,duplicate_record,-0.11939018691773029,0.11939018691773029,0
R01132,P0670,S05,1,Drug_A,22.4,F,2025-05-01,2025-05-07,6,16.7,21.2,13.0,0.83,1,0,0,normal,none,-0.03712916779343445,0.03712916779343445,0
R01133,P0491,S04,2,Placebo,48.7,M,2025-04-20,2025-04-24,4,22.1,22.6,12.5,0.88,2,0,0,normal,none,-0.1255780743474716,0.1255780743474716,0
R01134,P0171,S02,3,Drug_B,57.1,F,2025-08-08,2025-08-14,6,32.2,28.3,11.5,0.87,3,0,0,normal,none,-0.1088702680414605,0.1088702680414605,0
R01135,P0612,S06,2,Placebo,42.4,F,2025-03-17,2025-04-01,15,14.8,8.0,14.1,0.83,4,0,0,normal,none,-0.00670829925497296,0.00670829925497296,0
R01136,P0415,S01,4,Drug_A,33.4,M,2025-07-08,2025-07-12,4,11.8,12.8,12.9,1.07,7,0,1,ml_multivariate,query_delay_site_pattern,0.010636094763563642,-0.010636094763563642,1
R01137,P0414,S07,4,Drug_B,47.3,F,2025-07-21,2025-07-21,0,17.0,14.3,11.7,0.53,0,0,0,normal,none,-0.06412928826036723,0.06412928826036723,0
R01138,P0429,S06,5,Drug_A,44.7,M,2025-06-08,2025-06-15,7,23.0,17.3,12.8,0.75,1,0,0,normal,none,-0.09562496489160544,0.09562496489160544,0
R01139,P0276,S06,3,Drug_A,24.7,F,2025-03-08,2025-03-13,5,15.8,20.3,14.3,0.64,3,0,0,normal,none,-0.03924491584507217,0.03924491584507217,0
R01140,P0007,S07,5,Drug_B,70.5,F,2025-05-18,2025-05-24,6,29.5,14.5,14.4,0.78,3,0,0,normal,none,-0.042077962896676535,0.042077962896676535,0
R01141,P0116,S02,5,Drug_B,61.5,F,2025-09-24,2025-09-29,5,31.2,33.5,13.7,0.71,3,0,0,normal,none,-0.07389149901454056,0.07389149901454056,0
R01142,P0602,S10,1,Drug_B,60.7,F,2025-01-30,2025-02-03,4,32.5,39.0,12.2,0.87,4,0,0,normal,none,-0.05622294380623455,0.05622294380623455,0
R01143,P0019,S06,4,Drug_B,45.0,M,2025-04-02,2025-04-08,6,16.4,10.4,13.4,1.16,1,0,0,normal,none,-0.07007071495810374,0.07007071495810374,0
R01144,P0435,S10,2,Placebo,66.7,F,2025-04-10,2025-04-12,2,28.1,26.2,13.7,0.96,3,0,0,normal,none,-0.10944551150693349,0.10944551150693349,0
R01145,P0699,S06,3,Drug_A,70.5,M,2025-03-14,2025-03-20,6,39.3,25.4,11.4,0.95,1,0,0,normal,none,-0.08533899470237394,0.08533899470237394,0
R01146,P0198,S05,4,Drug_B,65.2,F,2025-04-23,2025-04-25,2,32.0,28.1,12.2,0.49,1,0,0,normal,none,-0.08579453038077517,0.08579453038077517,0
R01147,P0253,S03,2,Drug_A,64.4,F,2025-03-01,2025-03-12,11,35.9,30.8,11.7,0.79,3,0,0,normal,none,-0.07113931813146018,0.07113931813146018,0
R01148,P0594,S08,4,Placebo,62.4,F,2025-08-30,2025-08-31,1,46.6,36.3,12.7,0.66,3,0,0,normal,none,-0.07322150545864758,0.07322150545864758,0
R01149,P0745,S01,3,Drug_B,73.0,M,2025-02-27,2025-03-01,2,39.6,44.0,13.2,1.04,2,0,0,normal,none,-0.0672226214710539,0.0672226214710539,0
R01150,P0532,S08,5,Placebo,70.4,M,2025-07-13,2025-07-18,5,32.2,28.1,10.9,1.17,4,0,0,normal,none,-0.020460914661461493,0.020460914661461493,0
R01151,P0020,S04,4,Placebo,49.8,F,2025-08-05,2025-08-05,0,32.6,27.8,11.8,0.78,2,0,0,normal,none,-0.11067551229258821,0.11067551229258821,0
R01152,P0272,S01,3,Drug_A,43.2,M,2025-05-25,2025-05-28,3,18.8,13.4,13.3,0.92,4,0,0,normal,none,-0.0977878786083759,0.0977878786083759,0
R01153,P0642,S08,5,Drug_B,48.6,F,2025-08-30,2025-09-03,4,28.8,23.5,12.5,0.67,0,0,0,normal,none,-0.09289878443600968,0.09289878443600968,0
R01154,P0285,S01,4,Drug_B,71.8,M,2025-07-23,2025-07-25,2,36.6,36.5,12.7,0.89,0,0,0,normal,none,-0.08013769037821089,0.08013769037821089,0
R01155,P0086,S10,3,Drug_A,55.4,F,2025-08-09,2025-08-11,2,18.9,11.4,11.6,0.92,1,0,0,normal,none,-0.1005689557088758,0.1005689557088758,0
R01156,P0160,S08,1,Drug_B,56.4,F,2025-03-26,2025-03-29,3,21.1,17.4,11.5,0.82,2,0,0,normal,none,-0.10421689155221542,0.10421689155221542,0
R01157,P0098,S02,3,Drug_A,55.7,F,2025-05-17,2025-05-21,4,19.9,13.0,11.8,0.98,2,0,0,normal,none,-0.10560468995905792,0.10560468995905792,0
R01158,P0030,S05,1,Placebo,46.4,M,2025-05-05,2025-05-12,7,23.4,17.6,14.3,0.78,1,0,0,normal,none,-0.1007091115908908,0.1007091115908908,0
R01159,P0392,S08,2,Drug_B,39.4,F,2025-03-18,2025-03-23,5,24.3,9.5,11.6,1.04,1,1,0,normal,none,0.07131028276342943,-0.07131028276342943,1
R01160,P0424,S05,3,Placebo,44.5,M,2025-04-12,2025-04-12,0,42.3,39.6,15.8,0.55,0,0,0,normal,none,-0.026468620693538836,0.026468620693538836,0
R01161,P0527,S06,2,Drug_B,51.4,F,2025-02-22,2025-02-24,2,41.1,29.2,14.8,0.74,1,0,0,normal,none,-0.09786499103130192,0.09786499103130192,0
R01162,P0640,S04,5,Drug_B,72.9,F,2025-06-13,2025-06-14,1,29.7,25.4,13.5,0.53,0,0,0,normal,none,-0.0525676694601509,0.0525676694601509,0
R01163,P0200,S01,3,Drug_B,57.7,M,2025-04-10,2025-04-14,4,52.7,53.4,15.0,0.83,1,0,0,normal,none,-0.04621550797452795,0.04621550797452795,0
R01164,P0050,S03,2,Placebo,38.0,F,2025-06-01,2025-06-03,2,19.6,13.3,14.0,0.96,2,0,0,normal,none,-0.10187754994523412,0.10187754994523412,0
R01165,P0321,S05,4,Drug_B,41.4,F,2025-07-23,2025-07-24,1,26.2,35.4,12.3,0.45,2,0,0,normal,none,-0.04578157966799762,0.04578157966799762,0
R01166,P0508,S08,3,Drug_B,60.3,F,2025-05-24,2025-05-23,-1,31.5,36.5,12.3,0.79,7,0,1,both_detectable,date_plus_queries,-0.01834294310562079,0.01834294310562079,0
R01167,P0554,S08,2,Drug_B,57.4,M,2025-07-12,2025-07-19,7,20.7,11.6,12.6,0.86,1,0,0,normal,none,-0.09481808642871659,0.09481808642871659,0
R01168,P0316,S04,4,Drug_A,21.4,F,2025-07-20,2025-07-22,2,25.8,18.2,11.8,0.93,1,0,0,normal,none,-0.0675979722993364,0.0675979722993364,0
R01169,P0543,S10,3,Drug_B,32.5,M,2025-07-10,2025-07-18,8,42.2,40.3,14.7,0.79,2,0,0,normal,none,-0.06835344070849786,0.06835344070849786,0
R01170,P0195,S05,1,Drug_A,44.2,M,2025-01-10,2025-01-11,1,30.1,25.8,13.6,1.2,1,0,0,normal,none,-0.07822273510697897,0.07822273510697897,0
R01171,P0608,S05,4,Placebo,48.7,F,2025-06-15,2025-06-17,2,36.4,34.1,12.4,0.66,2,0,0,normal,none,-0.106296383346966,0.106296383346966,0
R01172,P0487,S06,4,Drug_A,51.1,F,2025-09-06,2025-09-14,8,27.0,20.3,14.4,0.67,3,0,0,normal,none,-0.09476621104978622,0.09476621104978622,0
R01173,P0063,S05,5,Drug_A,57.9,M,2025-09-01,2025-09-01,0,28.8,30.8,14.5,0.82,2,1,0,normal,none,0.025303752268287183,-0.025303752268287183,1
R01174,P0724,S08,4,Placebo,42.8,M,2025-03-30,2025-04-01,2,52.4,50.0,15.8,0.99,1,0,0,normal,none,-0.025331516439168478,0.025331516439168478,0
R01175,P0003,S01,5,Placebo,43.4,M,2025-09-04,2025-09-07,3,,35.3,14.1,0.71,2,0,1,rule_detectable,missing_required_lab:ALT,0.007652052281678534,-0.007652052281678534,1
R01176,P0562,S02,1,Placebo,61.1,F,2025-06-02,2025-06-05,3,47.4,45.5,13.2,0.66,1,0,0,normal,none,-0.06005040199039169,0.06005040199039169,0
R01177,P0279,S02,3,Drug_B,37.2,M,2025-04-10,2025-04-13,3,13.6,10.8,14.0,1.13,2,0,0,normal,none,-0.0751865194793166,0.0751865194793166,0
R01178,P0052,S06,4,Drug_A,53.4,F,2025-04-16,2025-04-19,3,9.2,9.0,13.0,0.9,3,0,0,normal,none,-0.07578809196393832,0.07578809196393832,0
R01179,P0448,S03,1,Drug_A,60.4,M,2025-03-04,2025-03-07,3,17.6,16.2,12.3,0.68,1,0,0,normal,none,-0.09572090255276139,0.09572090255276139,0
R01180,P0727,S07,4,Placebo,66.0,M,2025-08-21,2025-08-30,9,23.9,24.8,16.4,1.13,3,0,0,normal,none,-0.02899409635605915,0.02899409635605915,0
R01181,P0609,S08,3,Drug_A,60.6,M,2025-02-24,2025-03-09,13,30.4,34.0,12.9,0.84,0,0,0,normal,none,-0.05981828468017508,0.05981828468017508,0
R01182,P0639,S05,2,Placebo,34.0,M,2025-03-06,2025-03-12,6,26.1,23.7,13.8,0.91,4,0,0,normal,none,-0.08831061938470525,0.08831061938470525,0
R01183,P0148,S03,3,Drug_A,45.2,M,2025-04-08,2025-04-13,5,42.6,37.4,14.1,1.15,4,0,0,normal,none,-0.06792167723383546,0.06792167723383546,0
R01184,P0070,S08,5,Drug_B,32.6,F,2025-08-26,2025-08-31,5,20.7,22.0,11.9,0.86,4,0,0,normal,none,-0.06344592407506766,0.06344592407506766,0
R01185,P0108,S10,5,Placebo,39.9,F,2025-09-09,2025-09-15,6,15.2,12.1,12.5,1.03,1,0,0,normal,none,-0.06648300860177342,0.06648300860177342,0
R01186,P0577,S02,3,Placebo,58.8,M,2025-05-02,2025-05-07,5,38.8,25.9,15.0,0.79,3,0,0,normal,none,-0.09569783684444905,0.09569783684444905,0
R01187,P0290,S05,2,Placebo,58.0,F,2025-05-24,2025-05-26,2,31.9,27.6,12.1,0.52,1,0,0,normal,none,-0.09447679009501925,0.09447679009501925,0
R01188,P0067,S03,1,Placebo,46.1,F,2025-04-21,2025-04-26,5,26.5,28.6,12.2,1.01,1,0,0,normal,none,-0.09584994683207182,0.09584994683207182,0
R01189,P0369,S02,1,Drug_A,58.6,F,2025-01-06,2025-01-10,4,9.7,8.0,15.4,0.88,1,0,0,normal,none,-0.033252898391426366,0.033252898391426366,0
R01190,P0375,S06,5,Placebo,39.3,F,2025-07-04,2025-07-09,5,23.3,8.0,14.1,0.84,1,0,0,normal,none,-0.005250456037623308,0.005250456037623308,0
R01191,P0446,S06,2,Placebo,62.4,M,2025-04-16,2025-04-20,4,33.0,28.5,14.6,0.81,3,0,0,normal,none,-0.10501633561204676,0.10501633561204676,0
R01192,P0579,S01,5,Placebo,59.7,M,2025-07-02,2025-07-03,1,48.3,58.0,12.5,0.96,6,0,1,ml_multivariate,visit_lab_query_pattern,0.0343678035972953,-0.0343678035972953,1
R01193,P0343,S07,5,Drug_A,32.8,M,2025-08-09,2025-09-14,36,48.0,56.5,12.9,0.83,2,0,1,both_detectable,delay_plus_labs,0.062336537796893854,-0.062336537796893854,1
R01194,P0645,S02,2,Drug_B,45.3,F,2025-06-18,2025-06-21,3,17.1,12.6,11.0,0.59,1,0,1,rule_detectable,duplicate_record,-0.0796915958418879,0.0796915958418879,0
R01195,P0538,S07,2,Drug_B,54.0,M,2025-06-23,2025-06-23,0,13.2,8.0,16.2,1.04,0,0,0,normal,none,-0.010926510423710123,0.010926510423710123,0
R01196,P0217,S05,1,Drug_A,42.1,M,2025-05-04,2025-05-05,1,25.6,20.3,12.5,0.61,0,0,0,normal,none,-0.07783167674042579,0.07783167674042579,0
R01197,P0092,S03,5,Drug_A,64.9,F,2025-07-15,2025-07-18,3,57.2,53.2,15.4,0.6,3,0,0,normal,none,0.023135159747888046,-0.023135159747888046,1
R01198,P0290,S05,3,Placebo,66.8,F,2025-06-24,2025-06-30,6,19.0,9.3,13.9,0.82,1,0,0,normal,none,-0.069106929108463,0.069106929108463,0
R01199,P0198,S05,4,Drug_A,57.1,M,2025-04-12,2025-04-17,5,22.5,19.6,14.3,0.91,0,0,0,normal,none,-0.10816310068260832,0.10816310068260832,0
R01200,P0030,S05,3,Drug_A,66.2,M,2025-06-23,2025-06-27,4,19.2,13.9,13.8,0.74,1,0,0,normal,none,-0.1136796050377128,0.1136796050377128,0
R01201,P0282,S06,4,Placebo,54.8,M,2025-06-02,2025-06-08,6,37.4,31.2,11.4,0.87,0,0,0,normal,none,-0.09112602020219446,0.09112602020219446,0
R01202,P0248,S02,5,Drug_B,37.2,M,2025-05-23,2025-05-24,1,26.1,24.6,14.1,0.79,0,0,0,normal,none,-0.07977677740915257,0.07977677740915257,0
R01203,P0666,S05,5,Drug_A,40.9,F,2025-08-19,2025-08-21,2,23.7,23.8,10.5,0.66,5,0,0,normal,none,-0.030810196463855632,0.030810196463855632,0
R01204,P0245,S03,1,Drug_A,53.4,M,2025-06-22,2025-06-22,0,26.3,21.1,12.5,0.95,1,0,0,normal,none,-0.10798405616910872,0.10798405616910872,0
R01205,P0156,S10,4,Drug_A,65.4,M,2025-06-19,2025-06-22,3,42.0,29.3,15.0,0.73,1,0,0,normal,none,-0.07893329559860779,0.07893329559860779,0
R01206,P0564,S01,2,Drug_A,37.6,F,2025-05-06,2025-05-08,2,,23.9,12.2,0.69,6,0,1,both_detectable,missing_plus_queries,0.039314602928854914,-0.039314602928854914,1
R01207,P0092,S03,1,Drug_B,41.2,M,2025-03-14,2025-03-18,4,58.2,35.0,13.7,1.08,1,0,0,normal,none,-0.020503949776591257,0.020503949776591257,0
R01208,P0533,S08,4,Drug_B,44.1,F,2025-09-18,2025-09-21,3,40.9,18.0,14.6,0.77,4,0,0,normal,none,-0.04376809777271512,0.04376809777271512,0
R01209,P0475,S01,1,Placebo,50.2,F,2025-04-05,2025-04-24,19,47.5,37.9,11.4,0.67,0,0,0,normal,none,-0.006340956578036128,0.006340956578036128,0
R01210,P0080,S06,4,Drug_B,57.9,M,2025-04-18,2025-04-21,3,29.1,24.5,15.0,0.92,0,0,0,normal,none,-0.10203091495949912,0.10203091495949912,0
R01211,P0133,S04,5,Drug_A,42.6,F,2025-08-03,2025-08-03,0,23.0,19.8,11.8,0.78,0,0,0,normal,none,-0.0748309185223654,0.0748309185223654,0
R01212,P0055,S07,2,Drug_B,48.1,F,2025-06-19,2025-06-21,2,21.4,19.1,11.9,1.06,1,0,0,normal,none,-0.1041683566132679,0.1041683566132679,0
R01213,P0514,S08,4,Drug_B,29.9,F,2025-06-05,2025-06-05,0,67.9,44.6,12.8,0.7,5,0,1,ml_multivariate,visit_lab_query_pattern,0.04419414547270595,-0.04419414547270595,1
R01214,P0148,S03,5,Drug_B,56.9,M,2025-07-29,2025-07-31,2,18.0,10.5,14.0,0.88,1,0,0,normal,none,-0.08149822748773822,0.08149822748773822,0
R01215,P0178,S04,4,Drug_B,53.7,M,2025-07-05,2025-07-05,0,39.8,33.5,13.0,0.96,1,0,0,normal,none,-0.10194274787246632,0.10194274787246632,0
R01216,P0120,S04,5,Drug_B,27.6,F,2025-05-05,2025-05-10,5,32.5,32.5,12.4,0.76,1,0,0,normal,none,-0.06620219556103835,0.06620219556103835,0
R01217,P0280,S07,3,Drug_B,35.9,M,2025-03-21,2025-03-23,2,51.9,63.2,13.2,0.92,3,0,0,normal,none,-0.011685265497182684,0.011685265497182684,0
R01218,P0675,S10,1,Placebo,50.6,M,2025-01-14,2025-01-21,7,16.7,9.8,15.7,0.71,2,0,0,normal,none,-0.04097596159688943,0.04097596159688943,0
R01219,P0044,S01,1,Placebo,62.5,F,2025-05-09,2025-05-13,4,22.1,23.6,13.0,0.96,4,0,0,normal,none,-0.08439660505928148,0.08439660505928148,0
R01220,P0353,S05,4,Drug_B,36.0,M,2025-04-06,2025-04-06,0,17.1,18.9,12.7,1.04,0,0,0,normal,none,-0.061647671769060886,0.061647671769060886,0
R01221,P0115,S09,3,Drug_B,68.2,F,2025-04-26,2025-04-26,0,46.9,33.9,13.3,0.96,3,0,0,normal,none,-0.0720564798076182,0.0720564798076182,0
R01222,P0285,S01,2,Drug_A,55.5,M,2025-02-02,2025-02-05,3,28.8,27.1,14.8,1.1,3,0,0,normal,none,-0.09358108765634804,0.09358108765634804,0
R01223,P0174,S08,3,Placebo,44.5,M,2025-05-23,2025-05-29,6,27.9,20.3,13.0,0.72,3,0,0,normal,none,-0.11649232595868986,0.11649232595868986,0
R01224,P0181,S04,2,Drug_A,48.5,M,2025-05-26,2025-05-30,4,12.3,10.9,12.0,1.15,0,0,0,normal,none,-0.05463636737602029,0.05463636737602029,0
R01225,P0585,S06,5,Drug_B,49.0,M,2025-05-27,2025-05-30,3,20.9,12.6,14.1,0.93,0,0,0,normal,none,-0.0771476789984954,0.0771476789984954,0
R01226,P0699,S06,5,Drug_B,66.7,M,2025-07-01,2025-07-04,3,14.6,8.2,15.2,1.01,4,0,0,normal,none,-0.015958170327374177,0.015958170327374177,0
R01227,P0230,S01,1,Drug_B,37.5,M,2025-04-03,2025-04-05,2,18.1,22.3,14.5,0.79,2,0,0,normal,none,-0.07446764460310029,0.07446764460310029,0
R01228,P0592,S03,5,Drug_A,52.5,F,2025-05-05,2025-05-09,4,28.8,21.3,13.0,0.9,2,0,0,normal,none,-0.11698510209446289,0.11698510209446289,0
R01229,P0012,S07,2,Drug_B,57.4,M,2025-02-13,2025-02-11,-2,27.5,25.6,12.8,1.08,9,0,1,both_detectable,date_plus_queries,0.012001268347649918,-0.012001268347649918,1
R01230,P0582,S09,3,Drug_A,68.2,M,2025-05-20,2025-05-20,0,27.1,17.9,13.8,0.63,2,0,0,normal,none,-0.10229159318841974,0.10229159318841974,0
R01231,P0223,S06,2,Drug_A,59.2,M,2025-03-08,2025-03-10,2,15.3,13.2,12.3,0.97,5,0,0,normal,none,-0.0629158012305373,0.0629158012305373,0
R01232,P0318,S03,5,Drug_A,26.9,F,2025-07-08,2025-07-15,7,27.0,17.1,12.4,0.55,1,0,0,normal,none,-0.04139446879874331,0.04139446879874331,0
R01233,P0361,S10,2,Drug_B,48.9,M,2025-04-04,2025-04-06,2,38.9,38.8,13.5,0.81,3,0,0,normal,none,-0.09761925536086963,0.09761925536086963,0
R01234,P0475,S01,5,Placebo,61.5,M,2025-08-21,2025-08-28,7,15.9,8.0,14.9,0.97,1,0,0,normal,none,-0.028763997335454816,0.028763997335454816,0
R01235,P0708,S03,5,Drug_B,46.8,M,2025-05-08,2025-05-16,8,24.3,16.9,14.2,0.84,1,0,0,normal,none,-0.09035131719848422,0.09035131719848422,0
R01236,P0159,S02,1,Drug_B,52.4,M,2025-04-05,2025-04-08,3,32.0,18.2,13.6,1.02,0,0,0,normal,none,-0.07953925336345224,0.07953925336345224,0
R01237,P0347,S04,4,Drug_A,55.7,F,2025-05-26,2025-05-28,2,44.6,29.3,13.5,0.83,0,0,0,normal,none,-0.09007837510081435,0.09007837510081435,0
R01238,P0053,S09,3,Drug_B,59.4,F,2025-08-01,2025-08-03,2,40.0,33.7,11.8,0.73,1,0,0,normal,none,-0.10650380663707687,0.10650380663707687,0
R01239,P0289,S03,1,Drug_A,37.9,M,2025-05-18,2025-05-20,2,31.1,30.6,13.4,0.89,4,1,0,normal,none,0.035839059653087646,-0.035839059653087646,1
R01240,P0541,S01,5,Placebo,53.4,F,2025-05-27,2025-06-01,5,24.4,22.7,12.2,1.0,1,0,0,normal,none,-0.10180565275548492,0.10180565275548492,0
R01241,P0684,S10,3,Placebo,49.3,F,2025-02-27,2025-03-02,3,30.9,30.6,9.7,0.75,2,0,0,normal,none,-0.09668182952535026,0.09668182952535026,0
R01242,P0313,S08,2,Drug_A,28.2,F,2025-02-19,2025-02-22,3,13.7,12.8,13.4,0.88,3,0,0,normal,none,-0.0741563144677545,0.0741563144677545,0
R01243,P0176,S09,5,Placebo,65.2,M,2025-06-01,2025-06-06,5,61.8,72.7,14.6,0.95,1,0,0,normal,none,0.03864993520220339,-0.03864993520220339,1
R01244,P0654,S08,1,Drug_B,46.4,F,2025-04-01,2025-04-02,1,31.9,22.4,11.9,0.66,2,0,0,normal,none,-0.09556774470187879,0.09556774470187879,0
R01245,P0206,S10,2,Drug_A,54.1,M,2025-06-15,2025-06-17,2,20.9,21.4,11.3,1.05,1,0,0,normal,none,-0.09407230862594795,0.09407230862594795,0
R01246,P0316,S04,4,Placebo,36.8,M,2025-07-04,2025-07-08,4,22.4,22.6,14.8,0.97,2,0,0,normal,none,-0.1003647803119615,0.1003647803119615,0
R01247,P0706,S04,4,Drug_B,62.8,M,2025-04-19,2025-04-19,0,27.1,26.9,13.8,1.12,3,0,0,normal,none,-0.0869021832863478,0.0869021832863478,0
R01248,P0272,S01,2,Placebo,48.2,F,2025-06-22,2025-06-24,2,14.7,11.0,10.8,0.76,3,0,0,normal,none,-0.07330755487789714,0.07330755487789714,0
R01249,P0204,S02,4,Drug_A,70.5,F,2025-09-17,2025-09-20,3,21.6,16.8,13.0,0.89,1,0,0,normal,none,-0.11097915205580261,0.11097915205580261,0
R01250,P0544,S03,2,Placebo,44.7,F,2025-03-22,2025-03-25,3,36.8,16.4,13.1,0.93,2,0,0,normal,none,-0.08012122666320126,0.08012122666320126,0
R01251,P0442,S08,2,Placebo,40.4,M,2025-06-16,2025-06-19,3,19.8,18.7,12.7,0.95,3,0,0,normal,none,-0.10577570318251867,0.10577570318251867,0
R01252,P0257,S07,2,Placebo,65.1,M,2025-03-29,2025-05-07,39,71.0,46.3,13.2,1.02,0,0,1,both_detectable,delay_plus_labs,0.09177554148818212,-0.09177554148818212,1
R01253,P0183,S08,2,Drug_B,75.2,F,2025-04-06,2025-04-07,1,32.5,22.7,13.0,0.81,2,0,0,normal,none,-0.09844725578529534,0.09844725578529534,0
R01254,P0703,S05,4,Drug_A,46.0,M,2025-05-11,2025-05-14,3,15.6,13.1,16.4,0.78,1,0,0,normal,none,-0.0607000363088685,0.0607000363088685,0
R01255,P0353,S05,3,Placebo,27.8,M,2025-06-19,2025-06-25,6,18.3,19.7,12.8,0.85,2,0,0,normal,none,-0.0848537785398546,0.0848537785398546,0
R01256,P0274,S09,2,Drug_A,85.0,M,2025-02-18,2025-02-18,0,,41.9,13.7,1.03,9,0,1,both_detectable,missing_plus_queries,0.12316790351571594,-0.12316790351571594,1
R01257,P0453,S01,2,Placebo,64.1,M,2025-07-14,2025-07-21,7,22.6,14.0,16.2,1.26,2,0,0,normal,none,-0.01980926871613059,0.01980926871613059,0
R01258,P0693,S02,5,Placebo,85.0,F,2025-09-09,2025-09-12,3,24.0,16.8,11.8,0.74,2,0,0,normal,none,-0.04381606433350915,0.04381606433350915,0
R01259,P0621,S03,1,Placebo,70.3,F,2025-03-09,2025-03-14,5,24.5,12.5,12.6,0.46,4,0,0,normal,none,-0.00734612107577548,0.00734612107577548,0
R01260,P0145,S03,1,Drug_B,51.0,F,2025-04-29,2025-04-30,1,32.4,28.7,10.5,0.94,2,0,0,normal,none,-0.08640410472675275,0.08640410472675275,0
R01261,P0530,S02,4,Drug_B,26.9,F,2025-07-29,2025-08-03,5,22.8,21.1,13.1,0.9,1,0,0,normal,none,-0.09461550477402719,0.09461550477402719,0
R01262,P0454,S06,3,Drug_B,49.6,M,2025-03-27,2025-04-01,5,35.3,37.4,14.0,0.98,1,0,0,normal,none,-0.10270891511612612,0.10270891511612612,0
R01263,P0602,S10,4,Drug_A,62.0,M,2025-09-01,2025-09-13,12,21.8,15.7,14.1,0.92,2,0,0,normal,none,-0.0824351979260281,0.0824351979260281,0
R01264,P0608,S05,1,Drug_A,59.3,F,2025-01-30,2025-02-03,4,27.8,39.6,12.5,0.73,2,0,0,normal,none,-0.06579767718623669,0.06579767718623669,0
R01265,P0350,S04,1,Placebo,31.4,F,2025-03-03,2025-03-03,0,14.1,13.6,11.8,0.71,1,0,0,normal,none,-0.05400174846099359,0.05400174846099359,0
R01266,P0677,S07,4,Drug_B,61.9,F,2025-04-26,2025-04-29,3,17.7,18.4,13.0,0.77,1,0,0,normal,none,-0.1111408386082462,0.1111408386082462,0
R01267,P0289,S03,2,Drug_B,59.3,M,2025-05-12,2025-05-13,1,31.9,36.1,14.2,0.89,2,0,0,normal,none,-0.09708256129932091,0.09708256129932091,0
R01268,P0346,S04,2,Placebo,69.6,M,2025-02-13,2025-02-15,2,23.4,24.9,14.3,1.1,1,0,0,normal,none,-0.08749084489864378,0.08749084489864378,0
R01269,P0670,S05,4,Drug_B,43.1,M,2025-04-02,2025-03-31,-2,31.7,31.2,13.0,0.7,9,0,1,both_detectable,date_plus_queries,-0.004274959688743085,0.004274959688743085,0
R01270,P0719,S03,2,Drug_A,49.7,F,2025-04-26,2025-04-28,2,32.0,23.9,13.1,0.61,3,0,0,normal,none,-0.10836531672559113,0.10836531672559113,0
R01271,P0182,S09,3,Drug_B,70.6,M,2025-05-30,2025-05-31,1,21.9,17.1,13.6,1.15,2,0,0,normal,none,-0.09054621962773024,0.09054621962773024,0
R01272,P0435,S10,5,Placebo,44.7,M,2025-05-29,2025-06-03,5,15.3,8.0,13.3,1.27,3,0,0,normal,none,-0.002427357652415918,0.002427357652415918,0
R01273,P0635,S04,1,Drug_A,65.8,F,2025-05-29,2025-05-29,0,18.2,8.1,12.6,0.92,3,0,0,normal,none,-0.03353827039356255,0.03353827039356255,0
R01274,P0179,S04,5,Placebo,41.7,M,2025-05-10,2025-05-10,0,14.1,12.4,12.1,0.94,1,0,0,normal,none,-0.07040460081233246,0.07040460081233246,0
R01275,P0353,S05,5,Drug_A,53.1,F,2025-08-04,2025-08-06,2,19.6,24.8,14.0,0.88,3,0,0,normal,none,-0.08404492908051503,0.08404492908051503,0
R01276,P0700,S08,1,Drug_A,44.7,F,2025-04-23,2025-04-26,3,34.3,20.4,12.4,1.03,4,0,0,normal,none,-0.06995774650592862,0.06995774650592862,0
R01277,P0672,S03,5,Placebo,55.3,F,2025-06-17,2025-06-23,6,27.7,19.2,12.2,0.84,4,0,0,normal,none,-0.07786765731089706,0.07786765731089706,0
R01278,P0461,S08,3,Drug_B,30.7,M,2025-04-09,2025-04-12,3,33.5,25.3,14.0,0.55,0,0,0,normal,none,-0.061363753265132104,0.061363753265132104,0
R01279,P0045,S06,5,Drug_A,47.1,M,2025-05-09,2025-05-13,4,60.7,59.9,12.1,0.76,6,0,1,ml_multivariate,visit_lab_query_pattern,0.04759980253737017,-0.04759980253737017,1
R01280,P0424,S05,5,Placebo,56.8,M,2025-08-08,2025-08-10,2,18.3,14.2,12.0,1.14,2,1,0,normal,none,0.0339249805934696,-0.0339249805934696,1
R01281,P0216,S03,2,Drug_B,49.4,M,2025-05-17,2025-05-21,4,14.6,13.2,15.1,0.93,4,0,0,normal,none,-0.06792481416739032,0.06792481416739032,0
R01282,P0415,S01,4,Drug_A,64.2,F,2025-04-22,2025-04-25,3,36.0,31.4,12.5,0.74,3,0,0,normal,none,-0.10188796433291136,0.10188796433291136,0
R01283,P0595,S09,4,Drug_B,18.0,F,2025-07-02,2025-07-02,0,15.1,19.3,12.2,1.24,2,0,0,normal,none,0.016689279384920264,-0.016689279384920264,1
R01284,P0625,S02,3,Placebo,41.1,M,2025-06-11,2025-06-13,2,24.4,28.5,13.8,0.84,0,0,0,normal,none,-0.09460475628054738,0.09460475628054738,0
R01285,P0229,S04,5,Drug_B,57.9,F,2025-07-29,2025-07-30,1,24.8,17.8,11.9,0.63,3,0,0,normal,none,-0.07982714793242096,0.07982714793242096,0
R01286,P0485,S09,5,Drug_B,53.7,M,2025-10-17,2025-10-17,0,24.5,23.5,13.1,0.86,0,0,0,normal,none,-0.09237033047193527,0.09237033047193527,0
R01287,P0213,S03,3,Placebo,44.2,F,2025-07-26,2025-08-01,6,13.6,9.6,12.2,0.92,1,0,0,normal,none,-0.08350406358013002,0.08350406358013002,0
R01288,P0100,S03,5,Drug_B,30.2,M,2025-08-12,2025-08-17,5,25.3,8.5,13.5,0.61,1,0,0,normal,none,0.014789725113957153,-0.014789725113957153,1
R01289,P0431,S02,1,Drug_B,58.5,M,2025-06-21,2025-06-23,2,34.7,22.2,14.4,0.75,1,0,0,normal,none,-0.09195702756658791,0.09195702756658791,0
R01290,P0640,S04,1,Drug_A,52.5,F,2025-03-21,2025-03-23,2,24.8,20.7,13.3,0.89,1,0,0,normal,none,-0.11941711225691981,0.11941711225691981,0
R01291,P0411,S04,2,Drug_A,22.3,M,2025-06-22,2025-06-23,1,62.4,41.0,14.2,0.82,2,0,0,normal,none,0.011923899213019729,-0.011923899213019729,1
R01292,P0360,S08,2,Drug_B,56.2,F,2025-06-26,2025-06-26,0,43.7,26.8,13.1,0.79,2,0,0,normal,none,-0.09786006976174733,0.09786006976174733,0
R01293,P0125,S06,2,Drug_B,85.0,M,2025-03-31,2025-04-08,8,19.4,15.3,12.8,0.8,4,0,0,normal,none,-0.039893877625130914,0.039893877625130914,0
R01294,P0696,S10,1,Drug_A,68.5,M,2025-02-05,2025-02-07,2,39.3,21.5,15.9,0.87,0,0,0,normal,none,-0.02532647329011234,0.02532647329011234,0
R01295,P0269,S03,1,Drug_A,56.4,F,2025-03-13,2025-03-14,1,44.3,38.3,14.1,0.89,2,0,0,normal,none,-0.0838971659213843,0.0838971659213843,0
R01296,P0378,S05,1,Drug_A,33.0,F,2025-06-28,2025-06-30,2,28.1,30.7,12.1,0.67,1,0,0,normal,none,-0.07526397370153848,0.07526397370153848,0
R01297,P0261,S01,4,Drug_B,66.1,M,2025-09-12,2025-09-13,1,30.4,14.8,13.3,0.93,3,0,0,normal,none,-0.0748573465343324,0.0748573465343324,0
R01298,P0544,S03,2,Drug_A,54.4,F,2025-05-18,2025-05-20,2,24.8,24.8,13.9,0.99,3,0,0,normal,none,-0.11244021294484119,0.11244021294484119,0
R01299,P0369,S02,4,Placebo,31.5,F,2025-07-18,2025-07-24,6,18.8,12.9,12.5,0.86,2,0,0,normal,none,-0.08827681513704455,0.08827681513704455,0
R01300,P0105,S04,3,Drug_A,64.3,M,2025-08-16,2025-08-17,1,31.6,26.2,14.1,1.02,1,0,0,normal,none,-0.11090458045369045,0.11090458045369045,0
R01301,P0260,S02,2,Drug_A,66.6,F,2025-03-22,2025-03-23,1,29.7,14.5,10.7,0.45,3,0,0,normal,none,-0.01850538009731989,0.01850538009731989,0
R01302,P0535,S08,4,Drug_B,60.1,F,2025-05-21,2025-05-22,1,23.4,22.3,11.1,0.79,2,0,0,normal,none,-0.10070575369390716,0.10070575369390716,0
R01303,P0700,S08,3,Drug_B,51.8,F,2025-04-02,2025-04-04,2,35.9,38.4,14.0,0.93,2,0,0,normal,none,-0.10531577377716828,0.10531577377716828,0
R01304,P0223,S06,4,Drug_B,31.0,M,2025-04-05,2025-04-08,3,19.4,19.2,14.5,0.87,2,0,0,normal,none,-0.0928814019434156,0.0928814019434156,0
R01305,P0308,S03,4,Drug_B,69.2,M,2025-05-03,2025-05-07,4,29.2,19.1,12.1,0.86,1,0,0,normal,none,-0.10686528234720544,0.10686528234720544,0
R01306,P0492,S06,3,Drug_A,47.1,M,2025-04-25,2025-04-26,1,43.7,44.4,12.7,1.13,1,0,0,normal,none,-0.07066929886464796,0.07066929886464796,0
R01307,P0508,S08,1,Drug_B,63.4,M,2025-05-05,2025-05-09,4,38.3,33.9,14.9,0.96,0,1,0,normal,none,0.04969730380649584,-0.04969730380649584,1
R01308,P0584,S09,4,Drug_B,48.0,M,2025-04-05,2025-04-05,0,18.2,22.2,14.0,0.79,2,0,0,normal,none,-0.09713416414255738,0.09713416414255738,0
R01309,P0735,S08,2,Placebo,69.0,M,2025-06-03,2025-06-02,-1,17.5,13.2,14.5,1.22,8,0,1,both_detectable,date_plus_queries,0.0242849473846809,-0.0242849473846809,1
R01310,P0335,S07,3,Drug_B,38.0,F,2025-07-21,2025-07-21,0,28.7,32.0,11.4,1.05,2,0,0,normal,none,-0.07578576861571373,0.07578576861571373,0
R01311,P0314,S01,2,Placebo,80.7,M,2025-05-29,2025-05-31,2,23.8,23.2,12.5,0.75,1,0,0,normal,none,-0.09180686903071267,0.09180686903071267,0
R01312,P0368,S10,2,Drug_B,64.5,M,2025-04-23,2025-04-25,2,46.0,20.4,14.0,0.99,2,0,0,normal,none,-0.04887265823048392,0.04887265823048392,0
R01313,P0509,S09,2,Drug_A,76.7,F,2025-07-02,2025-07-05,3,17.7,8.6,13.3,0.9,1,0,0,normal,none,-0.05301756865094248,0.05301756865094248,0
R01314,P0580,S03,5,Drug_A,72.4,M,2025-07-18,2025-07-22,4,29.9,30.5,13.9,0.95,0,0,0,normal,none,-0.0727230976586421,0.0727230976586421,0
R01315,P0203,S10,5,Drug_B,40.7,F,2025-06-17,2025-06-26,9,16.9,14.3,14.3,0.92,0,1,0,normal,none,0.040410173995217735,-0.040410173995217735,1
R01316,P0164,S08,3,Drug_A,49.4,M,2025-03-18,2025-03-26,8,47.1,43.5,11.9,0.89,2,0,0,normal,none,-0.07921911526636632,0.07921911526636632,0
R01317,P0053,S09,1,Drug_B,76.9,M,2025-01-27,2025-01-29,2,22.7,14.3,13.5,0.73,2,0,0,normal,none,-0.07262523720862918,0.07262523720862918,0
R01318,P0565,S04,4,Placebo,35.7,F,2025-06-10,2025-06-10,0,34.9,30.4,12.2,1.08,4,0,0,normal,none,-0.06534651467002378,0.06534651467002378,0
R01319,P0580,S03,5,Placebo,37.9,F,2025-07-14,2025-07-16,2,33.4,29.1,12.4,0.83,2,0,0,normal,none,-0.09812604055943502,0.09812604055943502,0
R01320,P0312,S04,4,Drug_B,66.1,F,2025-06-27,2025-06-28,1,24.3,15.4,11.0,0.85,0,0,0,normal,none,-0.07784041294669003,0.07784041294669003,0
R01321,P0259,S06,2,Drug_B,58.5,M,2025-07-04,2025-07-07,3,44.0,49.7,13.4,0.78,1,0,0,normal,none,-0.07594018532296654,0.07594018532296654,0
R01322,P0446,S06,2,Drug_A,66.8,F,2025-04-01,2025-04-01,0,16.2,15.9,13.0,1.0,2,0,0,normal,none,-0.09643952312545417,0.09643952312545417,0
R01323,P0235,S10,2,Drug_B,29.0,M,2025-02-06,2025-02-09,3,28.4,24.4,13.5,0.76,5,0,0,normal,none,-0.06615705177277054,0.06615705177277054,0
R01324,P0549,S05,1,Drug_B,67.6,M,2025-06-15,2025-06-26,11,17.8,12.5,14.6,0.79,1,0,0,normal,none,-0.052820029726405815,0.052820029726405815,0
R01325,P0656,S02,2,Placebo,25.7,M,2025-02-09,2025-02-11,2,17.8,13.5,14.4,0.84,4,0,0,normal,none,-0.05478568836218839,0.05478568836218839,0
R01326,P0534,S07,5,Drug_A,56.8,F,2025-09-15,2025-09-15,0,37.1,30.1,15.2,0.95,2,0,0,normal,none,-0.07397388337237881,0.07397388337237881,0
R01327,P0358,S01,2,Drug_A,44.2,F,2025-07-21,2025-07-27,6,27.6,17.9,13.2,0.8,1,0,0,normal,none,-0.1138138795472508,0.1138138795472508,0
R01328,P0157,S10,1,Placebo,59.0,M,2025-02-18,2025-02-20,2,29.0,19.5,11.8,1.07,2,0,0,normal,none,-0.08886390949957929,0.08886390949957929,0
R01329,P0138,S03,3,Placebo,72.9,F,2025-04-05,2025-04-06,1,21.1,26.0,11.4,1.26,4,0,0,normal,none,-0.018814377463054033,0.018814377463054033,0
R01330,P0672,S03,1,Drug_A,64.2,M,2025-03-09,2025-03-10,1,16.2,15.5,15.0,0.76,0,0,0,normal,none,-0.059852405102984174,0.059852405102984174,0
R01331,P0483,S06,4,Placebo,42.4,M,2025-06-21,2025-06-23,2,17.0,11.5,14.0,0.52,6,0,0,normal,none,-0.03157660133098117,0.03157660133098117,0
R01332,P0424,S05,3,Drug_B,53.3,M,2025-05-28,2025-05-30,2,31.2,14.4,14.2,1.04,3,0,0,normal,none,-0.07169802257373897,0.07169802257373897,0
R01333,P0749,S07,3,Drug_A,59.2,F,2025-04-18,2025-04-25,7,23.5,19.9,12.0,1.02,2,0,0,normal,none,-0.1098839636315494,0.1098839636315494,0
R01334,P0093,S06,1,Drug_B,76.1,M,2025-06-22,2025-06-25,3,25.4,16.0,13.4,0.74,0,0,0,normal,none,-0.07057077985635979,0.07057077985635979,0
R01335,P0119,S02,5,Drug_B,47.1,M,2025-08-30,2025-08-31,1,24.8,17.6,13.8,0.76,1,0,0,normal,none,-0.1048771413306453,0.1048771413306453,0
R01336,P0663,S01,2,Placebo,33.7,F,2025-02-07,2025-02-10,3,44.5,45.6,12.1,0.66,2,0,0,normal,none,-0.06501065004313172,0.06501065004313172,0
R01337,P0458,S10,2,Drug_B,53.9,M,2025-01-28,2025-01-30,2,16.4,14.4,13.5,1.03,3,0,0,normal,none,-0.0995500201774957,0.0995500201774957,0
R01338,P0399,S02,2,Drug_A,64.0,M,2025-07-09,2025-07-14,5,20.1,12.5,12.8,0.98,1,0,0,normal,none,-0.09973525701782954,0.09973525701782954,0
R01339,P0233,S08,2,Drug_B,67.7,M,2025-05-30,2025-06-01,2,27.6,30.6,13.1,0.79,3,0,0,normal,none,-0.10101093389057014,0.10101093389057014,0
R01340,P0443,S06,1,Drug_B,36.5,F,2025-03-29,2025-03-31,2,24.9,26.5,12.9,0.75,2,0,0,normal,none,-0.09918690810627617,0.09918690810627617,0
R01341,P0629,S08,1,Placebo,60.7,F,2025-06-20,2025-06-23,3,37.5,22.2,10.2,1.16,0,0,0,normal,none,-0.027876957784772338,0.027876957784772338,0
R01342,P0027,S08,3,Drug_B,43.5,M,2025-08-08,2025-08-10,2,29.2,19.2,13.9,0.82,1,0,0,normal,none,-0.1230872320781971,0.1230872320781971,0
R01343,P0396,S07,5,Drug_B,47.8,M,2025-05-23,2025-05-23,0,41.4,37.4,11.3,0.97,2,0,0,normal,none,-0.06300007934831209,0.06300007934831209,0
R01344,P0603,S05,1,Drug_A,39.6,F,2025-03-07,2025-03-07,0,55.8,30.8,12.8,0.72,1,0,0,normal,none,-0.034376222956740754,0.034376222956740754,0
R01345,P0578,S08,4,Placebo,67.6,F,2025-06-30,2025-07-08,8,44.6,40.4,10.8,0.96,0,0,0,normal,none,-0.04240771925275688,0.04240771925275688,0
R01346,P0284,S08,5,Placebo,72.3,F,2025-05-28,2025-06-01,4,35.1,29.1,12.1,0.99,4,0,0,normal,none,-0.05880667552749225,0.05880667552749225,0
R01347,P0111,S02,1,Drug_A,41.2,F,2025-02-15,2025-02-20,5,31.1,21.9,13.8,0.94,4,0,0,normal,none,-0.08431768215729135,0.08431768215729135,0
R01348,P0295,S05,4,Placebo,63.0,F,2025-04-09,2025-04-09,0,24.3,22.8,13.6,0.76,2,0,0,normal,none,-0.11257107319544507,0.11257107319544507,0
R01349,P0348,S06,1,Drug_B,49.3,F,2025-02-13,2025-02-17,4,28.8,10.3,11.5,0.95,0,0,0,normal,none,-0.00903361127019947,0.00903361127019947,0
R01350,P0623,S07,5,Drug_A,48.2,F,2025-05-27,2025-05-27,0,19.3,18.3,12.3,0.9,0,0,0,normal,none,-0.08257916650850483,0.08257916650850483,0
R01351,P0315,S02,4,Drug_B,38.3,F,2025-09-19,2025-09-22,3,26.0,26.1,12.2,1.06,0,0,0,normal,none,-0.08467644801927748,0.08467644801927748,0
R01352,P0576,S10,2,Placebo,50.3,M,2025-02-03,2025-02-13,10,20.7,16.9,12.6,0.94,1,0,0,normal,none,-0.10107210168791964,0.10107210168791964,0
R01353,P0544,S03,3,Placebo,36.2,M,2025-06-18,2025-06-26,8,32.2,18.6,14.5,0.99,3,0,1,rule_detectable,duplicate_record,-0.06924969677181658,0.06924969677181658,0
R01354,P0644,S04,5,Drug_A,38.0,M,2025-10-13,2025-10-14,1,25.2,19.8,13.3,0.72,1,0,0,normal,none,-0.09684510406089625,0.09684510406089625,0
R01355,P0433,S03,3,Placebo,39.8,F,2025-06-21,2025-06-24,3,28.7,22.2,14.5,0.84,5,0,0,normal,none,-0.0889733229460632,0.0889733229460632,0
R01356,P0719,S03,5,Drug_B,43.4,M,2025-05-08,2025-05-21,13,36.7,31.7,12.5,0.84,3,0,0,normal,none,-0.05867593801220061,0.05867593801220061,0
R01357,P0264,S03,4,Placebo,21.6,F,2025-05-23,2025-05-25,2,31.4,31.4,12.7,0.72,0,0,0,normal,none,-0.05456308031383689,0.05456308031383689,0
R01358,P0700,S08,4,Drug_A,76.3,F,2025-04-03,2025-04-03,0,50.1,31.6,11.9,0.75,2,0,0,normal,none,-0.041188581700908666,0.041188581700908666,0
R01359,P0023,S07,4,Placebo,40.9,F,2025-04-02,2025-04-05,3,23.9,22.5,12.1,0.94,1,0,0,normal,none,-0.11714310979277404,0.11714310979277404,0
R01360,P0359,S02,1,Placebo,62.0,M,2025-02-27,2025-03-03,4,11.9,11.5,13.4,0.69,0,0,0,normal,none,-0.06116367072071388,0.06116367072071388,0
R01361,P0134,S05,3,Drug_B,30.2,M,2025-08-19,2025-08-22,3,23.0,24.1,13.9,0.61,2,0,0,normal,none,-0.09052995239096678,0.09052995239096678,0
R01362,P0614,S02,4,Drug_B,45.4,F,2025-06-22,2025-06-26,4,31.8,30.2,14.1,0.6,0,1,0,normal,none,0.029867365001315038,-0.029867365001315038,1
R01363,P0384,S06,4,Placebo,56.6,F,2025-09-04,2025-09-05,1,32.4,28.0,13.4,0.58,1,0,0,normal,none,-0.10134283239335923,0.10134283239335923,0
R01364,P0211,S04,3,Drug_A,64.3,M,2025-05-13,2025-05-13,0,36.7,20.6,11.3,1.18,0,0,0,normal,none,-0.04030754637928213,0.04030754637928213,0
R01365,P0691,S09,1,Placebo,37.2,F,2025-06-11,2025-06-13,2,38.2,23.3,12.9,0.77,4,0,0,normal,none,-0.0697602280475833,0.0697602280475833,0
R01366,P0111,S02,5,Drug_B,47.8,F,2025-05-09,2025-05-14,5,42.5,40.6,11.3,1.03,2,0,0,normal,none,-0.061568827803548054,0.061568827803548054,0
R01367,P0401,S08,3,Placebo,54.2,M,2025-04-25,2025-04-28,3,29.2,20.8,13.4,1.16,1,0,0,normal,none,-0.10880310398136261,0.10880310398136261,0
R01368,P0667,S07,5,Drug_B,27.1,M,2025-07-15,2025-07-19,4,27.5,16.5,13.7,0.78,1,0,0,normal,none,-0.06823215413716321,0.06823215413716321,0
R01369,P0506,S09,3,Drug_A,58.6,F,2025-05-08,2025-05-08,0,34.0,23.5,13.5,0.59,3,0,0,normal,none,-0.09652969020476959,0.09652969020476959,0
R01370,P0088,S06,5,Drug_B,52.4,F,2025-08-07,2025-08-10,3,19.6,10.6,11.5,0.66,1,0,0,normal,none,-0.06545596205002902,0.06545596205002902,0
R01371,P0517,S10,1,Drug_B,72.5,F,2025-04-12,2025-04-13,1,14.7,12.0,10.8,0.88,2,0,0,normal,none,-0.053939903800925504,0.053939903800925504,0
R01372,P0517,S10,2,Drug_A,46.0,M,2025-06-07,2025-06-12,5,15.1,16.0,12.0,0.77,3,0,0,normal,none,-0.09008504616708168,0.09008504616708168,0
R01373,P0312,S04,2,Drug_B,85.0,M,2025-05-22,2025-05-25,3,27.1,25.2,13.3,1.02,2,0,0,normal,none,-0.07858850498126124,0.07858850498126124,0
R01374,P0672,S03,5,Drug_A,65.9,M,2025-08-09,2025-08-10,1,29.0,20.8,12.0,0.98,3,0,0,normal,none,-0.07838076559548879,0.07838076559548879,0
R01375,P0141,S07,1,Drug_A,53.4,M,2025-03-29,2025-03-31,2,17.8,11.8,15.2,0.83,0,0,0,normal,none,-0.05821911272656588,0.05821911272656588,0
R01376,P0254,S04,4,Drug_A,51.5,F,2025-08-12,2025-08-12,0,,22.4,12.0,0.79,1,0,1,rule_detectable,missing_required_lab:ALT,-0.01929939017325244,0.01929939017325244,0
R01377,P0539,S09,5,Drug_A,57.1,F,2025-07-16,2025-07-17,1,19.5,22.8,12.6,0.81,1,0,0,normal,none,-0.08857413072387321,0.08857413072387321,0
R01378,P0097,S08,3,Drug_B,76.7,M,2025-07-27,2025-08-04,8,20.2,24.6,14.1,0.91,1,0,0,normal,none,-0.06788619061402201,0.06788619061402201,0
R01379,P0321,S05,5,Placebo,32.0,F,2025-05-06,2025-05-12,6,32.4,35.0,11.8,0.67,2,0,0,normal,none,-0.056427582215517136,0.056427582215517136,0
R01380,P0435,S10,2,Drug_B,44.1,F,2025-06-07,2025-06-14,7,39.3,14.2,13.1,0.56,2,0,0,normal,none,-0.02181724885282743,0.02181724885282743,0
R01381,P0233,S08,5,Drug_B,64.9,F,2025-08-23,2025-08-28,5,22.6,19.9,12.5,0.66,1,0,0,normal,none,-0.09068719968713751,0.09068719968713751,0
R01382,P0261,S01,4,Drug_A,61.2,F,2025-09-02,2025-09-07,5,25.8,15.1,9.8,0.8,2,0,0,normal,none,-0.07822857182389736,0.07822857182389736,0
R01383,P0625,S02,4,Drug_B,85.0,F,2025-04-20,2025-04-25,5,29.5,23.6,11.8,0.83,7,0,1,ml_multivariate,query_delay_site_pattern,-0.006865651417992835,0.006865651417992835,0
R01384,P0122,S01,3,Drug_A,43.9,F,2025-05-24,2025-05-27,3,40.3,26.8,10.6,0.61,5,0,0,normal,none,-0.044780880809594414,0.044780880809594414,0
R01385,P0614,S02,4,Drug_A,65.0,M,2025-08-17,2025-08-21,4,32.1,22.7,13.5,0.74,4,0,0,normal,none,-0.0934972507718464,0.0934972507718464,0
R01386,P0675,S10,3,Drug_B,54.8,M,2025-07-21,2025-07-27,6,18.7,20.4,15.5,1.15,1,0,0,normal,none,-0.0640329297045601,0.0640329297045601,0
R01387,P0586,S01,5,Drug_A,49.4,M,2025-06-21,2025-06-27,6,40.2,38.0,12.8,0.9,1,0,0,normal,none,-0.08910019730282814,0.08910019730282814,0
R01388,P0156,S10,1,Drug_B,53.0,M,2025-04-14,2025-04-23,9,49.3,33.4,12.7,0.83,4,0,0,normal,none,-0.04013774454924368,0.04013774454924368,0
R01389,P0321,S05,2,Drug_B,52.2,F,2025-03-30,2025-03-31,1,38.8,37.8,12.5,0.61,0,0,0,normal,none,-0.07851115813431525,0.07851115813431525,0
R01390,P0025,S10,3,Drug_A,58.4,M,2025-05-02,2025-05-12,10,26.0,20.3,14.1,1.22,2,0,0,normal,none,-0.07089528847672982,0.07089528847672982,0
R01391,P0508,S08,3,Drug_B,40.3,M,2025-03-21,2025-03-22,1,15.1,8.3,14.5,1.2,3,0,0,normal,none,-0.03021997278532168,0.03021997278532168,0
R01392,P0282,S06,3,Drug_B,46.2,M,2025-08-21,2025-08-29,8,12.8,8.0,13.7,1.08,3,0,0,normal,none,-0.04614360079142327,0.04614360079142327,0
R01393,P0303,S09,2,Drug_A,49.5,F,2025-04-18,2025-04-19,1,36.3,25.2,12.6,0.7,1,0,0,normal,none,-0.10982153110793291,0.10982153110793291,0
R01394,P0006,S07,5,Drug_A,57.0,F,2025-10-18,2025-09-15,-33,32.4,19.7,12.8,0.68,3,0,1,rule_detectable,invalid_visit_sequence,-0.031096996751395933,0.031096996751395933,0
R01395,P0705,S07,4,Placebo,59.9,M,2025-04-21,2025-04-24,3,37.8,24.0,12.8,0.76,1,0,0,normal,none,-0.10975330991861093,0.10975330991861093,0
R01396,P0507,S10,1,Drug_B,54.1,M,2025-05-22,2025-06-08,17,32.7,26.0,15.2,0.71,3,0,0,normal,none,-0.029735488146375055,0.029735488146375055,0
R01397,P0097,S08,2,Drug_B,38.9,M,2025-04-06,2025-04-09,3,20.4,10.8,13.6,0.94,0,0,0,normal,none,-0.06756573081152334,0.06756573081152334,0
R01398,P0648,S09,5,Drug_B,27.5,F,2025-05-27,2025-06-01,5,29.9,25.3,14.0,0.65,1,0,0,normal,none,-0.07116388521422612,0.07116388521422612,0
R01399,P0531,S01,5,Drug_B,36.0,F,2025-08-08,2025-08-10,2,39.8,32.9,10.9,0.77,1,0,0,normal,none,-0.06301034690218293,0.06301034690218293,0
R01400,P0462,S08,4,Drug_A,39.4,F,2025-04-24,2025-04-27,3,23.1,20.4,12.6,0.78,2,0,0,normal,none,-0.11913780992589273,0.11913780992589273,0
R01401,P0623,S07,4,Drug_A,38.0,M,2025-06-06,2025-06-06,0,31.6,29.2,13.3,0.87,2,0,0,normal,none,-0.1102164532236849,0.1102164532236849,0
R01402,P0106,S05,5,Drug_A,57.7,F,2025-09-30,2025-10-01,1,18.8,17.2,12.5,0.82,2,0,0,normal,none,-0.1004322083611765,0.1004322083611765,0
R01403,P0518,S04,3,Drug_A,40.9,F,2025-07-16,2025-07-17,1,54.7,39.3,13.6,0.45,0,0,0,normal,none,-0.004635259534115754,0.004635259534115754,0
R01404,P0019,S06,1,Placebo,30.8,F,2025-04-10,2025-04-17,7,27.0,19.2,11.2,0.8,1,0,0,normal,none,-0.0603264599149525,0.0603264599149525,0
R01405,P0508,S08,5,Drug_A,29.2,M,2025-08-28,2025-08-30,2,17.5,16.8,14.2,1.04,2,0,0,normal,none,-0.06508343642627651,0.06508343642627651,0
R01406,P0637,S04,5,Placebo,65.1,F,2025-08-11,2025-08-12,1,26.2,18.1,11.9,0.94,2,0,0,normal,none,-0.08918164898651071,0.08918164898651071,0
R01407,P0223,S06,1,Placebo,56.2,F,2025-01-01,2025-01-03,2,20.3,21.3,11.0,0.55,1,0,0,normal,none,-0.06535219990192431,0.06535219990192431,0
R01408,P0580,S03,1,Drug_B,54.2,F,2025-03-29,2025-04-07,9,17.3,16.0,10.1,0.84,1,0,0,normal,none,-0.05775793448992428,0.05775793448992428,0
R01409,P0225,S08,4,Placebo,62.9,M,2025-06-29,2025-07-02,3,32.4,21.0,14.7,0.69,1,0,0,normal,none,-0.0949226274852909,0.0949226274852909,0
R01410,P0002,S01,1,Drug_A,37.8,M,2025-03-27,2025-03-31,4,14.4,11.7,11.8,1.12,2,0,0,normal,none,-0.05534377995435613,0.05534377995435613,0
R01411,P0258,S02,3,Drug_B,44.2,F,2025-06-22,2025-06-27,5,28.7,24.1,14.5,0.86,2,0,0,normal,none,-0.12425369213943943,0.12425369213943943,0
R01412,P0103,S06,2,Placebo,69.3,F,2025-06-18,2025-06-21,3,16.8,13.6,11.9,1.1,2,1,0,normal,none,0.04273398529357353,-0.04273398529357353,1
R01413,P0483,S06,5,Drug_A,36.4,M,2025-06-09,2025-06-11,2,29.3,18.0,13.9,0.82,1,0,0,normal,none,-0.08780540017037447,0.08780540017037447,0
R01414,P0439,S03,3,Drug_B,62.0,M,2025-06-06,2025-06-09,3,12.0,8.0,14.0,0.51,2,0,0,normal,none,-0.05348610808811899,0.05348610808811899,0
R01415,P0702,S09,4,Drug_A,35.9,M,2025-05-08,2025-05-08,0,24.4,17.6,13.8,1.2,1,0,0,normal,none,-0.07066256198715665,0.07066256198715665,0
R01416,P0133,S04,3,Placebo,69.8,F,2025-03-19,2025-03-20,1,31.7,23.1,10.3,0.8,2,0,0,normal,none,-0.08442379023335911,0.08442379023335911,0
R01417,P0620,S01,5,Placebo,48.1,M,2025-08-27,2025-08-30,3,33.6,17.8,13.8,1.01,2,0,0,normal,none,-0.08052692765567993,0.08052692765567993,0
R01418,P0606,S09,3,Drug_A,59.4,F,2025-03-23,2025-03-23,0,45.1,42.1,13.4,0.78,0,0,0,normal,none,-0.0755680565931377,0.0755680565931377,0
R01419,P0117,S02,1,Placebo,47.1,F,2025-03-05,2025-03-11,6,18.9,12.2,12.7,0.98,2,0,0,normal,none,-0.09384368583932445,0.09384368583932445,0
R01420,P0261,S01,3,Placebo,58.8,M,2025-02-28,2025-03-05,5,24.0,28.9,14.2,0.92,1,0,0,normal,none,-0.10714534926733343,0.10714534926733343,0
R01421,P0224,S01,2,Drug_A,49.5,M,2025-03-20,2025-03-26,6,15.0,12.2,14.1,0.84,0,0,0,normal,none,-0.0867012157858234,0.0867012157858234,0
R01422,P0134,S05,4,Drug_B,44.2,F,2025-08-18,2025-08-21,3,34.7,34.8,13.4,0.65,1,0,0,normal,none,-0.10289238872021705,0.10289238872021705,0
R01423,P0603,S05,2,Placebo,39.3,M,2025-04-12,2025-04-15,3,75.0,85.2,10.2,1.04,0,0,0,normal,none,0.07313073567539086,-0.07313073567539086,1
R01424,P0065,S03,3,Placebo,33.2,F,2025-07-15,2025-07-16,1,33.4,27.6,12.7,0.99,1,0,0,normal,none,-0.10238599360153272,0.10238599360153272,0
R01425,P0672,S03,2,Placebo,60.2,F,2025-02-23,2025-03-04,9,27.9,20.2,12.0,1.0,1,0,0,normal,none,-0.09271421758935267,0.09271421758935267,0
R01426,P0453,S01,5,Drug_A,50.3,F,2025-05-22,2025-05-26,4,30.0,23.2,14.8,0.79,4,0,0,normal,none,-0.08582254257720973,0.08582254257720973,0
R01427,P0608,S05,3,Placebo,53.7,F,2025-07-14,2025-07-18,4,21.1,17.3,11.6,0.78,1,0,0,normal,none,-0.1225013122112783,0.1225013122112783,0
R01428,P0665,S05,2,Drug_A,38.9,F,2025-05-17,2025-05-18,1,42.5,41.9,14.4,0.66,2,0,0,normal,none,-0.06863471957425454,0.06863471957425454,0
R01429,P0041,S06,3,Drug_A,82.1,F,2025-05-26,2025-06-02,7,34.3,18.1,11.9,0.54,1,0,0,normal,none,-0.029126760532478424,0.029126760532478424,0
R01430,P0546,S01,5,Drug_A,51.8,F,2025-09-10,2025-09-11,1,40.4,27.8,12.8,0.69,0,0,0,normal,none,-0.06982635877870119,0.06982635877870119,0
R01431,P0501,S06,2,Drug_B,46.6,F,2025-06-20,2025-06-21,1,19.3,21.0,11.1,0.66,3,0,0,normal,none,-0.07627555838078798,0.07627555838078798,0
R01432,P0698,S02,2,Placebo,66.2,F,2025-06-15,2025-06-18,3,21.4,16.4,12.3,0.97,0,0,0,normal,none,-0.10031564831882173,0.10031564831882173,0
R01433,P0704,S05,3,Drug_B,50.1,F,2025-03-08,2025-03-10,2,19.8,25.6,15.1,0.73,0,0,0,normal,none,-0.075408746850747,0.075408746850747,0
R01434,P0276,S06,1,Drug_B,40.5,F,2025-03-19,2025-03-20,1,26.7,22.2,12.5,0.96,2,0,0,normal,none,-0.10616382697248983,0.10616382697248983,0
R01435,P0294,S07,4,Drug_A,52.6,M,2025-04-24,2025-04-25,1,28.1,21.7,14.5,1.2,0,0,0,normal,none,-0.07799163847977175,0.07799163847977175,0
R01436,P0571,S03,5,Drug_A,53.1,M,2025-06-10,2025-06-21,11,16.6,14.9,14.2,1.25,1,0,0,normal,none,-0.02750376348476391,0.02750376348476391,0
R01437,P0294,S07,3,Drug_A,56.8,F,2025-06-20,2025-06-20,0,30.7,18.7,14.0,0.86,0,0,0,normal,none,-0.09697564316730334,0.09697564316730334,0
R01438,P0105,S04,4,Drug_A,26.4,F,2025-05-30,2025-06-05,6,40.3,30.9,12.5,0.71,0,0,0,normal,none,-0.05297835769838327,0.05297835769838327,0
R01439,P0168,S01,4,Drug_B,55.3,M,2025-04-29,2025-05-10,11,30.9,22.1,14.9,0.71,2,0,0,normal,none,-0.0853921851611007,0.0853921851611007,0
R01440,P0687,S04,2,Placebo,42.9,M,2025-07-14,2025-07-16,2,24.8,14.3,15.0,0.86,2,0,0,normal,none,-0.0945976995815585,0.0945976995815585,0
R01441,P0219,S01,4,Drug_A,43.3,F,2025-09-09,2025-09-11,2,41.2,31.2,14.1,0.84,1,0,0,normal,none,-0.10868506531881234,0.10868506531881234,0
R01442,P0433,S03,1,Drug_A,83.9,M,2025-02-09,2025-02-11,2,26.6,13.9,15.0,0.78,0,0,0,normal,none,-0.012659580756732902,0.012659580756732902,0
R01443,P0619,S08,4,Drug_B,36.4,F,2025-03-26,2025-03-27,1,8.1,11.3,15.0,0.75,3,0,0,normal,none,-0.02619107237511903,0.02619107237511903,0
R01444,P0072,S09,1,Drug_A,51.5,M,2025-01-09,2025-01-10,1,29.2,25.0,15.0,0.9,1,0,0,normal,none,-0.09665888363577468,0.09665888363577468,0
R01445,P0652,S05,4,Placebo,54.4,F,2025-06-16,2025-06-21,5,31.8,27.3,13.5,0.48,1,0,0,normal,none,-0.09355406619231799,0.09355406619231799,0
R01446,P0077,S07,3,Drug_A,29.8,M,2025-07-22,2025-07-22,0,32.5,29.3,13.6,1.31,2,0,0,normal,none,-0.04514561741358403,0.04514561741358403,0
R01447,P0385,S05,2,Drug_B,49.0,F,2025-06-03,2025-06-09,6,16.2,17.8,11.4,0.83,1,0,0,normal,none,-0.09068702345507534,0.09068702345507534,0
R01448,P0592,S03,2,Drug_B,57.4,M,2025-05-16,2025-05-18,2,32.9,22.5,14.0,0.79,5,0,0,normal,none,-0.08136873744388645,0.08136873744388645,0
R01449,P0470,S03,4,Drug_A,66.7,F,2025-05-09,2025-05-11,2,21.7,18.3,10.9,0.68,2,0,0,normal,none,-0.08681623921929926,0.08681623921929926,0
R01450,P0159,S02,5,Drug_B,42.0,M,2025-04-23,2025-04-25,2,47.0,22.6,14.8,1.05,5,0,0,normal,none,-0.00126438717036631,0.00126438717036631,0
R01451,P0426,S02,3,Drug_A,66.9,F,2025-07-27,2025-07-30,3,20.3,14.2,12.4,0.71,2,0,0,normal,none,-0.11367830410031782,0.11367830410031782,0
R01452,P0344,S01,1,Drug_A,18.0,M,2025-05-30,2025-06-10,11,20.5,10.7,14.6,0.81,1,0,0,normal,none,0.010590831064558381,-0.010590831064558381,1
R01453,P0018,S03,1,Drug_B,42.7,F,2025-05-07,2025-05-15,8,31.4,24.3,11.7,1.18,0,0,0,normal,none,-0.04762486093273077,0.04762486093273077,0
R01454,P0576,S10,3,Drug_A,43.9,M,2025-08-20,2025-08-19,-1,25.7,23.1,13.8,1.0,2,0,1,rule_detectable,date_inconsistency,-0.11010995338806984,0.11010995338806984,0
R01455,P0501,S06,4,Drug_A,53.0,F,2025-08-09,2025-08-11,2,22.9,21.2,14.0,0.8,2,0,0,normal,none,-0.12609380327539588,0.12609380327539588,0
R01456,P0052,S06,5,Drug_A,26.4,F,2025-09-11,2025-09-15,4,62.1,54.5,15.2,0.94,7,0,1,ml_multivariate,visit_lab_query_pattern,0.08770643868763661,-0.08770643868763661,1
R01457,P0556,S10,5,Drug_A,60.6,F,2025-05-29,2025-06-03,5,11.1,8.0,13.0,0.94,5,0,0,normal,none,-0.02753417964993793,0.02753417964993793,0
R01458,P0463,S02,3,Drug_B,32.0,F,2025-08-10,2025-08-13,3,29.5,,10.5,0.82,2,0,1,rule_detectable,missing_required_lab:AST,-0.060435300406165904,0.060435300406165904,0
R01459,P0598,S07,3,Placebo,31.6,F,2025-08-10,2025-08-13,3,28.1,16.2,11.1,0.97,2,0,0,normal,none,-0.07730471814130624,0.07730471814130624,0
R01460,P0093,S06,5,Drug_A,33.3,F,2025-07-10,2025-07-14,4,30.5,29.5,13.3,0.47,1,0,0,normal,none,-0.05838428248819172,0.05838428248819172,0
R01461,P0503,S05,1,Drug_A,61.7,F,2025-06-16,2025-06-17,1,28.1,22.2,13.7,0.99,1,0,0,normal,none,-0.1071851386596353,0.1071851386596353,0
R01462,P0348,S06,4,Drug_B,49.7,F,2025-07-01,2025-07-02,1,21.5,19.1,11.6,0.87,4,0,0,normal,none,-0.09911389666618614,0.09911389666618614,0
R01463,P0440,S07,4,Placebo,46.1,F,2025-06-18,2025-06-23,5,29.2,26.2,12.1,0.68,7,0,1,ml_multivariate,query_delay_site_pattern,-0.04309523530099357,0.04309523530099357,0
R01464,P0037,S01,1,Placebo,33.8,M,2025-03-28,2025-04-03,6,23.1,19.0,12.5,0.84,2,0,0,normal,none,-0.09648896073326568,0.09648896073326568,0
R01465,P0094,S10,3,Drug_B,42.2,F,2025-07-06,2025-07-15,9,32.6,8.0,11.3,0.96,2,0,0,normal,none,0.02643690955457134,-0.02643690955457134,1
R01466,P0199,S03,5,Placebo,45.6,F,2025-05-28,2025-06-01,4,69.5,62.5,11.5,0.85,5,0,1,ml_multivariate,visit_lab_query_pattern,0.055176653595651826,-0.055176653595651826,1
R01467,P0651,S09,5,Drug_A,47.6,F,2025-09-28,2025-09-28,0,39.0,29.2,11.9,0.68,1,0,0,normal,none,-0.07712716031198302,0.07712716031198302,0
R01468,P0191,S05,2,Drug_B,60.7,F,2025-07-15,2025-07-18,3,15.8,21.0,13.2,0.72,1,0,0,normal,none,-0.09104174030639384,0.09104174030639384,0
R01469,P0083,S03,5,Placebo,39.0,M,2025-09-04,2025-09-07,3,34.3,23.3,13.8,1.07,3,0,0,normal,none,-0.08021651364791038,0.08021651364791038,0
R01470,P0237,S04,3,Drug_A,45.4,F,2025-06-15,2025-06-16,1,40.8,34.3,13.9,0.92,2,0,0,normal,none,-0.11202921981953773,0.11202921981953773,0
R01471,P0084,S10,3,Drug_B,67.8,M,2025-03-20,2025-03-21,1,24.7,15.3,16.0,0.76,3,0,0,normal,none,-0.06391241833942979,0.06391241833942979,0
R01472,P0702,S09,4,Drug_B,57.7,M,2025-05-17,2025-05-17,0,29.1,24.7,11.4,0.96,1,0,0,normal,none,-0.10639533418735209,0.10639533418735209,0
R01473,P0210,S03,5,Drug_A,54.9,M,2025-06-09,2025-06-11,2,18.3,16.8,16.6,0.74,1,0,0,normal,none,-0.052086389543958056,0.052086389543958056,0
R01474,P0043,S01,3,Placebo,61.4,F,2025-06-17,2025-06-22,5,43.4,40.0,13.2,0.58,0,0,0,normal,none,-0.06583003165558554,0.06583003165558554,0
R01475,P0289,S03,2,Placebo,52.3,F,2025-02-05,2025-02-08,3,25.0,14.0,13.7,0.66,2,0,0,normal,none,-0.1049876994606026,0.1049876994606026,0
R01476,P0385,S05,5,Drug_A,44.4,F,2025-09-03,2025-09-05,2,35.2,30.4,11.5,0.82,1,0,0,normal,none,-0.09250258616117035,0.09250258616117035,0
R01477,P0464,S05,1,Drug_B,60.7,M,2025-01-04,2025-01-02,-2,15.6,21.1,12.9,0.99,8,0,1,both_detectable,date_plus_queries,0.024493176127483474,-0.024493176127483474,1
R01478,P0332,S07,1,Drug_B,38.7,F,2025-04-28,2025-04-28,0,46.5,33.1,13.4,0.79,1,0,0,normal,none,-0.06885987532409965,0.06885987532409965,0
R01479,P0339,S09,5,Drug_B,44.4,F,2025-05-09,2025-05-10,1,20.9,16.7,13.2,0.8,1,0,0,normal,none,-0.10351543623202591,0.10351543623202591,0
R01480,P0252,S03,5,Drug_B,45.3,M,2025-07-19,2025-07-22,3,36.2,32.7,12.9,0.92,5,0,0,normal,none,-0.06573831421754056,0.06573831421754056,0
R01481,P0329,S06,3,Drug_A,41.5,F,2025-05-07,2025-05-08,1,32.6,14.9,10.9,0.78,0,0,0,normal,none,-0.04840226313649554,0.04840226313649554,0
R01482,P0120,S04,1,Drug_B,47.9,M,2025-06-06,2025-06-06,0,22.9,25.4,13.5,1.07,2,0,0,normal,none,-0.09400293286222272,0.09400293286222272,0
R01483,P0517,S10,3,Drug_B,46.6,M,2025-06-03,2025-06-06,3,12.4,8.8,13.8,0.81,3,0,0,normal,none,-0.0856185069146218,0.0856185069146218,0
R01484,P0130,S07,1,Drug_A,52.1,F,2025-03-04,2025-03-07,3,25.6,12.0,12.1,0.62,1,0,0,normal,none,-0.05986726144371035,0.05986726144371035,0
R01485,P0451,S07,2,Drug_B,65.9,F,2025-04-28,2025-04-29,1,32.5,34.0,13.8,0.64,5,0,0,normal,none,-0.04887679367386699,0.04887679367386699,0
R01486,P0410,S01,4,Drug_B,52.9,M,2025-09-19,2025-09-21,2,29.7,23.6,13.9,0.9,2,0,0,normal,none,-0.13069131913462867,0.13069131913462867,0
R01487,P0688,S02,4,Placebo,48.4,M,2025-09-10,2025-09-13,3,48.5,38.6,12.0,1.08,3,0,0,normal,none,-0.06655773797480696,0.06655773797480696,0
R01488,P0464,S05,4,Placebo,25.9,M,2025-08-29,2025-08-30,1,44.5,31.8,14.7,1.14,3,0,0,normal,none,-0.027092706361462937,0.027092706361462937,0
R01489,P0602,S10,1,Drug_B,43.5,M,2025-05-05,2025-05-07,2,11.6,11.4,14.2,1.17,5,0,0,normal,none,-0.00982680372242295,0.00982680372242295,0
R01490,P0267,S08,2,Drug_B,39.9,M,2025-02-22,2025-02-22,0,25.3,21.2,14.6,1.08,3,0,0,normal,none,-0.08356581857139145,0.08356581857139145,0
R01491,P0218,S01,1,Placebo,50.3,M,2025-03-20,2025-03-22,2,18.6,14.8,14.6,1.2,0,0,0,normal,none,-0.05516154690689906,0.05516154690689906,0
R01492,P0506,S09,1,Drug_B,61.3,F,2025-04-10,2025-04-14,4,30.0,25.8,11.8,0.66,1,0,0,normal,none,-0.09782431695097654,0.09782431695097654,0
R01493,P0356,S04,3,Drug_B,50.5,M,2025-06-07,2025-06-12,5,27.8,24.6,14.8,0.87,2,0,0,normal,none,-0.12325193904642257,0.12325193904642257,0
R01494,P0189,S06,5,Drug_B,33.1,F,2025-05-13,2025-05-16,3,25.1,19.2,14.3,0.79,1,0,0,normal,none,-0.08606344358137746,0.08606344358137746,0
R01495,P0616,S02,3,Drug_B,42.0,M,2025-07-07,2025-07-08,1,28.3,23.0,12.1,1.01,2,0,0,normal,none,-0.11432722502038478,0.11432722502038478,0
R01496,P0125,S06,3,Drug_A,28.3,M,2025-03-14,2025-03-19,5,34.8,12.3,13.6,0.94,2,0,0,normal,none,-0.027716910477016132,0.027716910477016132,0
R01497,P0418,S10,2,Placebo,56.9,F,2025-02-24,2025-03-03,7,39.0,33.2,12.3,0.64,3,0,0,normal,none,-0.08624436913310218,0.08624436913310218,0
R01498,P0359,S02,3,Drug_B,44.1,M,2025-05-14,2025-05-18,4,34.5,26.0,16.0,1.23,2,1,0,normal,none,0.0614995186677908,-0.0614995186677908,1
R01499,P0518,S04,3,Drug_B,42.1,F,2025-03-27,2025-03-28,1,42.4,47.7,12.9,0.82,2,0,0,normal,none,-0.08247941287508576,0.08247941287508576,0
R01500,P0116,S02,3,Drug_A,63.0,F,2025-04-21,2025-04-29,8,17.3,16.7,14.8,1.02,0,0,0,normal,none,-0.06464369901336908,0.06464369901336908,0
R01501,P0708,S03,5,Drug_A,61.4,M,2025-07-29,2025-07-30,1,23.9,20.7,16.0,0.78,3,0,0,normal,none,-0.06014548616705545,0.06014548616705545,0
R01502,P0544,S03,3,Placebo,36.2,M,2025-06-18,2025-06-26,8,32.2,18.6,14.5,0.99,3,0,0,normal,none,-0.06924969677181658,0.06924969677181658,0
R01503,P0118,S08,2,Placebo,58.0,F,2025-03-24,2025-03-28,4,22.8,17.4,10.0,0.84,2,1,0,normal,none,0.023348187077757765,-0.023348187077757765,1
R01504,P0715,S05,3,Drug_B,56.1,F,2025-06-12,2025-06-16,4,30.1,19.9,13.4,0.82,1,0,0,normal,none,-0.12855643070316675,0.12855643070316675,0
R01505,P0158,S08,1,Drug_A,51.7,M,2025-02-06,2025-02-12,6,30.2,35.8,13.0,0.67,2,0,0,normal,none,-0.08524099612969804,0.08524099612969804,0
R01506,P0527,S06,1,Drug_A,53.5,M,2025-04-05,2025-04-07,2,28.7,21.0,13.4,0.93,0,0,0,normal,none,-0.10039974923398243,0.10039974923398243,0
R01507,P0194,S08,1,Drug_B,65.2,F,2025-03-02,2025-03-10,8,36.8,33.4,11.6,1.16,1,0,0,normal,none,-0.045203990896689694,0.045203990896689694,0
R01508,P0270,S05,4,Drug_B,34.0,M,2025-08-20,2025-08-21,1,30.2,28.2,11.4,0.88,2,0,0,normal,none,-0.09450703577243691,0.09450703577243691,0
R01509,P0648,S09,5,Drug_A,60.9,M,2025-05-16,2025-05-17,1,27.9,22.6,13.5,0.85,1,0,0,normal,none,-0.10708407609739479,0.10708407609739479,0
R01510,P0001,S04,4,Drug_B,37.4,F,2025-08-15,2025-08-16,1,22.8,19.2,14.7,0.62,1,0,0,normal,none,-0.09011001056839724,0.09011001056839724,0
R01511,P0126,S03,4,Drug_B,47.0,F,2025-08-06,2025-08-12,6,23.0,17.7,11.1,0.56,4,0,0,normal,none,-0.06150143732403013,0.06150143732403013,0
R01512,P0241,S08,5,Drug_B,64.3,M,2025-09-07,2025-09-12,5,26.2,11.4,12.9,0.94,0,0,0,normal,none,-0.038915440533486556,0.038915440533486556,0
R01513,P0062,S04,5,Drug_A,39.6,M,2025-07-20,2025-07-24,4,38.6,31.3,12.7,0.58,2,0,0,normal,none,-0.07678057760366391,0.07678057760366391,0
R01514,P0697,S03,3,Drug_A,41.6,F,2025-07-14,2025-07-17,3,23.5,17.5,13.8,0.52,3,0,0,normal,none,-0.09416825431947096,0.09416825431947096,0
R01515,P0307,S08,1,Drug_A,83.3,F,2025-03-10,2025-03-13,3,32.2,25.3,10.6,0.96,2,0,0,normal,none,-0.04653076659029476,0.04653076659029476,0
R01516,P0504,S05,3,Drug_A,43.4,F,2025-08-25,2025-08-26,1,43.8,33.0,11.9,1.01,3,0,0,normal,none,-0.08288554046540558,0.08288554046540558,0
R01517,P0219,S01,3,Placebo,39.9,F,2025-06-23,2025-06-29,6,13.5,8.7,12.8,0.79,4,0,0,normal,none,-0.05615986481914659,0.05615986481914659,0
R01518,P0228,S05,3,Drug_B,60.4,F,2025-03-03,2025-03-07,4,20.9,17.9,13.5,0.98,1,0,0,normal,none,-0.12364180961022697,0.12364180961022697,0
R01519,P0515,S09,5,Placebo,20.8,M,2025-10-20,2025-10-20,0,34.5,31.6,14.2,1.05,1,0,0,normal,none,-0.02967283097459611,0.02967283097459611,0
R01520,P0729,S07,3,Drug_A,68.1,F,2025-07-11,2025-07-12,1,49.1,47.2,12.5,0.78,2,0,0,normal,none,-0.07126062138695327,0.07126062138695327,0
R01521,P0185,S01,5,Placebo,48.3,M,2025-05-20,2025-05-24,4,20.3,16.4,14.3,1.12,1,0,0,normal,none,-0.08616386591188036,0.08616386591188036,0
R01522,P0519,S03,1,Drug_A,65.3,M,2025-01-06,2025-01-10,4,15.4,16.6,14.1,0.66,7,0,1,ml_multivariate,query_delay_site_pattern,-0.005521632621469763,0.005521632621469763,0
R01523,P0206,S10,3,Drug_A,37.7,F,2025-08-05,2025-08-07,2,17.4,8.0,11.3,0.86,5,0,0,normal,none,-0.013288311251868634,0.013288311251868634,0
R01524,P0129,S10,2,Drug_A,35.5,M,2025-04-04,2025-04-09,5,22.5,16.9,14.5,0.74,2,0,0,normal,none,-0.10131745424607447,0.10131745424607447,0
R01525,P0145,S03,5,Drug_A,70.0,F,2025-10-13,2025-10-13,0,23.1,13.9,12.4,0.61,0,0,0,normal,none,-0.05140262746065455,0.05140262746065455,0
R01526,P0575,S08,4,Placebo,50.9,M,2025-09-16,2025-09-17,1,18.5,13.1,13.8,0.76,3,0,0,normal,none,-0.10666319170238592,0.10666319170238592,0
R01527,P0312,S04,5,Placebo,59.5,M,2025-08-23,2025-08-27,4,22.8,15.9,11.5,1.13,0,0,0,normal,none,-0.061632683151469914,0.061632683151469914,0
R01528,P0297,S06,2,Drug_A,85.0,M,2025-07-29,2025-08-06,8,16.4,22.2,12.7,1.34,3,0,0,normal,none,0.007503138630844841,-0.007503138630844841,1
R01529,P0010,S01,5,Drug_A,30.0,M,2025-04-26,2025-05-03,7,35.1,33.2,12.7,0.82,4,0,0,normal,none,-0.05341619779332307,0.05341619779332307,0
R01530,P0447,S05,2,Drug_B,62.3,F,2025-06-19,2025-06-23,4,32.8,36.1,12.1,0.75,2,0,0,normal,none,-0.09954008040990664,0.09954008040990664,0
R01531,P0207,S08,5,Drug_A,37.1,M,2025-06-30,2025-07-02,2,19.2,17.1,13.2,0.76,5,0,0,normal,none,-0.06644376217495007,0.06644376217495007,0
R01532,P0223,S06,2,Drug_A,66.1,F,2025-02-05,2025-02-07,2,27.1,17.4,13.8,0.93,2,0,0,normal,none,-0.11147671593426206,0.11147671593426206,0
R01533,P0122,S01,3,Drug_B,69.1,F,2025-04-19,2025-04-21,2,18.3,19.3,11.9,0.68,0,0,0,normal,none,-0.08507711059137651,0.08507711059137651,0
R01534,P0741,S02,4,Placebo,54.1,F,2025-08-24,2025-08-26,2,18.6,18.5,11.1,0.6,0,0,0,normal,none,-0.0770308963721939,0.0770308963721939,0
R01535,P0284,S08,1,Drug_A,43.4,F,2025-02-14,2025-02-15,1,17.1,17.2,11.5,0.82,4,0,0,normal,none,-0.06468384309814201,0.06468384309814201,0
R01536,P0617,S04,5,Drug_B,51.1,F,2025-09-08,2025-09-09,1,21.7,15.1,10.6,0.73,3,0,0,normal,none,-0.06961339293896895,0.06961339293896895,0
R01537,P0113,S03,4,Drug_B,43.4,F,2025-08-06,2025-08-07,1,25.0,21.6,11.0,0.72,0,0,0,normal,none,-0.08661087283677338,0.08661087283677338,0
R01538,P0533,S08,5,Placebo,42.4,M,2025-09-19,2025-09-21,2,40.4,31.0,12.7,0.84,0,0,0,normal,none,-0.07991880132108958,0.07991880132108958,0
R01539,P0289,S03,5,Drug_A,59.1,M,2025-08-02,2025-08-03,1,15.5,9.5,12.9,0.84,1,0,0,normal,none,-0.0773466634702637,0.0773466634702637,0
R01540,P0374,S01,1,Drug_B,59.0,F,2025-06-12,2025-06-17,5,31.2,27.1,13.2,1.07,4,0,0,normal,none,-0.07812917046184453,0.07812917046184453,0
R01541,P0144,S10,4,Drug_B,85.0,M,2025-08-26,2025-08-31,5,42.9,35.5,12.4,0.97,2,0,0,normal,none,-0.05361914352133762,0.05361914352133762,0
R01542,P0487,S06,5,Drug_A,40.3,M,2025-08-31,2025-09-04,4,19.5,15.9,13.2,1.08,4,0,0,normal,none,-0.0693701928587695,0.0693701928587695,0
R01543,P0071,S07,2,Drug_A,49.8,F,2025-07-07,2025-07-09,2,14.2,12.8,11.4,0.59,3,0,0,normal,none,-0.07608275496703454,0.07608275496703454,0
R01544,P0582,S09,4,Drug_B,58.1,M,2025-08-04,2025-08-04,0,23.0,22.0,12.7,0.57,1,0,0,normal,none,-0.0976239233053125,0.0976239233053125,0
R01545,P0176,S09,1,Drug_A,70.3,F,2025-02-02,2025-02-03,1,16.6,12.1,12.7,0.68,1,0,0,normal,none,-0.07692073502757263,0.07692073502757263,0
R01546,P0582,S09,4,Drug_A,44.7,F,2025-05-10,2025-05-10,0,45.0,23.5,11.7,0.64,4,0,0,normal,none,-0.04517760867385906,0.04517760867385906,0
R01547,P0142,S10,5,Drug_B,70.3,F,2025-08-27,2025-08-31,4,46.2,39.4,11.5,0.7,2,0,0,normal,none,-0.04477476456858448,0.04477476456858448,0
R01548,P0740,S03,5,Drug_B,53.0,F,2025-05-20,2025-05-27,7,38.4,29.5,12.5,0.87,2,0,0,normal,none,-0.094855851696039,0.094855851696039,0
R01549,P0094,S10,3,Drug_B,49.0,F,2025-04-23,2025-04-28,5,19.4,14.5,15.4,1.14,0,0,0,normal,none,-0.06297918263341146,0.06297918263341146,0
R01550,P0624,S06,5,Drug_B,38.4,F,2025-09-22,2025-09-29,7,24.6,21.8,13.7,0.82,4,0,0,normal,none,-0.07947443050864095,0.07947443050864095,0
R01551,P0706,S04,1,Drug_B,46.5,M,2025-02-28,2025-03-02,2,20.2,15.5,15.1,1.15,2,0,0,normal,none,-0.06649505301219272,0.06649505301219272,0
R01552,P0107,S09,5,Drug_A,44.7,F,2025-06-14,2025-07-21,37,40.4,39.5,11.6,0.64,2,0,1,rule_detectable,excessive_entry_delay,0.022561992201064363,-0.022561992201064363,1
R01553,P0735,S08,1,Drug_B,63.8,F,2025-02-14,2025-02-18,4,26.0,19.5,13.0,0.91,3,0,0,normal,none,-0.10466264847521656,0.10466264847521656,0
R01554,P0578,S08,2,Drug_B,77.6,F,2025-07-20,2025-07-27,7,18.0,12.1,13.4,0.78,3,0,0,normal,none,-0.06410368339229333,0.06410368339229333,0
R01555,P0006,S07,1,Drug_A,50.7,M,2025-03-12,2025-03-12,0,37.5,35.4,12.7,0.74,1,0,0,normal,none,-0.0944207740450379,0.0944207740450379,0
R01556,P0652,S05,3,Placebo,52.7,M,2025-07-29,2025-08-02,4,19.9,18.5,14.0,0.87,4,0,0,normal,none,-0.10943227457048049,0.10943227457048049,0
R01557,P0692,S10,5,Drug_A,70.8,F,2025-09-04,2025-09-08,4,22.2,20.9,14.0,0.75,0,0,0,normal,none,-0.07903470771233778,0.07903470771233778,0
R01558,P0527,S06,1,Placebo,36.8,F,2025-06-18,2025-06-27,9,24.9,17.0,12.7,0.69,2,0,0,normal,none,-0.07679345588512382,0.07679345588512382,0
R01559,P0198,S05,5,Placebo,77.1,M,2025-05-01,2025-05-01,0,25.2,21.3,12.9,1.07,4,0,0,normal,none,-0.042582818218955765,0.042582818218955765,0
R01560,P0312,S04,1,Placebo,51.5,M,2025-06-13,2025-06-13,0,18.3,15.2,14.2,0.87,0,0,0,normal,none,-0.08215254033826724,0.08215254033826724,0
R01561,P0402,S02,5,Drug_B,46.0,F,2025-05-12,2025-05-16,4,56.8,20.4,13.0,1.05,2,0,1,ml_multivariate,alt_ast_ratio,0.011129632115292165,-0.011129632115292165,1
R01562,P0675,S10,3,Drug_B,33.6,M,2025-04-22,2025-04-27,5,29.1,30.5,12.8,1.02,2,0,0,normal,none,-0.09977244265445478,0.09977244265445478,0
R01563,P0094,S10,1,Drug_A,46.1,M,2025-05-16,2025-05-24,8,26.3,32.9,15.6,1.1,1,0,0,normal,none,-0.02672921165688119,0.02672921165688119,0
R01564,P0745,S01,3,Drug_A,47.3,F,2025-03-12,2025-03-13,1,35.1,37.5,12.9,0.87,0,0,0,normal,none,-0.09078103814628363,0.09078103814628363,0
R01565,P0374,S01,2,Placebo,22.4,F,2025-07-26,2025-07-28,2,14.5,13.7,14.0,0.65,3,0,0,normal,none,-0.04516834772831352,0.04516834772831352,0
R01566,P0356,S04,2,Drug_B,47.4,M,2025-06-20,2025-06-22,2,13.5,12.1,14.1,1.08,4,0,0,normal,none,-0.06818500607431616,0.06818500607431616,0
R01567,P0613,S10,3,Placebo,56.8,M,2025-07-13,2025-07-19,6,25.8,21.5,15.3,1.02,4,0,0,normal,none,-0.07786287384278623,0.07786287384278623,0
R01568,P0350,S04,5,Drug_A,60.1,M,2025-06-14,2025-06-16,2,20.4,16.2,11.8,1.01,0,0,0,normal,none,-0.07717057805630484,0.07717057805630484,0
R01569,P0408,S09,3,Drug_B,51.3,M,2025-07-08,2025-07-08,0,22.7,19.6,14.5,0.85,3,0,0,normal,none,-0.11564516698244143,0.11564516698244143,0
R01570,P0161,S06,4,Placebo,58.2,M,2025-05-18,2025-05-21,3,15.6,15.1,13.3,0.73,1,0,0,normal,none,-0.1097830689855473,0.1097830689855473,0
R01571,P0030,S05,4,Drug_A,46.7,M,2025-06-04,2025-06-08,4,42.9,34.4,14.2,0.72,0,0,0,normal,none,-0.08624640284098667,0.08624640284098667,0
R01572,P0024,S09,4,Drug_A,60.5,M,2025-09-17,2025-09-17,0,33.1,22.6,13.8,0.69,0,0,0,normal,none,-0.08829843903662338,0.08829843903662338,0
R01573,P0174,S08,1,Placebo,56.1,M,2025-05-25,2025-05-29,4,33.5,28.6,12.6,0.74,4,0,0,normal,none,-0.09650283012193372,0.09650283012193372,0
R01574,P0481,S08,5,Drug_B,70.4,M,2025-08-02,2025-08-08,6,30.4,15.9,14.1,0.71,2,0,0,normal,none,-0.05574598355717847,0.05574598355717847,0
R01575,P0183,S08,3,Drug_B,57.3,F,2025-07-03,2025-07-07,4,25.0,26.3,12.4,0.77,2,0,0,normal,none,-0.12299862009580648,0.12299862009580648,0
R01576,P0569,S07,3,Placebo,40.7,F,2025-07-28,2025-07-28,0,27.4,18.0,13.1,0.85,2,0,0,normal,none,-0.11466673952402967,0.11466673952402967,0
R01577,P0572,S02,1,Drug_B,47.2,F,2025-04-14,2025-04-20,6,33.0,27.0,12.6,0.8,2,0,0,normal,none,-0.11543780633552703,0.11543780633552703,0
R01578,P0168,S01,1,Drug_A,36.8,M,2025-02-17,2025-02-21,4,25.2,22.3,13.8,1.09,2,0,0,normal,none,-0.09002781636121232,0.09002781636121232,0
R01579,P0664,S08,3,Placebo,54.9,M,2025-08-21,2025-08-29,8,22.7,18.6,15.0,0.92,1,0,0,normal,none,-0.10035233711326941,0.10035233711326941,0
R01580,P0604,S02,3,Drug_B,39.5,M,2025-03-31,2025-04-05,5,18.1,8.0,14.4,1.01,7,1,1,ml_multivariate,query_delay_site_pattern,0.10626613276758745,-0.10626613276758745,1
R01581,P0401,S08,4,Drug_B,57.8,F,2025-06-21,2025-06-24,3,24.9,13.7,11.7,0.61,1,0,0,normal,none,-0.08855221024774029,0.08855221024774029,0
R01582,P0687,S04,1,Drug_A,55.9,M,2025-03-01,2025-03-13,12,19.4,14.5,13.4,0.66,2,0,0,normal,none,-0.06601554504776841,0.06601554504776841,0
R01583,P0472,S06,1,Drug_A,46.1,M,2025-04-23,2025-04-27,4,17.6,21.7,13.0,0.81,0,0,0,normal,none,-0.07601087100376341,0.07601087100376341,0
R01584,P0654,S08,3,Drug_A,51.8,F,2025-07-05,2025-07-06,1,22.6,22.3,15.8,0.96,1,0,0,normal,none,-0.09118967295651748,0.09118967295651748,0
R01585,P0362,S09,2,Drug_A,41.5,F,2025-07-23,2025-07-30,7,21.4,20.7,11.6,0.8,7,0,0,normal,none,-0.028835776306457728,0.028835776306457728,0
R01586,P0627,S08,2,Placebo,45.6,F,2025-03-06,2025-03-10,4,16.6,9.5,13.0,0.78,0,0,0,normal,none,-0.0799050037118278,0.0799050037118278,0
R01587,P0451,S07,3,Drug_A,61.7,M,2025-06-26,2025-06-28,2,33.6,25.0,13.5,0.99,3,0,0,normal,none,-0.11255439071230045,0.11255439071230045,0
R01588,P0535,S08,4,Placebo,46.9,F,2025-04-29,2025-05-05,6,33.1,31.0,13.1,0.8,2,0,0,normal,none,-0.11931350486154668,0.11931350486154668,0
R01589,P0532,S08,5,Placebo,43.7,M,2025-05-02,2025-05-03,1,45.5,55.6,12.8,0.74,0,1,0,normal,none,0.08773894805868965,-0.08773894805868965,1
R01590,P0401,S08,5,Placebo,59.9,F,2025-07-05,2025-07-07,2,34.1,33.4,14.4,0.94,3,0,0,normal,none,-0.08033294403692276,0.08033294403692276,0
R01591,P0152,S06,5,Drug_B,49.7,M,2025-06-30,2025-07-13,13,20.0,14.7,12.9,1.09,1,0,0,normal,none,-0.05232449184779697,0.05232449184779697,0
R01592,P0510,S01,2,Drug_B,39.9,F,2025-04-09,2025-04-14,5,46.3,34.6,10.5,0.9,3,0,0,normal,none,-0.0642032582589267,0.0642032582589267,0
R01593,P0599,S06,2,Drug_A,54.0,M,2025-07-18,2025-07-20,2,19.2,14.4,12.2,,0,0,1,rule_detectable,missing_required_lab:creatinine,-0.05668832348548858,0.05668832348548858,0
R01594,P0053,S09,2,Drug_B,49.4,F,2025-01-27,2025-01-28,1,64.9,62.8,13.3,0.66,3,0,0,normal,none,0.012467482847134836,-0.012467482847134836,1
R01595,P0666,S05,4,Drug_B,42.5,F,2025-07-28,2025-08-11,14,24.0,16.3,12.0,1.25,2,0,0,normal,none,-0.0317128247818243,0.0317128247818243,0
R01596,P0291,S02,1,Drug_A,32.4,F,2025-04-22,2025-04-30,8,30.0,8.6,11.6,0.97,4,0,0,normal,none,0.053685684557062574,-0.053685684557062574,1
R01597,P0164,S08,4,Placebo,54.4,F,2025-06-27,2025-06-28,1,17.4,14.3,12.5,0.59,1,0,0,normal,none,-0.09954437808700484,0.09954437808700484,0
R01598,P0218,S01,3,Drug_A,54.8,F,2025-04-06,2025-04-11,5,31.0,14.6,12.1,0.8,1,1,0,normal,none,0.02806326851805563,-0.02806326851805563,1
R01599,P0280,S07,4,Placebo,42.1,F,2025-06-26,2025-06-27,1,23.6,8.0,12.9,1.12,4,0,0,normal,none,0.012138799574197057,-0.012138799574197057,1
R01600,P0527,S06,2,Drug_B,50.3,F,2025-07-11,2025-07-13,2,19.7,15.9,13.4,0.46,0,0,0,normal,none,-0.06654184642730371,0.06654184642730371,0
R01601,P0736,S06,5,Placebo,48.6,F,2025-08-24,2025-08-27,3,16.2,8.0,13.0,0.63,1,0,0,normal,none,-0.052912235890104686,0.052912235890104686,0
R01602,P0314,S01,4,Placebo,35.9,M,2025-06-29,2025-07-03,4,33.7,24.2,14.6,1.0,2,0,0,normal,none,-0.09678034185485129,0.09678034185485129,0
R01603,P0426,S02,4,Placebo,82.7,F,2025-04-22,2025-04-26,4,41.8,43.3,13.9,0.49,1,0,0,normal,none,-0.014753397598265272,0.014753397598265272,0
R01604,P0199,S03,3,Placebo,29.2,F,2025-08-21,2025-08-24,3,27.1,25.2,13.5,0.69,3,0,0,normal,none,-0.09416726329034159,0.09416726329034159,0
R01605,P0328,S04,2,Drug_A,34.3,F,2025-03-11,2025-03-13,2,21.7,18.9,13.1,0.88,4,0,0,normal,none,-0.09567611336526671,0.09567611336526671,0
R01606,P0744,S07,5,Placebo,72.9,M,2025-09-22,2025-09-23,1,27.3,24.7,12.9,1.0,1,0,0,normal,none,-0.08699124604023167,0.08699124604023167,0
R01607,P0043,S01,3,Drug_B,61.7,M,2025-03-14,2025-03-22,8,16.1,11.6,14.4,0.86,3,0,0,normal,none,-0.0778850088075731,0.0778850088075731,0
R01608,P0456,S06,1,Drug_B,41.3,M,2025-03-26,2025-03-29,3,32.6,29.5,13.7,1.24,0,0,0,normal,none,-0.04287897943115282,0.04287897943115282,0
R01609,P0493,S07,3,Drug_A,68.3,F,2025-05-04,2025-05-11,7,17.2,14.7,13.3,0.87,1,0,0,normal,none,-0.10004581695909132,0.10004581695909132,0
R01610,P0195,S05,3,Drug_B,52.0,M,2025-05-13,2025-05-13,0,14.6,10.9,13.5,0.83,0,0,0,normal,none,-0.08669698575542745,0.08669698575542745,0
R01611,P0247,S10,3,Drug_A,64.2,M,2025-06-27,2025-06-29,2,26.1,27.0,16.2,0.77,1,0,0,normal,none,-0.07032151473381276,0.07032151473381276,0
R01612,P0101,S06,1,Placebo,65.8,F,2025-06-06,2025-06-12,6,16.4,12.7,12.2,0.68,1,0,0,normal,none,-0.08095973689134273,0.08095973689134273,0
R01613,P0501,S06,1,Drug_A,30.0,M,2025-02-20,2025-02-26,6,21.8,24.6,14.3,1.06,1,0,0,normal,none,-0.05564800962942429,0.05564800962942429,0
R01614,P0437,S02,5,Drug_A,56.0,M,2025-08-16,2025-08-19,3,19.9,18.9,13.4,0.83,1,0,0,normal,none,-0.10752678840226487,0.10752678840226487,0
R01615,P0629,S08,5,Drug_B,57.1,M,2025-10-20,2025-10-23,3,33.9,26.7,12.7,0.79,2,0,0,normal,none,-0.10523039750874608,0.10523039750874608,0
R01616,P0360,S08,4,Drug_A,85.0,M,2025-07-24,2025-07-25,1,26.1,25.4,12.6,1.13,1,0,0,normal,none,-0.05773156129266699,0.05773156129266699,0
R01617,P0420,S01,3,Placebo,47.4,M,2025-03-20,2025-03-21,1,17.3,13.1,12.1,1.01,4,0,0,normal,none,-0.08618237041010801,0.08618237041010801,0
R01618,P0095,S02,2,Placebo,61.6,M,2025-07-21,2025-07-19,-2,15.5,8.0,14.3,1.03,7,1,1,both_detectable,date_plus_queries,0.11413187225487376,-0.11413187225487376,1
R01619,P0255,S03,5,Drug_B,43.1,F,2025-08-02,2025-08-03,1,14.5,9.4,13.0,0.59,2,0,0,normal,none,-0.05970886199895342,0.05970886199895342,0
R01620,P0438,S07,4,Placebo,42.0,F,2025-08-15,2025-08-17,2,19.7,17.7,12.8,0.81,1,0,0,normal,none,-0.11805611514453856,0.11805611514453856,0
R01621,P0605,S05,3,Drug_A,50.5,M,2025-03-23,2025-03-27,4,48.5,62.2,12.8,1.04,3,0,0,normal,none,-0.021021468832158774,0.021021468832158774,0
R01622,P0062,S04,4,Drug_A,54.2,M,2025-08-25,2025-08-25,0,18.7,8.0,13.5,0.65,1,0,0,normal,none,-0.044572834161795194,0.044572834161795194,0
R01623,P0168,S01,1,Placebo,75.3,M,2025-02-19,2025-02-23,4,21.5,14.4,14.4,0.82,0,0,0,normal,none,-0.06474639264323395,0.06474639264323395,0
R01624,P0429,S06,1,Placebo,43.3,M,2025-02-16,2025-02-17,1,37.4,43.0,13.9,0.82,1,0,0,normal,none,-0.06796192757581276,0.06796192757581276,0
R01625,P0590,S10,3,Drug_A,71.4,F,2025-05-03,2025-05-06,3,20.6,25.1,13.7,0.68,2,0,0,normal,none,-0.09298593679578054,0.09298593679578054,0
R01626,P0456,S06,4,Drug_A,60.5,F,2025-05-13,2025-05-15,2,36.9,28.7,13.2,0.79,0,0,0,normal,none,-0.10776037582424974,0.10776037582424974,0
R01627,P0127,S07,3,Placebo,65.9,F,2025-06-22,2025-06-23,1,23.6,27.9,15.1,0.78,2,0,0,normal,none,-0.08950552725842659,0.08950552725842659,0
R01628,P0009,S10,2,Drug_B,58.6,M,2025-07-18,2025-07-19,1,24.9,27.0,13.3,0.73,0,0,0,normal,none,-0.09878314566791147,0.09878314566791147,0
R01629,P0524,S05,1,Drug_B,58.9,M,2025-06-27,2025-06-30,3,19.5,17.2,13.8,1.03,0,0,0,normal,none,-0.08728592239338562,0.08728592239338562,0
R01630,P0225,S08,3,Placebo,48.8,M,2025-04-02,2025-04-06,4,61.1,56.9,9.8,1.28,1,0,1,ml_multivariate,lab_profile,0.031097169062056396,-0.031097169062056396,1
R01631,P0513,S04,5,Drug_A,54.7,M,2025-10-05,2025-10-12,7,16.4,14.5,13.7,0.99,2,0,0,normal,none,-0.08636908415123062,0.08636908415123062,0
R01632,P0687,S04,4,Placebo,80.5,M,2025-04-09,2025-04-11,2,68.2,48.5,14.3,0.73,2,0,1,rule_detectable,duplicate_record,0.01868389792673686,-0.01868389792673686,1
R01633,P0278,S10,5,Drug_B,55.3,F,2025-08-22,2025-08-28,6,12.5,8.0,11.1,0.86,6,0,0,normal,none,0.007090624108105459,-0.007090624108105459,1
R01634,P0299,S05,5,Drug_A,70.7,F,2025-10-16,2025-10-23,7,21.5,14.2,12.3,0.98,2,0,0,normal,none,-0.07073934167088175,0.07073934167088175,0
R01635,P0532,S08,5,Drug_A,22.2,M,2025-08-02,2025-08-07,5,22.4,20.0,13.2,0.85,0,0,0,normal,none,-0.0567657585540689,0.0567657585540689,0
R01636,P0150,S01,3,Placebo,53.4,M,2025-04-04,2025-04-05,1,21.0,18.9,14.2,0.95,1,0,0,normal,none,-0.12059108086760317,0.12059108086760317,0
R01637,P0721,S05,1,Drug_B,55.5,M,2025-01-04,2025-01-07,3,15.3,19.1,13.2,1.07,0,0,0,normal,none,-0.060044778898968865,0.060044778898968865,0
R01638,P0598,S07,1,Placebo,43.8,F,2025-05-07,2025-05-15,8,42.8,36.7,12.9,1.04,3,0,0,normal,none,-0.0645695431343759,0.0645695431343759,0
R01639,P0379,S06,3,Drug_B,55.2,M,2025-03-14,2025-03-23,9,20.6,11.4,13.8,1.14,2,0,0,normal,none,-0.06589926944060642,0.06589926944060642,0
R01640,P0281,S08,2,Placebo,69.4,F,2025-06-18,2025-06-18,0,26.4,20.8,10.9,0.45,2,0,0,normal,none,-0.05159718401683622,0.05159718401683622,0
R01641,P0413,S07,4,Placebo,38.0,F,2025-08-11,2025-08-12,1,26.6,27.8,12.0,0.58,3,0,0,normal,none,-0.0823735076536315,0.0823735076536315,0
R01642,P0433,S03,5,Drug_B,33.7,F,2025-07-19,2025-07-25,6,17.1,9.1,14.6,0.63,1,0,0,normal,none,-0.024747383438652626,0.024747383438652626,0
R01643,P0255,S03,2,Drug_B,57.5,M,2025-05-27,2025-06-02,6,17.2,10.2,11.1,1.11,1,0,0,normal,none,-0.056052009247420986,0.056052009247420986,0
R01644,P0311,S02,3,Drug_A,35.3,F,2025-04-12,2025-04-16,4,25.3,19.4,11.2,0.59,1,0,0,normal,none,-0.08796651105552039,0.08796651105552039,0
R01645,P0290,S05,4,Drug_A,50.5,F,2025-07-07,2025-07-10,3,16.7,12.8,12.6,0.53,2,0,1,rule_detectable,duplicate_record,-0.09257859830292503,0.09257859830292503,0
R01646,P0060,S06,4,Placebo,59.4,M,2025-09-14,2025-09-19,5,21.8,20.3,12.3,0.7,2,0,0,normal,none,-0.1169545576791935,0.1169545576791935,0
R01647,P0373,S03,4,Placebo,50.1,F,2025-09-02,2025-09-04,2,31.1,24.7,15.8,0.89,0,0,0,normal,none,-0.07827987808318237,0.07827987808318237,0
R01648,P0263,S09,2,Drug_A,34.0,F,2025-05-19,2025-05-19,0,31.7,23.7,13.3,0.91,0,0,0,normal,none,-0.0800657389999671,0.0800657389999671,0
R01649,P0635,S04,1,Drug_B,18.0,M,2025-06-30,2025-06-30,0,23.6,19.9,14.7,0.74,2,0,0,normal,none,-0.044271415920493884,0.044271415920493884,0
R01650,P0158,S08,3,Drug_A,25.0,M,2025-07-14,2025-07-18,4,15.5,15.9,14.9,1.09,1,0,0,normal,none,-0.050168686035387544,0.050168686035387544,0
R01651,P0026,S02,3,Drug_B,40.7,F,2025-06-30,2025-07-07,7,33.2,25.8,11.0,0.81,5,0,0,normal,none,-0.054123223680424104,0.054123223680424104,0
R01652,P0263,S09,1,Placebo,45.3,M,2025-03-14,2025-03-14,0,35.0,28.5,13.2,1.01,3,0,0,normal,none,-0.094012553028466,0.094012553028466,0
R01653,P0462,S08,4,Drug_B,42.5,M,2025-04-25,2025-04-27,2,19.3,12.0,14.4,1.04,2,0,0,normal,none,-0.087288025028124,0.087288025028124,0
R01654,P0245,S03,5,Drug_A,68.2,F,2025-09-08,2025-09-09,1,33.6,23.6,14.0,0.82,5,0,0,normal,none,-0.04905569108020691,0.04905569108020691,0
R01655,P0353,S05,5,Placebo,59.1,M,2025-10-04,2025-10-07,3,34.1,27.9,14.2,0.89,2,0,0,normal,none,-0.10055146855141206,0.10055146855141206,0
R01656,P0637,S04,1,Placebo,39.8,F,2025-04-28,2025-04-28,0,16.6,17.5,12.4,0.9,2,0,0,normal,none,-0.08412972869183644,0.08412972869183644,0
R01657,P0295,S05,1,Drug_A,51.9,F,2025-04-11,2025-04-14,3,27.3,18.9,14.2,0.51,1,0,0,normal,none,-0.08189030648558582,0.08189030648558582,0
R01658,P0148,S03,2,Placebo,50.6,M,2025-04-13,2025-04-17,4,26.2,17.2,14.3,1.01,4,0,0,normal,none,-0.0930271687741917,0.0930271687741917,0
R01659,P0492,S06,4,Placebo,47.8,M,2025-09-10,2025-09-16,6,19.2,8.2,14.3,0.88,0,0,0,normal,none,-0.0357112019255999,0.0357112019255999,0
R01660,P0650,S01,3,Placebo,29.0,F,2025-03-26,2025-03-26,0,19.4,11.1,12.8,0.66,1,0,0,normal,none,-0.06681549354328692,0.06681549354328692,0
R01661,P0662,S10,1,Drug_B,50.3,M,2025-02-25,2025-02-28,3,14.2,14.1,,0.81,2,0,1,rule_detectable,missing_required_lab:hemoglobin,-0.0423218573210038,0.0423218573210038,0
R01662,P0179,S04,4,Drug_A,51.1,F,2025-04-17,2025-04-17,0,18.3,18.2,13.8,0.46,1,0,0,normal,none,-0.07224132253434523,0.07224132253434523,0
R01663,P0208,S03,2,Drug_B,48.1,M,2025-07-06,2025-07-10,4,28.9,30.7,15.1,1.08,3,0,0,normal,none,-0.0820788015427052,0.0820788015427052,0
R01664,P0735,S08,3,Drug_B,33.1,M,2025-03-05,2025-03-09,4,30.9,25.8,14.2,0.93,1,0,0,normal,none,-0.10740260077463604,0.10740260077463604,0
R01665,P0433,S03,4,Drug_A,76.1,F,2025-07-10,2025-07-15,5,33.5,29.0,12.4,0.78,1,0,0,normal,none,-0.09007710524943618,0.09007710524943618,0
R01666,P0625,S02,3,Drug_B,56.8,F,2025-04-24,2025-04-28,4,25.7,24.2,11.8,0.92,3,0,0,normal,none,-0.1151809475748527,0.1151809475748527,0
R01667,P0019,S06,2,Drug_A,52.4,M,2025-05-10,2025-05-11,1,26.5,23.3,13.8,0.83,3,0,0,normal,none,-0.11965535880493405,0.11965535880493405,0
R01668,P0505,S05,3,Placebo,47.2,F,2025-06-16,2025-06-21,5,32.4,20.7,13.8,1.11,0,0,0,normal,none,-0.08677984734334138,0.08677984734334138,0
R01669,P0277,S01,3,Drug_B,57.5,M,2025-06-15,2025-06-19,4,19.5,13.1,14.1,0.93,1,0,0,normal,none,-0.1150997986214542,0.1150997986214542,0
R01670,P0289,S03,3,Placebo,60.7,F,2025-05-19,2025-05-24,5,23.2,13.8,12.9,0.8,1,0,0,normal,none,-0.11382600043260949,0.11382600043260949,0
R01671,P0576,S10,4,Drug_B,54.4,M,2025-06-22,2025-07-01,9,39.1,39.8,12.6,0.93,0,0,0,normal,none,-0.07069885765361356,0.07069885765361356,0
R01672,P0555,S01,5,Drug_A,47.0,F,2025-09-23,2025-09-30,7,19.6,10.3,13.0,0.56,3,0,0,normal,none,-0.04216431392318665,0.04216431392318665,0
R01673,P0268,S02,3,Placebo,58.4,M,2025-04-26,2025-04-29,3,29.1,27.2,16.3,1.08,0,0,0,normal,none,-0.05979936340051162,0.05979936340051162,0
R01674,P0416,S06,5,Drug_B,57.5,M,2025-07-30,2025-08-02,3,21.2,23.2,12.6,0.81,1,0,0,normal,none,-0.10150956886781187,0.10150956886781187,0
R01675,P0733,S05,2,Placebo,54.0,M,2025-05-12,2025-05-16,4,34.6,29.3,13.9,1.23,1,0,0,normal,none,-0.07947241846829955,0.07947241846829955,0
R01676,P0235,S10,2,Placebo,72.1,F,2025-06-22,2025-06-26,4,15.2,12.7,10.4,0.98,4,0,0,normal,none,-0.039063005144681084,0.039063005144681084,0
R01677,P0048,S02,4,Drug_B,43.9,M,2025-05-06,2025-05-10,4,20.1,13.3,13.7,1.35,0,0,0,normal,none,-0.04902379349579272,0.04902379349579272,0
R01678,P0639,S05,1,Drug_B,47.1,F,2025-04-08,2025-04-10,2,45.8,34.7,9.8,0.68,1,0,0,normal,none,-0.053343827526324106,0.053343827526324106,0
R01679,P0460,S07,5,Placebo,35.8,F,2025-06-09,2025-06-09,0,19.7,22.0,14.1,0.52,3,0,0,normal,none,-0.04840310416048521,0.04840310416048521,0
R01680,P0098,S02,2,Placebo,46.3,F,2025-07-14,2025-07-15,1,13.5,13.4,14.6,0.54,1,0,0,normal,none,-0.06635409716555829,0.06635409716555829,0
R01681,P0685,S06,5,Drug_A,61.2,F,2025-08-08,2025-08-17,9,19.0,13.2,14.5,0.78,3,0,0,normal,none,-0.05961692177655792,0.05961692177655792,0
R01682,P0527,S06,1,Drug_B,56.4,F,2025-03-17,2025-03-22,5,23.7,18.3,13.5,0.45,3,0,0,normal,none,-0.06754027480632596,0.06754027480632596,0
R01683,P0097,S08,4,Drug_A,82.1,M,2025-09-08,2025-09-14,6,9.9,8.0,13.5,1.06,1,0,0,normal,none,-0.025536314606261434,0.025536314606261434,0
R01684,P0205,S04,2,Drug_A,37.1,M,2025-05-08,2025-05-11,3,33.7,21.5,14.7,0.94,1,0,0,normal,none,-0.09337395823778238,0.09337395823778238,0
R01685,P0523,S01,2,Drug_A,45.4,M,2025-07-22,2025-07-29,7,27.4,29.8,13.4,0.65,3,0,0,normal,none,-0.09344177586323454,0.09344177586323454,0
R01686,P0180,S09,2,Drug_A,63.2,M,2025-04-13,2025-04-14,1,37.1,22.8,12.3,0.93,2,0,0,normal,none,-0.09976099814173084,0.09976099814173084,0
R01687,P0385,S05,3,Placebo,60.7,F,2025-06-29,2025-07-02,3,25.0,24.5,10.9,0.45,1,0,0,normal,none,-0.06689137176276361,0.06689137176276361,0
R01688,P0695,S02,4,Drug_B,53.0,F,2025-08-01,2025-08-04,3,37.7,27.9,13.6,1.09,3,1,0,normal,none,0.017822031402893623,-0.017822031402893623,1
R01689,P0646,S08,4,Placebo,47.4,M,2025-06-09,2025-06-16,7,31.7,23.4,12.0,1.07,2,0,0,normal,none,-0.10166463177330076,0.10166463177330076,0
R01690,P0642,S08,3,Drug_A,41.3,F,2025-08-05,2025-08-09,4,20.2,12.5,12.1,0.88,0,0,0,normal,none,-0.09045902509791742,0.09045902509791742,0
R01691,P0309,S01,1,Placebo,45.4,M,2025-06-05,2025-06-06,1,22.6,23.2,14.0,0.73,2,0,0,normal,none,-0.10603402993989619,0.10603402993989619,0
R01692,P0683,S04,3,Drug_B,39.7,M,2025-07-28,2025-07-30,2,29.6,15.6,13.7,0.9,2,0,0,normal,none,-0.10160528959561183,0.10160528959561183,0
R01693,P0566,S06,1,Drug_A,56.0,F,2025-04-07,2025-04-11,4,14.1,8.0,13.4,1.07,2,0,0,normal,none,-0.05670952931752388,0.05670952931752388,0
R01694,P0204,S02,3,Placebo,71.7,F,2025-07-10,2025-08-13,34,29.2,23.0,12.6,0.72,2,0,1,rule_detectable,excessive_entry_delay,-0.032137093717121035,0.032137093717121035,0
R01695,P0548,S03,2,Drug_A,44.3,M,2025-02-02,2025-02-03,1,44.7,36.7,13.0,0.68,1,0,0,normal,none,-0.09062270414811086,0.09062270414811086,0
R01696,P0427,S08,3,Drug_B,55.9,M,2025-04-15,2025-04-18,3,37.2,15.8,14.4,0.85,1,0,0,normal,none,-0.07002573277887769,0.07002573277887769,0
R01697,P0103,S06,2,Drug_A,60.7,F,2025-02-03,2025-02-08,5,44.4,38.9,14.2,0.76,0,0,0,normal,none,-0.07934649851935704,0.07934649851935704,0
R01698,P0746,S07,3,Placebo,29.9,M,2025-03-01,2025-03-03,2,39.7,32.6,14.0,0.81,4,0,0,normal,none,-0.07368903200978566,0.07368903200978566,0
R01699,P0258,S02,1,Drug_B,57.2,M,2025-05-16,2025-05-24,8,32.7,23.2,13.3,0.94,1,0,0,normal,none,-0.09467369161369787,0.09467369161369787,0
R01700,P0692,S10,5,Drug_A,73.6,F,2025-09-18,2025-09-24,6,31.7,28.7,11.2,0.91,2,1,0,normal,none,0.04710288860970435,-0.04710288860970435,1
R01701,P0307,S08,1,Drug_A,43.8,F,2025-04-05,2025-04-05,0,20.7,22.4,12.8,0.88,1,0,0,normal,none,-0.09873491042166443,0.09873491042166443,0
R01702,P0136,S06,4,Drug_A,70.1,M,2025-04-08,2025-04-10,2,22.1,16.0,12.6,1.09,1,0,0,normal,none,-0.09274989267847467,0.09274989267847467,0
R01703,P0250,S06,3,Drug_A,18.0,F,2025-06-12,2025-06-18,6,43.0,40.1,12.5,0.87,0,0,0,normal,none,-0.026373946159821526,0.026373946159821526,0
R01704,P0408,S09,4,Drug_B,38.7,F,2025-04-27,2025-04-27,0,22.9,22.8,14.5,1.02,1,0,0,normal,none,-0.09187391482624735,0.09187391482624735,0
R01705,P0239,S06,4,Drug_B,60.8,F,2025-05-01,2025-05-07,6,49.0,41.5,12.1,0.79,3,0,0,normal,none,-0.06982041424451868,0.06982041424451868,0
R01706,P0663,S01,5,Drug_B,36.2,M,2025-06-05,2025-06-08,3,31.8,17.9,15.0,0.92,2,0,0,normal,none,-0.07159251470226197,0.07159251470226197,0
R01707,P0571,S03,2,Drug_A,36.4,M,2025-04-25,2025-05-01,6,14.0,8.6,15.3,0.6,1,0,0,normal,none,-0.02728512703464231,0.02728512703464231,0
R01708,P0261,S01,4,Drug_B,44.6,M,2025-07-26,2025-08-03,8,26.1,21.6,12.4,0.72,4,0,0,normal,none,-0.0886998938201724,0.0886998938201724,0
R01709,P0138,S03,1,Placebo,48.8,F,2025-03-13,2025-03-17,4,12.9,8.0,11.3,0.71,3,0,0,normal,none,-0.04528150735896436,0.04528150735896436,0
R01710,P0519,S03,4,Drug_B,22.3,F,2025-07-14,2025-07-21,7,19.1,20.1,13.7,0.97,2,0,0,normal,none,-0.05869878070828577,0.05869878070828577,0
R01711,P0648,S09,2,Drug_B,41.6,M,2025-06-23,2025-06-24,1,16.8,21.6,13.8,0.69,4,0,0,normal,none,-0.06850456451599696,0.06850456451599696,0
R01712,P0739,S08,2,Drug_A,43.9,F,2025-03-02,2025-03-08,6,17.2,8.0,13.3,0.72,1,0,0,normal,none,-0.057101358362307786,0.057101358362307786,0
R01713,P0216,S03,5,Placebo,40.3,F,2025-05-06,2025-05-09,3,15.2,13.6,12.1,0.86,2,0,0,normal,none,-0.08505647830066287,0.08505647830066287,0
R01714,P0192,S07,3,Drug_A,50.6,F,2025-06-27,2025-06-29,2,19.6,12.8,15.2,0.95,1,0,0,normal,none,-0.09678626991535921,0.09678626991535921,0
R01715,P0244,S09,3,Drug_A,37.9,M,2025-08-04,2025-08-04,0,35.1,33.5,13.8,0.99,0,0,0,normal,none,-0.07921764352201205,0.07921764352201205,0
R01716,P0089,S02,4,Placebo,74.9,F,2025-08-08,2025-08-10,2,33.8,30.2,10.3,0.93,5,0,0,normal,none,-0.030561173815130793,0.030561173815130793,0
R01717,P0326,S08,5,Drug_A,38.5,M,2025-08-08,2025-08-11,3,16.5,9.5,13.1,0.74,1,0,0,normal,none,-0.06989677466786715,0.06989677466786715,0
R01718,P0606,S09,1,Placebo,43.2,F,2025-01-26,2025-01-26,0,61.4,13.1,13.9,0.56,1,0,1,ml_multivariate,alt_ast_ratio,0.0745759225824385,-0.0745759225824385,1
R01719,P0329,S06,5,Drug_B,80.5,F,2025-09-22,2025-09-29,7,34.7,21.1,13.0,1.12,3,0,0,normal,none,-0.026394805549541267,0.026394805549541267,0
R01720,P0464,S05,1,Placebo,68.3,M,2025-06-22,2025-06-27,5,29.3,29.3,14.2,1.16,2,0,0,normal,none,-0.07037208836103082,0.07037208836103082,0
R01721,P0415,S01,1,Drug_A,50.8,F,2025-01-24,2025-01-25,1,25.6,17.7,12.2,0.75,2,0,0,normal,none,-0.11131765638450947,0.11131765638450947,0
R01722,P0074,S02,1,Drug_B,49.0,F,2025-06-03,2025-06-04,1,30.1,24.9,12.5,0.95,2,0,0,normal,none,-0.11331998853440645,0.11331998853440645,0
R01723,P0213,S03,3,Drug_B,53.8,F,2025-05-25,2025-05-29,4,24.3,21.7,11.0,0.88,3,0,0,normal,none,-0.10695867034808332,0.10695867034808332,0
R01724,P0167,S05,4,Drug_A,55.9,M,2025-06-09,2025-06-13,4,21.9,21.1,15.3,0.86,3,0,0,normal,none,-0.09589535105332925,0.09589535105332925,0
R01725,P0182,S09,2,Drug_A,51.2,M,2025-07-01,2025-07-03,2,21.3,14.7,13.5,1.01,5,0,0,normal,none,-0.07709492033944121,0.07709492033944121,0
R01726,P0319,S04,3,Placebo,61.1,F,2025-04-18,2025-04-19,1,16.4,17.2,14.0,1.0,2,0,0,normal,none,-0.10583384137902235,0.10583384137902235,0
R01727,P0161,S06,4,Drug_B,35.1,F,2025-05-24,2025-05-25,1,21.3,20.9,11.6,0.68,1,0,0,normal,none,-0.09051663573937202,0.09051663573937202,0
R01728,P0343,S07,4,Drug_A,54.6,M,2025-05-27,2025-05-27,0,29.2,27.7,14.0,1.0,0,0,0,normal,none,-0.09855718682547776,0.09855718682547776,0
R01729,P0649,S01,5,Drug_B,52.8,F,2025-07-27,2025-07-31,4,38.3,33.1,12.5,0.89,2,0,0,normal,none,-0.1007025358172356,0.1007025358172356,0
R01730,P0144,S10,5,Drug_B,42.3,F,2025-06-06,2025-06-13,7,37.3,32.0,12.3,0.85,3,0,0,normal,none,-0.08216272471441588,0.08216272471441588,0
R01731,P0360,S08,5,Drug_B,47.2,F,2025-09-04,2025-09-05,1,15.9,9.7,14.6,0.99,3,0,0,normal,none,-0.05677900473713615,0.05677900473713615,0
R01732,P0480,S01,2,Placebo,46.8,F,2025-06-16,2025-06-24,8,34.8,26.7,13.8,0.8,2,0,0,normal,none,-0.1086331082648141,0.1086331082648141,0
R01733,P0427,S08,5,Drug_A,37.2,F,2025-08-11,2025-08-14,3,29.1,29.4,13.6,1.05,0,0,0,normal,none,-0.07242906705305124,0.07242906705305124,0
R01734,P0073,S09,5,Drug_B,40.7,M,2025-05-08,2025-05-12,4,18.8,12.0,14.2,0.81,0,0,0,normal,none,-0.06799138061660664,0.06799138061660664,0
R01735,P0593,S07,3,Drug_B,35.9,F,2025-04-26,2025-04-26,0,24.4,25.6,12.5,0.92,2,0,0,normal,none,-0.1073761270700716,0.1073761270700716,0
R01736,P0113,S03,3,Drug_A,65.7,M,2025-05-15,2025-05-18,3,27.9,17.6,13.3,1.22,2,0,0,normal,none,-0.0838732462770802,0.0838732462770802,0
R01737,P0291,S02,2,Placebo,70.5,M,2025-06-16,2025-06-25,9,23.0,19.2,13.3,0.94,2,0,0,normal,none,-0.09687647656900511,0.09687647656900511,0
R01738,P0634,S09,1,Drug_B,37.4,F,2025-01-16,2025-01-18,2,15.4,15.9,14.1,0.77,1,1,0,normal,none,0.034796574996169505,-0.034796574996169505,1
R01739,P0078,S07,2,Drug_A,40.6,F,2025-06-07,2025-06-07,0,22.3,11.2,12.8,0.96,2,0,0,normal,none,-0.08254948552982982,0.08254948552982982,0
R01740,P0328,S04,1,Drug_B,32.4,F,2025-05-14,2025-05-20,6,39.2,25.2,10.3,0.74,3,0,0,normal,none,-0.04765816521035937,0.04765816521035937,0
R01741,P0570,S05,3,Drug_A,50.6,M,2025-06-25,2025-06-29,4,10.1,8.0,14.3,1.04,0,0,0,normal,none,-0.05832580458227843,0.05832580458227843,0
R01742,P0581,S02,1,Drug_B,28.9,F,2025-02-10,2025-02-12,2,14.5,9.8,12.8,0.64,3,1,0,normal,none,0.06287234641561756,-0.06287234641561756,1
R01743,P0654,S08,3,Drug_B,48.8,M,2025-08-06,2025-08-09,3,33.9,27.2,15.6,1.2,3,0,0,normal,none,-0.06549299240050133,0.06549299240050133,0
R01744,P0204,S02,1,Placebo,55.8,M,2025-04-08,2025-04-09,1,26.8,21.3,12.2,0.95,0,0,0,normal,none,-0.09439583278790292,0.09439583278790292,0
R01745,P0653,S08,4,Drug_B,57.4,F,2025-03-30,2025-04-01,2,13.0,11.7,13.5,0.6,2,0,0,normal,none,-0.08917052968319311,0.08917052968319311,0
R01746,P0696,S10,5,Drug_A,59.6,F,2025-09-10,2025-09-14,4,36.8,26.4,14.2,0.98,2,0,0,normal,none,-0.09331080274858577,0.09331080274858577,0
R01747,P0477,S09,5,Drug_B,50.5,M,2025-10-09,2025-10-09,0,50.6,41.3,13.5,1.15,2,0,0,normal,none,-0.04441645350217266,0.04441645350217266,0
R01748,P0163,S01,2,Placebo,58.5,F,2025-02-26,2025-02-28,2,11.8,9.4,13.1,0.66,1,0,0,normal,none,-0.08471065874118677,0.08471065874118677,0
R01749,P0537,S10,1,Drug_A,61.9,M,2025-06-01,2025-06-05,4,29.3,23.4,14.8,0.91,0,0,0,normal,none,-0.08586872796341871,0.08586872796341871,0
R01750,P0463,S02,4,Placebo,38.8,M,2025-09-02,2025-09-04,2,25.4,22.7,13.3,0.91,1,0,0,normal,none,-0.12242228120402221,0.12242228120402221,0
R01751,P0108,S10,5,Drug_A,40.5,F,2025-07-15,2025-07-21,6,33.4,36.1,10.7,1.0,4,0,0,normal,none,-0.033279864717018104,0.033279864717018104,0
R01752,P0394,S04,2,Drug_A,19.4,M,2025-02-18,2025-02-22,4,17.3,16.4,12.6,1.01,1,0,0,normal,none,-0.05838690789871992,0.05838690789871992,0
R01753,P0706,S04,3,Drug_A,45.7,F,2025-05-26,2025-06-02,7,32.2,28.2,13.2,0.94,2,0,0,normal,none,-0.1185643690841916,0.1185643690841916,0
R01754,P0495,S02,2,Drug_B,56.4,M,2025-04-04,2025-04-06,2,37.0,39.3,15.3,0.89,1,0,0,normal,none,-0.0765068924778442,0.0765068924778442,0
R01755,P0503,S05,4,Placebo,48.4,F,2025-08-24,2025-08-31,7,19.0,19.3,13.8,0.71,3,0,0,normal,none,-0.09761280031946218,0.09761280031946218,0
R01756,P0004,S02,4,Drug_B,18.0,M,2025-09-13,2025-09-16,3,33.8,23.4,12.3,0.93,3,0,0,normal,none,-0.05179216602566922,0.05179216602566922,0
R01757,P0204,S02,3,Drug_A,67.3,M,2025-06-02,2025-06-04,2,41.4,41.8,14.3,0.74,2,0,0,normal,none,-0.08156826796895006,0.08156826796895006,0
R01758,P0636,S08,4,Placebo,47.1,F,2025-07-05,2025-07-05,0,31.1,23.9,12.9,0.58,3,0,0,normal,none,-0.0973749507004506,0.0973749507004506,0
R01759,P0113,S03,4,Placebo,64.7,M,2025-09-12,2025-09-15,3,22.9,15.8,14.8,0.45,0,0,0,normal,none,-0.05017650141702995,0.05017650141702995,0
R01760,P0079,S05,1,Drug_A,49.8,M,2025-03-09,2025-03-10,1,37.4,34.0,14.5,1.0,2,0,0,normal,none,-0.09172964111065735,0.09172964111065735,0
R01761,P0299,S05,1,Drug_A,68.6,M,2025-01-29,2025-01-29,0,10.0,8.0,12.8,0.89,1,0,0,normal,none,-0.04463957296330956,0.04463957296330956,0
R01762,P0340,S03,2,Drug_A,24.8,M,2025-07-23,2025-07-25,2,35.2,27.7,13.6,0.9,3,0,0,normal,none,-0.07796639180593024,0.07796639180593024,0
R01763,P0721,S05,1,Drug_B,69.0,M,2025-02-24,2025-03-01,5,11.5,8.0,12.6,1.17,1,0,0,normal,none,-0.02820208405330904,0.02820208405330904,0
R01764,P0596,S04,3,Placebo,53.0,F,2025-08-05,2025-08-05,0,29.2,18.5,11.4,0.98,2,0,0,normal,none,-0.10154391460504048,0.10154391460504048,0
R01765,P0278,S10,3,Drug_B,78.5,M,2025-03-04,2025-03-06,2,48.4,32.6,12.4,1.1,2,0,0,normal,none,-0.04671140330652068,0.04671140330652068,0
R01766,P0729,S07,2,Drug_A,46.7,F,2025-05-21,2025-05-25,4,16.7,17.1,12.1,0.8,3,0,0,normal,none,-0.10101707240535224,0.10101707240535224,0
R01767,P0540,S01,1,Placebo,72.1,F,2025-01-04,2025-01-05,1,18.2,13.2,13.8,0.67,3,0,0,normal,none,-0.06962643891725961,0.06962643891725961,0
R01768,P0066,S02,2,Drug_B,46.3,F,2025-07-19,2025-07-23,4,23.3,12.6,13.3,1.01,3,0,0,normal,none,-0.09059099517067482,0.09059099517067482,0
R01769,P0562,S02,1,Drug_B,29.6,F,2025-06-09,2025-06-11,2,41.7,36.8,13.3,0.87,2,0,0,normal,none,-0.07265575611454428,0.07265575611454428,0
R01770,P0540,S01,5,Placebo,47.1,F,2025-05-09,2025-05-12,3,29.1,24.8,12.5,0.75,0,0,0,normal,none,-0.09797301761990362,0.09797301761990362,0
R01771,P0446,S06,3,Drug_A,44.3,F,2025-03-27,2025-03-31,4,24.3,11.6,10.6,0.54,3,0,0,normal,none,-0.03832938609651493,0.03832938609651493,0
R01772,P0741,S02,3,Drug_B,32.6,M,2025-04-06,2025-04-07,1,20.4,13.8,13.2,1.04,3,0,0,normal,none,-0.083719213398533,0.083719213398533,0
R01773,P0704,S05,1,Placebo,23.8,M,2025-01-31,2025-02-05,5,44.3,44.0,13.5,1.01,2,0,0,normal,none,-0.03347742279230981,0.03347742279230981,0
R01774,P0097,S08,4,Placebo,26.2,M,2025-04-18,2025-04-21,3,51.0,39.4,14.0,1.15,2,0,0,normal,none,-0.030252927130286822,0.030252927130286822,0
R01775,P0280,S07,1,Placebo,40.3,F,2025-05-21,2025-05-21,0,33.1,25.4,11.4,0.55,1,0,0,normal,none,-0.06492166141436584,0.06492166141436584,0
R01776,P0603,S05,4,Drug_B,55.2,F,2025-09-16,2025-09-17,1,10.7,10.3,12.7,0.85,1,0,0,normal,none,-0.0872940219343667,0.0872940219343667,0
R01777,P0204,S02,4,Drug_B,57.9,F,2025-09-04,2025-09-13,9,14.7,8.0,11.0,0.93,2,0,0,normal,none,-0.03899309334986217,0.03899309334986217,0
R01778,P0367,S01,4,Drug_A,43.2,M,2025-06-16,2025-06-19,3,44.7,34.6,15.6,1.29,2,0,0,normal,none,-0.03437146406049796,0.03437146406049796,0
R01779,P0607,S07,1,Drug_A,51.5,F,2025-01-20,2025-01-24,4,28.5,25.9,13.8,0.66,2,0,0,normal,none,-0.1081593522581012,0.1081593522581012,0
R01780,P0024,S09,1,Drug_B,75.0,M,2025-03-28,2025-03-30,2,22.9,17.3,13.1,0.96,4,0,0,normal,none,-0.06962989067382758,0.06962989067382758,0
R01781,P0489,S01,1,Placebo,55.0,F,2025-01-25,2025-01-27,2,28.3,21.9,11.3,0.57,2,0,0,normal,none,-0.08192628013058739,0.08192628013058739,0
R01782,P0057,S06,1,Drug_B,85.0,F,2025-02-10,2025-02-11,1,12.4,12.8,13.3,0.81,1,0,0,normal,none,-0.043395620416723235,0.043395620416723235,0
R01783,P0108,S10,3,Drug_B,68.1,M,2025-03-04,2025-03-11,7,19.9,21.1,14.1,1.14,3,0,0,normal,none,-0.07402649947970458,0.07402649947970458,0
R01784,P0240,S02,2,Drug_A,51.2,M,2025-05-28,2025-05-29,1,22.4,23.4,12.3,0.77,1,0,0,normal,none,-0.11662272930924966,0.11662272930924966,0
R01785,P0569,S07,5,Drug_A,46.2,M,2025-10-02,2025-10-02,0,34.9,24.8,13.8,1.13,1,0,0,normal,none,-0.07152572498891202,0.07152572498891202,0
R01786,P0199,S03,3,Drug_B,64.5,F,2025-07-13,2025-07-17,4,21.8,21.2,10.8,0.87,3,0,0,normal,none,-0.09212020945667665,0.09212020945667665,0
R01787,P0308,S03,2,Drug_A,47.5,F,2025-07-12,2025-07-19,7,25.1,26.4,14.5,0.92,4,0,0,normal,none,-0.08702858205927305,0.08702858205927305,0
R01788,P0535,S08,2,Placebo,39.4,F,2025-07-29,2025-08-02,4,44.5,29.3,13.0,0.61,2,0,0,normal,none,-0.08487102505699817,0.08487102505699817,0
R01789,P0204,S02,2,Drug_B,34.2,M,2025-02-22,2025-02-25,3,19.1,15.5,12.8,1.22,1,0,0,normal,none,-0.06602776321461645,0.06602776321461645,0
R01790,P0036,S03,1,Drug_B,21.8,F,2025-04-11,2025-04-14,3,32.3,28.4,12.1,1.06,1,0,0,normal,none,-0.04868971791230631,0.04868971791230631,0
R01791,P0404,S02,5,Drug_A,48.4,M,2025-06-06,2025-06-09,3,19.4,17.1,13.6,0.62,3,0,0,normal,none,-0.09092433555207158,0.09092433555207158,0
R01792,P0650,S01,3,Drug_A,49.1,M,2025-06-08,2025-06-14,6,12.5,11.9,12.3,0.91,3,0,0,normal,none,-0.0866693512893893,0.0866693512893893,0
R01793,P0471,S09,5,Drug_A,54.6,F,2025-09-27,2025-09-28,1,30.8,24.9,13.5,0.46,2,0,0,normal,none,-0.07006551997285548,0.07006551997285548,0
R01794,P0022,S05,3,Drug_A,48.8,M,2025-07-02,2025-07-10,8,19.9,21.1,14.1,0.61,4,0,0,normal,none,-0.0792926713456123,0.0792926713456123,0
R01795,P0259,S06,3,Drug_A,51.0,F,2025-06-21,2025-06-27,6,19.9,26.7,12.7,0.69,1,0,0,normal,none,-0.09533545548673678,0.09533545548673678,0
R01796,P0577,S02,2,Drug_A,47.1,F,2025-02-10,2025-02-12,2,34.7,20.0,12.2,0.6,2,0,0,normal,none,-0.09716639600532107,0.09716639600532107,0
R01797,P0068,S08,2,Drug_B,48.6,F,2025-03-22,2025-03-24,2,27.7,23.4,13.5,0.94,1,0,0,normal,none,-0.1290026352000364,0.1290026352000364,0
R01798,P0172,S04,5,Drug_B,37.3,F,2025-09-04,2025-09-05,1,17.5,10.1,13.6,0.78,1,0,0,normal,none,-0.06765954429759141,0.06765954429759141,0
R01799,P0071,S07,1,Drug_B,53.5,F,2025-06-22,2025-06-22,0,54.8,43.4,12.7,0.48,0,0,0,normal,none,-0.0032685101416116136,0.0032685101416116136,0
R01800,P0265,S06,5,Drug_B,55.7,F,2025-06-21,2025-06-30,9,22.9,20.1,12.9,0.65,0,0,0,normal,none,-0.07062144151448058,0.07062144151448058,0
R01801,P0497,S08,2,Drug_A,65.5,F,2025-07-28,2025-08-02,5,25.0,15.4,13.2,0.81,1,0,0,normal,none,-0.11191488807161099,0.11191488807161099,0
R01802,P0659,S04,1,Drug_A,52.5,F,2025-06-26,2025-07-04,8,35.4,29.2,13.4,0.57,0,0,0,normal,none,-0.06184013225638696,0.06184013225638696,0
R01803,P0113,S03,1,Drug_A,42.6,F,2025-01-08,2025-01-10,2,21.6,12.5,12.2,0.56,2,0,0,normal,none,-0.06870047512129401,0.06870047512129401,0
R01804,P0687,S04,4,Placebo,80.5,M,2025-04-09,2025-04-11,2,68.2,48.5,14.3,0.73,2,0,0,normal,none,0.01868389792673686,-0.01868389792673686,1
R01805,P0608,S05,5,Drug_A,57.1,M,2025-04-19,2025-04-20,1,49.8,45.4,14.2,1.03,5,0,1,ml_multivariate,visit_lab_query_pattern,-0.010823682268206125,0.010823682268206125,0
R01806,P0018,S03,1,Drug_B,56.0,F,2025-06-14,2025-06-20,6,21.5,13.8,12.4,1.0,1,0,0,normal,none,-0.09253714723697404,0.09253714723697404,0
R01807,P0331,S06,3,Placebo,43.8,M,2025-08-16,2025-08-20,4,20.1,17.4,15.6,0.87,3,0,0,normal,none,-0.08887093683168756,0.08887093683168756,0
R01808,P0410,S01,4,Drug_A,52.4,M,2025-04-29,2025-05-04,5,11.4,8.0,15.2,0.89,1,0,0,normal,none,-0.05971260632076264,0.05971260632076264,0
R01809,P0365,S07,1,Drug_A,43.2,F,2025-01-06,2025-01-11,5,14.3,8.0,12.9,0.58,1,0,0,normal,none,-0.04247787543789877,0.04247787543789877,0
R01810,P0438,S07,3,Drug_B,53.0,M,2025-08-06,2025-08-08,2,25.4,33.1,13.0,1.01,2,0,0,normal,none,-0.09756024644964023,0.09756024644964023,0
R01811,P0505,S05,5,Placebo,70.6,F,2025-07-07,2025-07-10,3,36.8,24.2,13.0,1.3,2,0,0,normal,none,-0.041795797140903646,0.041795797140903646,0
R01812,P0689,S03,4,Drug_B,50.9,F,2025-04-09,2025-04-13,4,28.0,22.1,13.3,0.81,3,0,0,normal,none,-0.12577950402654597,0.12577950402654597,0
R01813,P0596,S04,2,Placebo,49.3,F,2025-07-09,2025-07-09,0,26.9,22.3,12.1,0.59,1,0,0,normal,none,-0.10386005449432273,0.10386005449432273,0
R01814,P0192,S07,5,Drug_B,65.0,F,2025-06-30,2025-06-30,0,34.8,22.1,12.4,0.69,2,0,0,normal,none,-0.07376125775255515,0.07376125775255515,0
R01815,P0705,S07,4,Drug_A,47.2,F,2025-05-14,2025-05-14,0,27.2,19.9,11.9,0.89,2,0,0,normal,none,-0.1129197021264175,0.1129197021264175,0
R01816,P0216,S03,5,Drug_A,60.3,M,2025-08-03,2025-08-14,11,35.5,33.0,12.2,0.97,2,0,0,normal,none,-0.06638303274769952,0.06638303274769952,0
R01817,P0459,S02,2,Drug_A,54.5,F,2025-03-06,2025-03-09,3,27.2,25.0,12.6,0.63,0,0,0,normal,none,-0.10153284687942937,0.10153284687942937,0
R01818,P0129,S10,5,Drug_B,46.8,F,2025-08-09,2025-08-14,5,38.4,33.8,13.6,0.45,1,0,0,normal,none,-0.06165355548671514,0.06165355548671514,0
R01819,P0629,S08,1,Drug_A,40.3,F,2025-06-13,2025-06-14,1,18.3,20.0,12.5,0.86,2,0,0,normal,none,-0.0923142675818161,0.0923142675818161,0
R01820,P0670,S05,5,Placebo,58.9,M,2025-04-28,2025-04-29,1,21.1,8.0,15.1,0.96,1,0,0,normal,none,-0.0040155628221358874,0.0040155628221358874,0
R01821,P0470,S03,2,Drug_B,53.4,M,2025-03-25,2025-03-28,3,17.4,23.9,13.7,0.51,1,0,0,normal,none,-0.06980743376077264,0.06980743376077264,0
R01822,P0118,S08,3,Drug_A,59.1,M,2025-03-17,2025-03-25,8,37.9,49.6,13.1,0.6,0,0,0,normal,none,-0.03256535708727787,0.03256535708727787,0
R01823,P0106,S05,1,Drug_A,49.3,M,2025-03-17,2025-03-18,1,49.0,40.4,12.4,1.02,0,0,0,normal,none,-0.047785070601252255,0.047785070601252255,0
R01824,P0002,S01,4,Drug_A,39.9,F,2025-05-24,2025-05-25,1,38.7,33.2,15.2,0.82,2,0,0,normal,none,-0.08922231761448574,0.08922231761448574,0
R01825,P0627,S08,1,Placebo,42.5,M,2025-02-04,2025-02-09,5,19.9,17.3,14.9,0.83,2,0,0,normal,none,-0.08981472419979775,0.08981472419979775,0
R01826,P0558,S02,2,Drug_A,76.3,M,2025-05-17,2025-05-19,2,30.9,27.4,14.4,0.76,1,1,0,normal,none,0.03641858770815132,-0.03641858770815132,1
R01827,P0358,S01,2,Drug_B,46.1,M,2025-03-08,2025-03-10,2,32.7,24.6,13.0,1.23,4,0,0,normal,none,-0.06742901775789706,0.06742901775789706,0
R01828,P0397,S05,1,Drug_A,65.2,F,2025-05-13,2025-05-17,4,18.0,17.4,14.1,0.7,1,0,0,normal,none,-0.09171752147515105,0.09171752147515105,0
R01829,P0223,S06,5,Placebo,73.8,M,2025-09-09,2025-09-12,3,18.5,18.0,15.0,0.81,5,0,0,normal,none,-0.034986791553927477,0.034986791553927477,0
R01830,P0662,S10,1,Drug_B,47.6,F,2025-01-24,2025-01-26,2,38.4,31.5,12.7,1.19,2,0,0,normal,none,-0.07986185617410363,0.07986185617410363,0
R01831,P0164,S08,4,Drug_A,44.1,F,2025-06-26,2025-07-08,12,20.9,17.3,11.0,1.01,4,1,0,normal,none,0.06104642553653905,-0.06104642553653905,1
R01832,P0411,S04,2,Drug_A,43.3,F,2025-05-01,2025-05-01,0,13.5,13.3,13.5,0.45,1,0,0,normal,none,-0.05345355181872069,0.05345355181872069,0
R01833,P0069,S08,2,Drug_A,78.3,F,2025-07-06,2025-07-11,5,22.7,15.5,13.7,0.72,4,0,0,normal,none,-0.06188637601009689,0.06188637601009689,0
R01834,P0057,S06,5,Drug_B,25.7,M,2025-05-27,2025-05-29,2,24.3,22.0,12.5,0.91,4,0,0,normal,none,-0.06238204907628003,0.06238204907628003,0
R01835,P0474,S05,4,Drug_A,40.9,F,2025-05-09,2025-05-12,3,22.5,21.6,14.6,0.8,1,0,0,normal,none,-0.11076659934880867,0.11076659934880867,0
R01836,P0477,S09,5,Drug_B,41.2,F,2025-08-29,2025-08-29,0,24.9,23.1,13.2,0.75,4,0,0,normal,none,-0.08521425865140153,0.08521425865140153,0
R01837,P0039,S01,5,Drug_B,18.8,F,2025-07-30,2025-08-08,9,41.6,19.5,13.2,0.93,2,0,0,normal,none,0.006726711581651057,-0.006726711581651057,1
R01838,P0368,S10,3,Drug_A,66.2,M,2025-04-21,2025-04-23,2,30.1,21.8,13.1,0.97,3,0,0,normal,none,-0.11404231052140557,0.11404231052140557,0
R01839,P0048,S02,4,Drug_A,47.3,M,2025-09-03,2025-09-06,3,33.4,27.2,13.1,0.99,2,0,0,normal,none,-0.12242836544233815,0.12242836544233815,0
R01840,P0150,S01,2,Placebo,57.7,F,2025-05-27,2025-05-30,3,42.9,31.8,11.4,0.75,2,0,0,normal,none,-0.10117403356676513,0.10117403356676513,0
R01841,P0298,S01,5,Drug_A,38.0,M,2025-07-12,2025-07-15,3,23.8,17.0,15.4,0.78,1,0,0,normal,none,-0.07331366065918343,0.07331366065918343,0
R01842,P0693,S02,5,Placebo,43.0,M,2025-09-10,2025-09-13,3,14.4,8.0,13.4,1.28,1,0,0,normal,none,-0.013163270767295898,0.013163270767295898,0
R01843,P0547,S07,2,Drug_A,47.2,F,2025-05-25,2025-05-26,1,40.0,26.1,12.3,0.87,3,0,0,normal,none,-0.10123040173413367,0.10123040173413367,0
R01844,P0313,S08,3,Drug_B,46.9,M,2025-06-12,2025-06-17,5,32.0,29.4,13.0,0.93,4,0,0,normal,none,-0.10506411728669118,0.10506411728669118,0
R01845,P0453,S01,3,Drug_A,58.2,M,2025-07-29,2025-08-02,4,70.3,56.8,14.3,0.9,3,0,0,normal,none,-0.001634897697008364,0.001634897697008364,0
R01846,P0646,S08,5,Drug_A,61.4,M,2025-10-16,2025-10-17,1,32.9,20.7,12.4,1.37,5,0,0,normal,none,-0.001256452987267953,0.001256452987267953,0
R01847,P0746,S07,1,Drug_A,60.9,M,2025-06-03,2025-06-03,0,20.5,20.6,12.3,0.83,1,0,0,normal,none,-0.09967801988017883,0.09967801988017883,0
R01848,P0260,S02,1,Drug_B,53.7,F,2025-05-29,2025-06-01,3,27.6,27.0,13.5,1.0,2,0,0,normal,none,-0.10818584849575569,0.10818584849575569,0
R01849,P0704,S05,2,Drug_B,53.1,F,2025-03-01,2025-03-02,1,23.6,18.0,11.8,0.82,2,0,0,normal,none,-0.11765627434153436,0.11765627434153436,0
R01850,P0332,S07,4,Drug_B,35.5,F,2025-09-05,2025-09-05,0,44.6,28.4,12.7,0.97,0,0,0,normal,none,-0.05841950270549201,0.05841950270549201,0
R01851,P0379,S06,1,Drug_B,67.7,M,2025-05-11,2025-05-17,6,21.3,18.1,12.9,1.1,2,0,0,normal,none,-0.0848247945366391,0.0848247945366391,0
R01852,P0248,S02,4,Drug_A,42.7,M,2025-08-25,2025-08-30,5,19.9,25.8,12.8,1.17,1,0,0,normal,none,-0.07332696054715582,0.07332696054715582,0
R01853,P0146,S05,2,Placebo,54.2,M,2025-07-02,2025-07-04,2,24.0,20.8,14.3,0.87,4,0,0,normal,none,-0.10874302880466769,0.10874302880466769,0
R01854,P0127,S07,5,Placebo,41.8,F,2025-07-13,2025-07-12,-1,39.9,31.5,13.4,0.82,7,0,1,both_detectable,date_plus_queries,-0.010602045952461281,0.010602045952461281,0
R01855,P0215,S05,4,Drug_A,62.7,M,2025-08-11,2025-08-12,1,38.8,28.5,11.3,1.02,1,0,0,normal,none,-0.0823034388408786,0.0823034388408786,0
R01856,P0580,S03,1,Placebo,78.2,F,2025-01-29,2025-01-30,1,13.3,13.5,12.8,0.69,3,0,0,normal,none,-0.04410328454515866,0.04410328454515866,0
R01857,P0589,S04,2,Drug_A,57.2,F,2025-04-05,2025-04-06,1,12.7,8.7,15.2,0.81,2,0,0,normal,none,-0.0652606566626463,0.0652606566626463,0
R01858,P0227,S09,3,Drug_B,50.9,F,2025-03-28,2025-03-28,0,32.7,33.7,12.0,0.73,1,0,0,normal,none,-0.10560916620945565,0.10560916620945565,0
R01859,P0664,S08,3,Placebo,65.5,M,2025-06-05,2025-06-10,5,52.6,52.6,12.2,1.06,0,1,0,normal,none,0.08061130177835374,-0.08061130177835374,1
R01860,P0226,S04,5,Drug_A,63.0,M,2025-06-01,2025-06-01,0,17.0,11.9,12.9,1.09,3,0,0,normal,none,-0.06065540050205598,0.06065540050205598,0
R01861,P0297,S06,1,Drug_A,49.1,M,2025-01-26,2025-02-02,7,19.6,16.2,15.1,1.04,1,0,0,normal,none,-0.06856027336639298,0.06856027336639298,0
R01862,P0235,S10,3,Placebo,34.2,F,2025-06-22,2025-06-23,1,16.0,13.2,14.6,0.71,2,0,0,normal,none,-0.08445311572174041,0.08445311572174041,0
R01863,P0251,S05,3,Placebo,59.9,M,2025-06-24,2025-06-29,5,27.6,23.0,12.6,0.86,1,0,0,normal,none,-0.12986897478101928,0.12986897478101928,0
R01864,P0451,S07,3,Placebo,44.6,F,2025-07-11,2025-07-12,1,,30.0,11.2,0.75,8,0,1,both_detectable,missing_plus_queries,0.07350159502730369,-0.07350159502730369,1
R01865,P0240,S02,4,Placebo,44.9,F,2025-08-27,2025-08-31,4,46.7,43.9,12.0,0.75,4,0,0,normal,none,-0.059573984656780044,0.059573984656780044,0
R01866,P0089,S02,4,Drug_A,50.4,F,2025-09-14,2025-09-17,3,41.6,29.7,12.5,0.84,4,0,0,normal,none,-0.09413256775725082,0.09413256775725082,0
R01867,P0567,S01,2,Drug_A,47.1,F,2025-05-20,2025-05-25,5,36.4,22.5,13.4,0.99,6,0,0,normal,none,-0.05082090354415858,0.05082090354415858,0
R01868,P0062,S04,1,Drug_A,58.3,M,2025-04-03,2025-04-04,1,32.4,25.4,14.0,0.85,0,0,0,normal,none,-0.0923272923918188,0.0923272923918188,0
R01869,P0501,S06,2,Drug_B,53.5,M,2025-06-17,2025-06-22,5,25.2,23.5,12.6,0.74,1,0,0,normal,none,-0.12363491061886717,0.12363491061886717,0
R01870,P0028,S10,2,Placebo,36.7,M,2025-03-06,2025-03-16,10,27.3,23.5,15.4,1.13,0,0,0,normal,none,-0.03189052352454108,0.03189052352454108,0
R01871,P0688,S02,5,Drug_B,39.1,F,2025-10-03,2025-10-07,4,37.1,30.0,12.0,0.79,1,0,0,normal,none,-0.09236188835267922,0.09236188835267922,0
R01872,P0745,S01,5,Drug_A,45.0,F,2025-09-11,2025-09-17,6,42.8,27.9,11.6,0.54,2,0,0,normal,none,-0.05552219335346248,0.05552219335346248,0
R01873,P0526,S01,3,Placebo,39.4,F,2025-07-30,2025-08-04,5,34.6,25.9,11.3,1.05,2,0,0,normal,none,-0.08976338311936394,0.08976338311936394,0
R01874,P0126,S03,5,Drug_B,44.8,M,2025-10-19,2025-10-23,4,19.3,17.7,15.0,0.77,3,0,0,normal,none,-0.0830098454362147,0.0830098454362147,0
R01875,P0607,S07,1,Drug_A,47.8,M,2025-01-13,2025-01-15,2,21.8,17.5,12.1,0.87,2,0,0,normal,none,-0.10982520664349243,0.10982520664349243,0
R01876,P0410,S01,4,Drug_A,85.0,F,2025-05-28,2025-06-06,9,32.8,14.0,12.3,0.97,1,0,0,normal,none,-0.00935027238129782,0.00935027238129782,0
R01877,P0412,S03,1,Drug_A,45.4,F,2025-06-18,2025-06-27,9,20.2,18.0,13.4,1.18,1,0,0,normal,none,-0.06512628863289183,0.06512628863289183,0
R01878,P0668,S03,1,Placebo,18.0,F,2025-04-21,2025-04-24,3,67.5,60.9,14.4,0.97,1,0,0,normal,none,0.06686217310568465,-0.06686217310568465,1
R01879,P0105,S04,3,Drug_B,40.4,F,2025-07-24,2025-07-26,2,28.7,12.2,11.7,0.93,0,0,0,normal,none,-0.04927136336198229,0.04927136336198229,0
R01880,P0155,S06,3,Placebo,44.9,F,2025-04-02,2025-04-03,1,,8.0,14.2,0.48,1,0,1,rule_detectable,missing_required_lab:ALT,0.02269118633112155,-0.02269118633112155,1
R01881,P0657,S03,1,Drug_A,70.1,F,2025-01-25,2025-01-30,5,18.9,14.0,13.6,0.8,3,0,0,normal,none,-0.08313907808503102,0.08313907808503102,0
R01882,P0438,S07,3,Placebo,78.4,M,2025-06-07,2025-06-07,0,43.1,19.7,15.3,0.93,3,0,0,normal,none,-0.012966930561763623,0.012966930561763623,0
R01883,P0571,S03,5,Drug_A,53.1,M,2025-06-10,2025-06-21,11,16.6,14.9,14.2,1.25,1,0,1,rule_detectable,duplicate_record,-0.02750376348476391,0.02750376348476391,0
R01884,P0437,S02,2,Placebo,61.0,M,2025-02-19,2025-02-25,6,14.0,9.5,15.6,1.17,1,0,0,normal,none,-0.04001861228975584,0.04001861228975584,0
R01885,P0262,S05,3,Placebo,66.0,F,2025-05-27,2025-06-06,10,34.8,35.4,11.9,0.76,1,0,0,normal,none,-0.07995444831534176,0.07995444831534176,0
R01886,P0266,S07,1,Placebo,51.7,M,2025-02-24,2025-02-24,0,49.3,48.9,13.2,1.01,0,0,0,normal,none,-0.033313984519740714,0.033313984519740714,0
R01887,P0440,S07,1,Drug_A,64.3,M,2025-03-15,2025-03-18,3,27.6,20.2,13.2,0.82,1,0,0,normal,none,-0.11208147377011718,0.11208147377011718,0
R01888,P0661,S07,4,Drug_B,66.0,F,2025-09-19,2025-09-19,0,17.4,13.9,13.6,0.85,3,0,0,normal,none,-0.0911146437439635,0.0911146437439635,0
R01889,P0495,S02,4,Placebo,28.2,M,2025-05-22,2025-05-23,1,38.0,32.9,11.8,1.03,4,1,0,normal,none,0.06127477711467477,-0.06127477711467477,1
R01890,P0280,S07,5,Drug_B,47.6,F,2025-06-22,2025-05-18,-35,32.8,32.3,11.4,0.79,2,0,1,rule_detectable,invalid_visit_sequence,-0.03098849921553276,0.03098849921553276,0
R01891,P0749,S07,1,Drug_A,59.9,M,2025-03-06,2025-03-12,6,23.6,25.0,14.2,0.72,1,0,0,normal,none,-0.09536499807169674,0.09536499807169674,0
R01892,P0557,S06,4,Drug_B,60.0,F,2025-05-09,2025-05-12,3,23.8,12.9,13.3,0.58,1,0,0,normal,none,-0.08690637852893884,0.08690637852893884,0
R01893,P0667,S07,1,Drug_B,66.6,M,2025-03-25,2025-03-25,0,23.5,16.1,12.7,0.7,3,0,0,normal,none,-0.08795237545681628,0.08795237545681628,0
R01894,P0087,S04,2,Drug_A,55.3,F,2025-04-30,2025-05-06,6,28.2,20.1,12.1,0.99,1,0,0,normal,none,-0.11214538894095788,0.11214538894095788,0
R01895,P0003,S01,2,Drug_A,36.4,M,2025-05-21,2025-05-22,1,19.8,15.3,11.8,0.94,2,0,0,normal,none,-0.09674087085951316,0.09674087085951316,0
R01896,P0077,S07,3,Placebo,34.0,M,2025-06-18,2025-06-18,0,18.6,11.4,13.7,0.94,2,1,0,normal,none,0.03632270477157584,-0.03632270477157584,1
R01897,P0329,S06,1,Drug_A,53.6,M,2025-04-22,2025-04-22,0,32.5,32.2,12.7,1.07,3,0,0,normal,none,-0.08071025708343216,0.08071025708343216,0
R01898,P0331,S06,2,Drug_A,51.7,M,2025-06-23,2025-06-29,6,39.5,35.4,10.7,1.12,2,0,0,normal,none,-0.06927097179702041,0.06927097179702041,0
R01899,P0115,S09,3,Drug_B,76.0,M,2025-07-18,2025-07-22,4,20.5,22.8,14.3,0.95,1,0,0,normal,none,-0.08852225236665873,0.08852225236665873,0
R01900,P0217,S05,2,Drug_B,66.2,M,2025-03-23,2025-03-30,7,39.8,42.7,12.4,0.45,1,0,0,normal,none,-0.0400977320911875,0.0400977320911875,0
R01901,P0057,S06,2,Drug_B,46.2,M,2025-04-02,2025-04-03,1,31.8,26.4,11.2,1.04,0,0,0,normal,none,-0.08249566655226748,0.08249566655226748,0
R01902,P0329,S06,2,Drug_A,57.8,F,2025-03-18,2025-03-20,2,40.2,44.7,12.7,0.96,2,0,0,normal,none,-0.08870375947162279,0.08870375947162279,0
R01903,P0437,S02,4,Drug_B,24.5,F,2025-04-18,2025-04-22,4,39.4,23.1,12.1,0.72,4,0,0,normal,none,-0.04460388886466482,0.04460388886466482,0
R01904,P0691,S09,2,Placebo,54.0,F,2025-07-19,2025-07-19,0,10.8,13.2,13.4,0.69,1,0,0,normal,none,-0.0732144541211216,0.0732144541211216,0
R01905,P0598,S07,4,Drug_B,69.7,F,2025-06-30,2025-06-30,0,53.0,24.5,12.1,0.7,4,0,0,normal,none,-0.009791102624096548,0.009791102624096548,0
R01906,P0733,S05,3,Placebo,44.6,M,2025-03-18,2025-03-22,4,20.7,18.0,13.4,1.02,1,0,0,normal,none,-0.11884909021632556,0.11884909021632556,0
R01907,P0052,S06,4,Placebo,56.7,M,2025-05-18,2025-05-23,5,28.8,25.8,11.8,0.94,1,0,0,normal,none,-0.11845296379716869,0.11845296379716869,0
R01908,P0678,S09,1,Drug_B,66.0,F,2025-01-13,2025-01-13,0,15.8,9.2,11.7,0.6,1,0,0,normal,none,-0.04503201173505722,0.04503201173505722,0
R01909,P0156,S10,3,Drug_A,50.7,M,2025-04-18,2025-04-21,3,52.2,32.0,12.3,0.77,0,0,0,normal,none,-0.06971826241386575,0.06971826241386575,0
R01910,P0175,S08,1,Placebo,37.6,F,2025-01-10,2025-01-12,2,23.5,24.7,12.0,0.95,2,0,0,normal,none,-0.09383939329118723,0.09383939329118723,0
R01911,P0238,S05,3,Drug_A,55.0,M,2025-03-23,2025-03-24,1,8.7,8.6,14.2,0.45,1,0,0,normal,none,-0.03392456273186767,0.03392456273186767,0
R01912,P0229,S04,4,Drug_A,39.7,F,2025-09-06,2025-09-21,15,37.6,28.5,14.3,0.81,2,0,0,normal,none,-0.06292905372629487,0.06292905372629487,0
R01913,P0103,S06,2,Drug_B,53.6,F,2025-02-05,2025-02-11,6,23.9,21.7,12.9,0.95,2,0,0,normal,none,-0.12498130233990384,0.12498130233990384,0
R01914,P0710,S07,2,Drug_A,30.0,F,2025-05-21,2025-05-24,3,42.4,40.4,14.6,0.45,1,0,0,normal,none,-0.023439269771177274,0.023439269771177274,0
R01915,P0609,S08,5,Placebo,43.9,M,2025-10-04,2025-10-05,1,12.3,11.9,12.9,1.03,2,1,0,normal,none,0.042919654784046024,-0.042919654784046024,1
R01916,P0627,S08,4,Drug_A,74.0,F,2025-07-12,2025-07-17,5,31.8,25.0,,0.87,1,0,1,rule_detectable,missing_required_lab:hemoglobin,-0.054691068121327235,0.054691068121327235,0
R01917,P0412,S03,2,Drug_A,29.2,F,2025-05-25,2025-05-28,3,36.3,39.0,11.2,0.79,0,0,0,normal,none,-0.04495347721282811,0.04495347721282811,0
R01918,P0590,S10,4,Drug_B,57.3,M,2025-06-05,2025-06-09,4,46.2,39.3,13.8,0.68,2,0,0,normal,none,-0.0887359767369858,0.0887359767369858,0
R01919,P0094,S10,4,Drug_A,29.4,F,2025-05-15,2025-05-17,2,14.8,8.0,13.8,0.95,0,0,0,normal,none,-0.031661425926295894,0.031661425926295894,0
R01920,P0595,S09,1,Drug_B,78.1,F,2025-03-29,2025-04-01,3,27.6,20.2,13.5,0.64,1,0,0,normal,none,-0.07809730110031027,0.07809730110031027,0
R01921,P0655,S09,4,Drug_A,30.4,F,2025-07-24,2025-07-24,0,31.5,14.4,12.3,0.63,4,0,0,normal,none,-0.020022289718715836,0.020022289718715836,0
R01922,P0290,S05,4,Drug_A,50.5,F,2025-07-07,2025-07-10,3,16.7,12.8,12.6,0.53,2,0,0,normal,none,-0.09257859830292503,0.09257859830292503,0
R01923,P0207,S08,2,Placebo,34.7,F,2025-05-17,2025-05-18,1,38.5,36.9,10.8,0.71,0,0,0,normal,none,-0.05411182487379651,0.05411182487379651,0
R01924,P0461,S08,1,Placebo,58.1,F,2025-05-23,2025-05-27,4,28.6,16.7,10.1,0.9,1,0,0,normal,none,-0.07640982281086867,0.07640982281086867,0
R01925,P0710,S07,3,Drug_B,35.9,M,2025-06-24,2025-06-27,3,27.5,28.5,13.4,0.98,3,1,0,normal,none,0.012970916081569417,-0.012970916081569417,1
R01926,P0296,S10,3,Drug_B,49.0,M,2025-05-27,2025-05-31,4,29.6,37.8,15.6,0.84,1,0,0,normal,none,-0.07080913371602615,0.07080913371602615,0
R01927,P0584,S09,1,Drug_B,36.1,F,2025-01-09,2025-01-09,0,36.0,40.1,13.1,0.82,2,0,0,normal,none,-0.07208594747219205,0.07208594747219205,0
R01928,P0098,S02,4,Placebo,77.3,F,2025-05-12,2025-05-15,3,26.9,26.7,12.7,0.9,1,0,0,normal,none,-0.0919169518371839,0.0919169518371839,0
R01929,P0655,S09,5,Drug_B,63.6,F,2025-09-12,2025-09-12,0,22.2,19.0,15.8,0.61,1,0,0,normal,none,-0.051001837088168245,0.051001837088168245,0
R01930,P0110,S03,3,Drug_A,61.6,F,2025-05-26,2025-05-28,2,14.0,16.2,11.1,0.92,1,0,0,normal,none,-0.08140531489904113,0.08140531489904113,0
R01931,P0685,S06,3,Drug_A,47.0,F,2025-06-14,2025-06-16,2,54.3,23.1,11.5,0.79,3,0,0,normal,none,-0.03642715787747458,0.03642715787747458,0
R01932,P0643,S07,5,Drug_B,67.9,F,2025-10-20,2025-10-20,0,19.0,,12.1,0.95,1,0,1,rule_detectable,missing_required_lab:AST,-0.0482919574086782,0.0482919574086782,0
R01933,P0002,S01,1,Placebo,56.3,F,2025-02-22,2025-03-01,7,64.8,44.9,10.1,0.45,2,0,0,normal,none,0.033626569364069936,-0.033626569364069936,1
R01934,P0352,S06,1,Placebo,69.9,M,2025-01-13,2025-01-16,3,11.1,12.4,13.1,1.01,2,0,0,normal,none,-0.06450303094821691,0.06450303094821691,0
R01935,P0452,S07,5,Drug_B,55.0,F,2025-09-22,2025-09-22,0,17.6,20.6,12.3,0.85,0,0,0,normal,none,-0.06629909269492884,0.06629909269492884,0
R01936,P0644,S04,2,Placebo,18.0,M,2025-03-24,2025-03-24,0,48.4,43.2,13.1,0.95,1,0,0,normal,none,-0.01489211984921951,0.01489211984921951,0
R01937,P0597,S03,5,Drug_B,34.4,F,2025-07-16,2025-07-18,2,25.0,19.3,11.6,0.49,0,0,0,normal,none,-0.041232434593701794,0.041232434593701794,0
R01938,P0206,S10,2,Drug_A,85.0,M,2025-06-03,2025-06-19,16,23.3,16.0,12.9,1.21,1,0,0,normal,none,-0.007306562509640735,0.007306562509640735,0
R01939,P0613,S10,4,Drug_A,52.3,M,2025-08-31,2025-09-01,1,31.3,27.8,13.5,0.65,3,0,0,normal,none,-0.10934093004656215,0.10934093004656215,0
R01940,P0717,S01,5,Drug_B,85.0,F,2025-05-29,2025-05-29,0,28.3,29.2,12.3,0.66,0,0,0,normal,none,-0.024031467489328995,0.024031467489328995,0
R01941,P0353,S05,5,Drug_A,72.5,F,2025-05-26,2025-05-28,2,9.9,9.2,12.3,0.73,1,0,0,normal,none,-0.042744328371982554,0.042744328371982554,0
R01942,P0418,S10,5,Drug_A,18.0,M,2025-08-21,2025-08-22,1,24.1,17.9,14.0,0.59,3,0,0,normal,none,-0.02501888772152877,0.02501888772152877,0
R01943,P0280,S07,2,Drug_B,83.0,M,2025-07-08,2025-07-09,1,27.7,24.3,14.8,0.69,0,0,0,normal,none,-0.05120221241053369,0.05120221241053369,0
R01944,P0418,S10,3,Placebo,39.4,F,2025-06-25,2025-07-03,8,20.2,17.7,11.7,0.73,1,0,0,normal,none,-0.09161549736535934,0.09161549736535934,0
R01945,P0222,S03,5,Drug_A,81.1,M,2025-07-11,2025-07-16,5,38.2,36.5,10.2,0.96,2,0,0,normal,none,-0.023468134097661686,0.023468134097661686,0
R01946,P0025,S10,4,Drug_B,58.7,M,2025-08-27,2025-09-01,5,23.3,17.7,15.5,0.91,2,1,0,normal,none,0.011035729351678292,-0.011035729351678292,1
R01947,P0555,S01,1,Drug_B,58.8,F,2025-03-07,2025-03-10,3,13.3,9.1,12.6,0.84,0,0,0,normal,none,-0.06609109244837075,0.06609109244837075,0
R01948,P0528,S03,5,Drug_A,64.5,F,2025-05-04,2025-05-08,4,19.0,10.5,12.4,0.86,2,0,0,normal,none,-0.07155035018350314,0.07155035018350314,0
R01949,P0599,S06,1,Drug_B,26.0,M,2025-04-08,2025-04-13,5,26.0,18.6,16.0,0.95,0,0,0,normal,none,-0.018856025830334633,0.018856025830334633,0
R01950,P0291,S02,1,Drug_A,69.1,M,2025-04-24,2025-04-26,2,20.1,16.7,13.6,0.88,2,0,0,normal,none,-0.09786181356243989,0.09786181356243989,0
R01951,P0521,S08,2,Placebo,55.4,F,2025-06-07,2025-06-09,2,34.3,36.1,11.8,0.8,1,0,0,normal,none,-0.10063964793797248,0.10063964793797248,0
R01952,P0362,S09,2,Placebo,49.8,F,2025-04-28,2025-05-01,3,32.0,30.8,14.1,0.58,1,0,0,normal,none,-0.10009060542793702,0.10009060542793702,0
R01953,P0750,S03,5,Drug_A,27.1,M,2025-06-16,2025-06-23,7,47.0,37.0,13.8,1.15,0,0,0,normal,none,-0.007250183210988359,0.007250183210988359,0
R01954,P0297,S06,2,Drug_B,42.5,F,2025-02-26,2025-03-02,4,8.0,10.1,11.9,0.93,1,0,0,normal,none,-0.049355208233428094,0.049355208233428094,0
R01955,P0337,S06,4,Drug_B,57.1,M,2025-06-17,2025-06-21,4,11.2,8.0,13.7,0.71,4,0,0,normal,none,-0.055536865812848724,0.055536865812848724,0
R01956,P0001,S04,4,Drug_B,40.6,F,2025-03-27,2025-03-28,1,25.2,16.8,12.8,0.76,1,0,0,normal,none,-0.1099567422900522,0.1099567422900522,0
R01957,P0465,S08,2,Drug_A,30.3,M,2025-02-28,2025-03-04,4,15.4,10.4,11.3,1.08,2,0,0,normal,none,-0.04680502610980308,0.04680502610980308,0
R01958,P0208,S03,3,Drug_B,39.8,F,2025-08-12,2025-08-16,4,21.2,16.9,11.9,0.45,3,0,0,normal,none,-0.06452607403690458,0.06452607403690458,0
R01959,P0280,S07,4,Drug_A,46.8,M,2025-07-05,2025-07-05,0,22.0,10.7,16.2,0.88,2,0,0,normal,none,-0.03953479321621234,0.03953479321621234,0
R01960,P0246,S06,1,Drug_B,57.0,F,2025-06-27,2025-07-03,6,43.4,38.4,14.4,0.64,3,0,0,normal,none,-0.06252132699428775,0.06252132699428775,0
R01961,P0682,S03,4,Drug_B,39.7,F,2025-07-23,2025-07-30,7,18.3,15.7,15.7,0.94,1,0,0,normal,none,-0.06732306831641349,0.06732306831641349,0
R01962,P0470,S03,4,Drug_B,80.1,M,2025-03-30,2025-04-05,6,24.6,15.1,13.7,0.91,2,0,0,normal,none,-0.07168889196631556,0.07168889196631556,0
R01963,P0127,S07,5,Drug_B,46.4,F,2025-05-08,2025-05-09,1,44.3,44.0,14.2,0.54,2,0,0,normal,none,-0.040056988540779215,0.040056988540779215,0
R01964,P0029,S04,3,Drug_B,40.7,F,2025-07-06,2025-07-07,1,30.9,23.4,13.8,0.92,4,0,0,normal,none,-0.10695393173151224,0.10695393173151224,0
R01965,P0495,S02,2,Drug_A,72.3,F,2025-02-23,2025-03-03,8,25.0,23.5,12.5,0.8,3,0,0,normal,none,-0.08799715543486053,0.08799715543486053,0
R01966,P0399,S02,2,Drug_A,72.9,M,2025-03-04,2025-03-08,4,46.3,41.3,12.9,1.2,3,0,0,normal,none,-0.03751107546737542,0.03751107546737542,0
R01967,P0139,S05,4,Drug_B,48.3,M,2025-04-30,2025-05-01,1,25.9,22.0,13.1,1.01,4,0,0,normal,none,-0.10293867007844204,0.10293867007844204,0
R01968,P0316,S04,1,Drug_A,73.6,F,2025-04-21,2025-04-22,1,30.5,21.1,14.0,0.96,1,0,0,normal,none,-0.08726530900534607,0.08726530900534607,0
R01969,P0529,S10,4,Placebo,39.2,M,2025-07-09,2025-07-13,4,17.1,19.7,12.7,0.74,3,0,0,normal,none,-0.09189073920327212,0.09189073920327212,0
R01970,P0009,S10,1,Placebo,38.3,F,2025-05-24,2025-05-27,3,21.6,17.6,14.1,1.11,2,0,0,normal,none,-0.08609082970988191,0.08609082970988191,0
R01971,P0207,S08,4,Placebo,70.3,M,2025-08-15,2025-08-19,4,50.6,26.3,14.0,1.06,4,0,0,normal,none,-0.025580859289570823,0.025580859289570823,0
R01972,P0472,S06,2,Drug_B,69.9,F,2025-03-21,2025-03-28,7,24.8,24.3,13.2,0.9,2,0,0,normal,none,-0.1069481613294958,0.1069481613294958,0
R01973,P0522,S03,3,Placebo,63.0,F,2025-04-06,2025-04-08,2,23.4,21.0,11.6,1.03,2,0,0,normal,none,-0.10593380396266461,0.10593380396266461,0
R01974,P0028,S10,3,Drug_B,55.6,M,2025-07-15,2025-07-18,3,13.3,24.3,11.7,0.95,2,0,0,normal,none,-0.08019844823251482,0.08019844823251482,0
R01975,P0578,S08,4,Drug_B,40.1,M,2025-05-05,2025-05-07,2,51.1,31.2,15.3,1.34,3,0,0,normal,none,-0.0034923890434158666,0.0034923890434158666,0
R01976,P0029,S04,4,Placebo,58.1,F,2025-04-18,2025-04-21,3,17.2,8.0,12.6,1.06,2,0,0,normal,none,-0.05428281792387407,0.05428281792387407,0
R01977,P0590,S10,1,Placebo,39.1,F,2025-02-10,2025-02-19,9,20.9,17.8,14.0,0.45,1,0,0,normal,none,-0.04098509691439173,0.04098509691439173,0
R01978,P0674,S08,3,Drug_B,44.4,M,2025-07-22,2025-07-25,3,32.2,24.7,13.4,0.88,1,0,0,normal,none,-0.12804325011439088,0.12804325011439088,0
R01979,P0653,S08,5,Placebo,60.6,M,2025-07-11,2025-07-14,3,27.6,29.8,15.6,1.03,4,0,0,normal,none,-0.04619267937480903,0.04619267937480903,0
R01980,P0586,S01,2,Drug_B,33.5,F,2025-04-01,2025-04-06,5,23.6,19.5,13.0,1.04,1,0,0,normal,none,-0.09783016896575275,0.09783016896575275,0
R01981,P0185,S01,2,Placebo,75.1,M,2025-03-17,2025-03-19,2,32.2,20.8,13.3,0.77,4,0,0,normal,none,-0.07481597404009699,0.07481597404009699,0
R01982,P0450,S08,3,Drug_B,45.1,M,2025-05-03,2025-05-06,3,9.7,8.0,14.7,0.83,4,0,0,normal,none,-0.05173493040022298,0.05173493040022298,0
R01983,P0223,S06,1,Drug_A,64.9,F,2025-04-11,2025-04-20,9,39.3,39.1,12.3,0.49,1,0,0,normal,none,-0.03587031298370569,0.03587031298370569,0
R01984,P0380,S08,1,Drug_A,53.0,M,2025-05-20,2025-05-24,4,38.5,30.1,14.0,0.8,0,0,0,normal,none,-0.0943183891320915,0.0943183891320915,0
R01985,P0089,S02,4,Placebo,77.9,M,2025-08-18,2025-08-26,8,24.1,20.3,13.1,1.12,3,1,0,normal,none,0.04824920339387684,-0.04824920339387684,1
R01986,P0294,S07,2,Placebo,41.0,M,2025-07-14,2025-07-16,2,24.7,25.2,11.7,0.88,2,0,0,normal,none,-0.11052228048431034,0.11052228048431034,0
R01987,P0617,S04,4,Drug_B,44.6,F,2025-06-12,2025-06-12,0,47.4,51.7,11.7,0.69,2,0,0,normal,none,-0.038349791985302695,0.038349791985302695,0
R01988,P0158,S08,1,Drug_B,37.1,M,2025-05-10,2025-05-15,5,18.9,16.2,13.0,1.31,1,0,0,normal,none,-0.047215165420890326,0.047215165420890326,0
R01989,P0483,S06,3,Drug_A,51.0,M,2025-04-10,2025-04-13,3,22.0,22.4,12.0,1.03,0,0,0,normal,none,-0.1022177293142652,0.1022177293142652,0
R01990,P0433,S03,1,Drug_A,51.5,M,2025-01-24,2025-01-24,0,21.7,22.9,11.3,0.98,0,0,0,normal,none,-0.06821262173579756,0.06821262173579756,0
R01991,P0572,S02,1,Drug_B,46.9,M,2025-06-10,2025-06-17,7,27.7,24.3,13.5,0.83,2,0,0,normal,none,-0.11160102744802447,0.11160102744802447,0
R01992,P0623,S07,5,Drug_A,57.5,M,2025-09-17,2025-09-18,1,12.3,15.3,12.1,0.68,1,0,0,normal,none,-0.051826378669897144,0.051826378669897144,0
R01993,P0164,S08,4,Drug_B,28.7,M,2025-05-26,2025-05-27,1,30.0,26.9,12.7,1.13,1,0,0,normal,none,-0.0753288506497874,0.0753288506497874,0
R01994,P0675,S10,4,Placebo,42.9,F,2025-09-17,2025-09-29,12,19.8,8.0,14.1,0.81,0,0,0,normal,none,0.0009543351497661168,-0.0009543351497661168,1
R01995,P0379,S06,2,Drug_B,68.6,F,2025-05-31,2025-06-03,3,17.1,14.0,13.7,0.61,1,0,0,normal,none,-0.09716480497013452,0.09716480497013452,0
R01996,P0374,S01,4,Drug_B,36.8,M,2025-07-19,2025-07-26,7,39.0,21.7,12.2,1.19,0,0,0,normal,none,-0.03212682961821067,0.03212682961821067,0
R01997,P0317,S06,3,Drug_A,36.7,F,2025-07-14,2025-07-18,4,24.2,18.7,12.5,0.7,2,0,0,normal,none,-0.11746475975259418,0.11746475975259418,0
R01998,P0606,S09,1,Drug_B,60.0,F,2025-06-27,2025-06-30,3,31.3,23.6,10.6,0.88,0,0,0,normal,none,-0.07733073483748587,0.07733073483748587,0
R01999,P0001,S04,1,Drug_B,75.0,F,2025-02-26,2025-02-27,1,39.7,15.5,12.1,0.64,2,0,0,normal,none,-0.009154784905991864,0.009154784905991864,0
R02000,P0107,S09,1,Drug_B,55.8,M,2025-01-24,2025-01-25,1,12.5,12.0,12.7,0.63,2,0,0,normal,none,-0.0736694651189454,0.0736694651189454,0
R02001,P0152,S06,5,Drug_B,59.0,F,2025-07-02,2025-07-05,3,,31.2,14.1,0.96,8,0,1,both_detectable,missing_plus_queries,0.07449322983020013,-0.07449322983020013,1
R02002,P0147,S06,3,Drug_A,70.1,F,2025-06-11,2025-06-14,3,37.2,29.6,12.7,0.72,2,1,0,normal,none,0.022541871202254482,-0.022541871202254482,1
R02003,P0298,S01,5,Drug_B,72.4,M,2025-08-21,2025-08-25,4,11.6,10.0,13.4,0.95,2,0,0,normal,none,-0.06018343799356307,0.06018343799356307,0
R02004,P0323,S03,4,Drug_A,49.8,F,2025-09-05,2025-09-09,4,30.9,21.8,13.2,0.84,2,0,0,normal,none,-0.13051509428742608,0.13051509428742608,0
R02005,P0469,S04,5,Placebo,47.7,M,2025-06-14,2025-06-16,2,33.8,30.6,14.2,1.0,2,0,0,normal,none,-0.09767133401806655,0.09767133401806655,0
R02006,P0250,S06,3,Drug_B,47.9,F,2025-06-06,2025-06-12,6,38.0,44.1,12.7,0.55,1,0,0,normal,none,-0.06903661556089363,0.06903661556089363,0
R02007,P0693,S02,3,Drug_A,52.2,M,2025-03-16,2025-03-18,2,36.2,28.1,12.2,1.08,3,0,0,normal,none,-0.10172674996062625,0.10172674996062625,0
R02008,P0676,S10,4,Drug_B,75.2,M,2025-05-23,2025-05-25,2,23.5,10.1,12.9,0.86,4,0,0,normal,none,-0.032177245242615116,0.032177245242615116,0
R02009,P0086,S10,1,Placebo,40.9,M,2025-03-26,2025-04-09,14,18.1,12.6,13.2,0.6,1,0,0,normal,none,-0.042520039591129655,0.042520039591129655,0
R02010,P0453,S01,3,Placebo,61.8,M,2025-08-24,2025-08-28,4,14.4,15.4,13.7,1.01,1,0,0,normal,none,-0.09818951323119862,0.09818951323119862,0
R02011,P0434,S08,1,Placebo,47.6,M,2025-04-25,2025-04-28,3,23.6,20.6,13.7,0.87,0,0,0,normal,none,-0.10129824151282302,0.10129824151282302,0
R02012,P0353,S05,4,Drug_A,42.6,F,2025-08-25,2025-09-02,8,35.4,31.5,12.2,0.72,1,0,0,normal,none,-0.09641830924535527,0.09641830924535527,0
R02013,P0303,S09,1,Drug_A,48.4,M,2025-01-15,2025-01-15,0,25.6,13.0,14.7,0.85,4,0,0,normal,none,-0.05010349136737674,0.05010349136737674,0
R02014,P0593,S07,3,Drug_A,48.5,F,2025-07-30,2025-07-30,0,16.6,11.9,10.9,0.85,2,0,0,normal,none,-0.08546574327188977,0.08546574327188977,0
R02015,P0654,S08,5,Drug_A,52.2,M,2025-05-26,2025-06-03,8,45.3,43.6,13.3,0.58,1,0,0,normal,none,-0.04408131167056911,0.04408131167056911,0
R02016,P0563,S01,1,Drug_B,34.4,M,2025-03-05,2025-03-09,4,41.5,38.5,15.3,1.07,2,0,0,normal,none,-0.04196901717793744,0.04196901717793744,0
R02017,P0052,S06,2,Placebo,46.9,F,2025-05-02,2025-05-08,6,32.6,24.7,14.6,0.81,1,0,0,normal,none,-0.11184581383748671,0.11184581383748671,0
R02018,P0306,S08,5,Placebo,18.5,M,2025-05-14,2025-05-15,1,19.5,20.0,14.9,1.09,4,0,0,normal,none,0.0014131565508447297,-0.0014131565508447297,1
R02019,P0749,S07,1,Drug_A,57.2,F,2025-01-09,2025-01-09,0,31.5,26.6,12.7,0.97,0,0,0,normal,none,-0.09016913320420589,0.09016913320420589,0
R02020,P0573,S07,4,Drug_B,70.4,F,2025-06-12,2025-06-17,5,21.8,16.6,12.7,0.71,2,0,0,normal,none,-0.10503522077912808,0.10503522077912808,0
R02021,P0152,S06,4,Drug_B,42.4,M,2025-07-07,2025-07-10,3,27.1,29.4,13.3,0.97,2,0,0,normal,none,-0.11368991328307154,0.11368991328307154,0
R02022,P0324,S09,1,Drug_A,53.8,F,2025-01-06,2025-01-06,0,9.9,11.5,13.7,1.0,0,0,0,normal,none,-0.0412440375210566,0.0412440375210566,0
R02023,P0296,S10,3,Drug_B,55.8,F,2025-08-02,2025-08-04,2,34.1,34.9,14.4,0.82,1,0,0,normal,none,-0.10689183445910777,0.10689183445910777,0
R02024,P0094,S10,1,Drug_B,37.6,F,2025-02-08,2025-02-13,5,58.1,16.1,12.5,0.51,3,0,1,ml_multivariate,alt_ast_ratio,0.06574464876644492,-0.06574464876644492,1
R02025,P0088,S06,2,Drug_A,69.8,M,2025-04-07,2025-04-09,2,15.5,8.1,13.8,0.99,1,0,0,normal,none,-0.05774639932004788,0.05774639932004788,0
R02026,P0677,S07,5,Drug_A,26.2,M,2025-10-11,2025-10-15,4,22.5,17.3,16.4,0.78,3,0,0,normal,none,-0.028443277019463975,0.028443277019463975,0
R02027,P0591,S08,5,Drug_B,32.5,M,2025-05-09,2025-05-10,1,29.9,27.5,14.4,1.12,8,0,1,ml_multivariate,query_delay_site_pattern,0.011686341133555378,-0.011686341133555378,1
R02028,P0504,S05,3,Drug_B,43.5,M,2025-03-24,2025-04-24,31,39.1,37.0,13.4,0.79,1,0,1,rule_detectable,excessive_entry_delay,-0.03325782968009411,0.03325782968009411,0
R02029,P0589,S04,3,Placebo,59.8,F,2025-05-26,2025-05-27,1,34.5,35.1,11.0,0.6,4,0,0,normal,none,-0.05640529171756159,0.05640529171756159,0
R02030,P0048,S02,1,Placebo,41.2,F,2025-05-21,2025-05-25,4,15.0,11.5,14.5,0.9,2,0,0,normal,none,-0.08358886767356988,0.08358886767356988,0
R02031,P0640,S04,3,Drug_A,30.5,F,2025-07-02,2025-07-05,3,55.3,42.3,14.9,0.88,0,0,0,normal,none,-0.02194767948364279,0.02194767948364279,0
R02032,P0621,S03,4,Drug_A,37.3,F,2025-03-30,2025-04-02,3,37.2,45.3,10.6,0.77,0,0,0,normal,none,-0.03376667681463996,0.03376667681463996,0
R02033,P0569,S07,4,Drug_A,58.2,M,2025-07-31,2025-08-01,1,27.4,,13.9,0.95,0,0,1,rule_detectable,missing_required_lab:AST,-0.07270110069356672,0.07270110069356672,0
R02034,P0457,S05,1,Placebo,69.3,F,2025-04-03,2025-04-06,3,29.5,30.5,14.4,0.49,2,0,0,normal,none,-0.06108315221067906,0.06108315221067906,0
R02035,P0392,S08,1,Drug_B,69.2,M,2025-06-28,2025-07-03,5,46.8,33.8,13.2,0.98,1,0,0,normal,none,-0.0634930019815595,0.0634930019815595,0
R02036,P0551,S02,1,Drug_A,45.6,M,2025-03-15,2025-03-17,2,38.6,29.3,12.7,1.02,2,0,0,normal,none,-0.10184868450663281,0.10184868450663281,0
R02037,P0386,S03,1,Placebo,35.3,M,2025-02-07,2025-02-17,10,43.4,29.9,14.8,0.93,2,0,0,normal,none,-0.04805509892645515,0.04805509892645515,0
R02038,P0325,S09,4,Placebo,69.4,M,2025-09-24,2025-10-28,34,15.3,12.6,13.5,0.82,2,0,1,rule_detectable,excessive_entry_delay,-0.011087063520735518,0.011087063520735518,0
R02039,P0662,S10,3,Drug_B,36.6,M,2025-05-24,2025-05-28,4,39.0,32.3,14.0,1.12,1,0,0,normal,none,-0.08639830999393999,0.08639830999393999,0
R02040,P0195,S05,1,Drug_B,38.3,M,2025-01-04,2025-01-04,0,27.4,29.3,14.7,1.06,1,0,0,normal,none,-0.0657697586925039,0.0657697586925039,0
R02041,P0054,S02,4,Drug_B,48.8,M,2025-06-27,2025-06-29,2,39.4,34.1,14.8,0.83,0,0,0,normal,none,-0.09035218572025228,0.09035218572025228,0
R02042,P0585,S06,1,Placebo,53.6,F,2025-03-17,2025-03-20,3,26.6,18.1,14.6,0.94,2,0,0,normal,none,-0.10357535682640928,0.10357535682640928,0
R02043,P0662,S10,3,Drug_A,38.2,M,2025-03-10,2025-03-13,3,11.8,14.1,13.4,0.8,3,1,0,normal,none,0.038890629089068485,-0.038890629089068485,1
R02044,P0160,S08,5,Drug_B,70.8,F,2025-10-06,2025-10-08,2,20.4,11.1,12.4,0.63,1,0,0,normal,none,-0.05401363660998637,0.05401363660998637,0
R02045,P0302,S03,1,Drug_A,18.5,F,2025-03-23,2025-04-09,17,23.9,20.0,15.1,0.68,2,0,0,normal,none,0.008654867141993705,-0.008654867141993705,1
R02046,P0301,S03,3,Placebo,53.3,M,2025-07-16,2025-07-17,1,29.6,10.4,14.4,1.0,2,0,0,normal,none,-0.035207855339508654,0.035207855339508654,0
R02047,P0231,S07,2,Drug_A,36.8,F,2025-07-08,2025-07-09,1,27.9,22.6,11.1,0.91,3,0,0,normal,none,-0.08906258172236386,0.08906258172236386,0
R02048,P0485,S09,5,Drug_A,59.4,M,2025-03-17,2025-02-10,-35,27.7,21.4,15.1,0.92,1,0,1,rule_detectable,invalid_visit_sequence,-0.038644338012982726,0.038644338012982726,0
R02049,P0144,S10,5,Drug_B,32.1,F,2025-06-21,2025-06-25,4,22.2,18.8,13.5,0.85,3,0,0,normal,none,-0.08961503972939538,0.08961503972939538,0
R02050,P0508,S08,4,Drug_A,66.4,F,2025-08-08,2025-08-09,1,30.4,27.2,13.0,0.86,4,0,0,normal,none,-0.0950831414649877,0.0950831414649877,0
R02051,P0591,S08,4,Drug_A,69.1,F,2025-04-16,2025-04-19,3,32.1,24.2,11.8,0.59,1,0,0,normal,none,-0.09090518048918528,0.09090518048918528,0
R02052,P0165,S06,3,Drug_B,56.8,F,2025-04-12,2025-04-18,6,36.0,31.4,14.1,0.58,2,0,0,normal,none,-0.09541125836976716,0.09541125836976716,0
R02053,P0491,S04,2,Drug_B,47.3,F,2025-05-14,2025-05-14,0,34.6,26.3,11.8,0.65,1,0,0,normal,none,-0.1000665370610117,0.1000665370610117,0
R02054,P0020,S04,2,Placebo,67.7,F,2025-06-22,2025-06-28,6,28.3,24.8,12.6,0.82,3,0,0,normal,none,-0.1100515211388719,0.1100515211388719,0
R02055,P0637,S04,2,Drug_A,44.3,F,2025-06-21,2025-06-25,4,17.1,10.3,12.6,0.86,1,0,0,normal,none,-0.09679650732291784,0.09679650732291784,0
R02056,P0309,S01,4,Drug_A,53.8,F,2025-09-04,2025-09-05,1,21.3,15.3,12.0,0.9,1,0,0,normal,none,-0.11454756343715566,0.11454756343715566,0
R02057,P0083,S03,1,Drug_B,42.0,F,2025-04-09,2025-04-12,3,23.7,15.1,12.1,1.0,3,0,0,normal,none,-0.0829557072914805,0.0829557072914805,0
R02058,P0006,S07,5,Drug_A,31.5,M,2025-09-21,2025-09-21,0,25.9,25.3,13.9,1.13,4,0,0,normal,none,-0.044525769369652135,0.044525769369652135,0
R02059,P0187,S08,2,Placebo,31.4,M,2025-06-28,2025-07-02,4,37.0,42.8,17.2,0.88,0,0,0,normal,none,-0.011502825574843056,0.011502825574843056,0
R02060,P0277,S01,1,Drug_B,33.8,M,2025-03-03,2025-03-05,2,58.6,52.6,15.2,1.03,1,0,0,normal,none,0.014390279613161305,-0.014390279613161305,1
R02061,P0475,S01,4,Drug_A,69.3,F,2025-06-15,2025-06-21,6,22.9,12.7,13.1,0.82,0,0,0,normal,none,-0.07168830986517205,0.07168830986517205,0
R02062,P0530,S02,3,Drug_A,53.5,M,2025-06-22,2025-06-25,3,48.2,38.4,13.5,1.14,2,0,0,normal,none,-0.08029903602753391,0.08029903602753391,0
R02063,P0255,S03,3,Drug_B,30.3,F,2025-03-15,2025-03-23,8,33.6,32.7,12.0,0.82,2,0,0,normal,none,-0.08183089933436893,0.08183089933436893,0
R02064,P0279,S02,1,Placebo,67.0,M,2025-04-19,2025-04-27,8,38.4,38.7,13.3,0.82,2,0,0,normal,none,-0.07453969337040173,0.07453969337040173,0
R02065,P0258,S02,1,Drug_A,38.6,F,2025-06-26,2025-06-28,2,17.6,13.1,11.8,0.85,2,0,0,normal,none,-0.08459390691123791,0.08459390691123791,0
R02066,P0360,S08,5,Drug_B,44.7,M,2025-05-24,2025-05-26,2,16.2,8.0,14.1,0.82,1,0,0,normal,none,-0.05094780044623026,0.05094780044623026,0
R02067,P0675,S10,5,Placebo,44.8,M,2025-08-03,2025-08-13,10,18.2,15.5,14.5,0.82,2,0,0,normal,none,-0.07465755173209271,0.07465755173209271,0
R02068,P0443,S06,3,Drug_B,58.0,F,2025-04-12,2025-04-15,3,16.4,17.1,13.6,0.88,2,0,0,normal,none,-0.11393967863198828,0.11393967863198828,0
R02069,P0566,S06,5,Drug_A,39.0,F,2025-05-04,2025-05-14,10,41.2,41.7,12.6,0.53,3,0,0,normal,none,-0.02328962957181735,0.02328962957181735,0
R02070,P0239,S06,1,Placebo,64.0,M,2025-06-24,2025-06-30,6,33.5,29.3,14.0,0.7,2,0,0,normal,none,-0.0917255921142543,0.0917255921142543,0
R02071,P0204,S02,4,Drug_B,48.9,F,2025-07-15,2025-07-19,4,33.3,39.9,10.8,0.72,1,0,0,normal,none,-0.06889961046285692,0.06889961046285692,0
R02072,P0599,S06,1,Placebo,85.0,M,2025-02-22,2025-02-27,5,41.2,31.4,12.0,1.01,0,0,0,normal,none,-0.028530217270589575,0.028530217270589575,0
R02073,P0167,S05,2,Placebo,67.8,F,2025-03-11,2025-03-19,8,20.4,17.3,12.6,0.56,0,0,0,normal,none,-0.06174525867937036,0.06174525867937036,0
R02074,P0485,S09,5,Drug_A,56.5,M,2025-05-05,2025-05-05,0,35.0,28.0,11.5,1.05,2,0,0,normal,none,-0.07310616294914135,0.07310616294914135,0
R02075,P0488,S08,3,Drug_A,55.4,F,2025-05-21,2025-05-24,3,29.9,26.8,13.7,0.7,2,0,0,normal,none,-0.12398854223596095,0.12398854223596095,0
R02076,P0604,S02,2,Drug_A,34.8,M,2025-07-04,2025-07-12,8,31.6,29.3,11.2,0.76,2,0,0,normal,none,-0.0803331573332603,0.0803331573332603,0
R02077,P0734,S04,1,Drug_B,41.4,M,2025-02-04,2025-02-07,3,41.6,27.8,14.2,1.26,1,0,0,normal,none,-0.03845533974443649,0.03845533974443649,0
R02078,P0478,S07,4,Drug_B,64.2,M,2025-09-13,2025-09-14,1,35.8,20.3,13.2,0.87,2,0,0,normal,none,-0.096595329420408,0.096595329420408,0
R02079,P0605,S05,3,Placebo,69.2,F,2025-08-18,2025-08-18,0,23.9,16.6,13.2,0.8,1,0,0,normal,none,-0.11077825513855505,0.11077825513855505,0
R02080,P0645,S02,1,Placebo,25.0,M,2025-01-10,2025-01-14,4,37.6,44.5,13.6,1.35,2,0,0,normal,none,0.009733538987271029,-0.009733538987271029,1
R02081,P0478,S07,5,Drug_A,64.4,M,2025-05-21,2025-05-21,0,20.6,23.7,12.7,0.92,4,0,0,normal,none,-0.06940938258384577,0.06940938258384577,0
R02082,P0219,S01,1,Placebo,52.3,F,2025-06-22,2025-06-25,3,19.8,13.9,12.4,0.61,1,0,0,normal,none,-0.09665665960189757,0.09665665960189757,0
R02083,P0428,S01,2,Drug_A,57.3,M,2025-04-10,2025-04-13,3,30.9,34.7,13.8,1.2,5,1,0,normal,none,0.07483004008062244,-0.07483004008062244,1
R02084,P0034,S10,1,Drug_B,59.4,F,2025-06-01,2025-06-08,7,52.6,41.6,12.1,0.63,0,0,0,normal,none,-0.02559866188305726,0.02559866188305726,0
R02085,P0396,S07,5,Placebo,61.6,F,2025-07-19,2025-07-19,0,32.9,35.4,12.5,0.69,1,0,0,normal,none,-0.065817475495904,0.065817475495904,0
R02086,P0251,S05,2,Placebo,63.9,M,2025-02-27,2025-03-12,13,29.4,21.0,12.6,1.05,0,0,0,normal,none,-0.05592727290877458,0.05592727290877458,0
R02087,P0453,S01,1,Placebo,41.0,F,2025-06-09,2025-06-11,2,25.2,9.1,13.2,0.87,5,0,0,normal,none,0.003528021041640239,-0.003528021041640239,1
R02088,P0522,S03,4,Drug_B,42.3,M,2025-04-27,2025-04-29,2,33.6,26.3,13.7,0.69,2,0,0,normal,none,-0.11297873878272391,0.11297873878272391,0
R02089,P0664,S08,3,Drug_B,46.1,M,2025-05-22,2025-05-31,9,20.7,21.5,13.2,0.69,2,0,0,normal,none,-0.10492605358101365,0.10492605358101365,0
R02090,P0514,S08,2,Drug_A,49.7,M,2025-03-23,2025-03-27,4,19.0,9.4,13.6,0.86,2,0,0,normal,none,-0.08799962963587005,0.08799962963587005,0
R02091,P0388,S06,2,Drug_B,71.1,M,2025-06-14,2025-06-20,6,24.5,20.0,12.2,0.84,2,0,0,normal,none,-0.11074422471614409,0.11074422471614409,0
R02092,P0024,S09,2,Drug_A,55.9,F,2025-04-08,2025-04-08,0,26.7,27.2,13.9,1.02,2,0,0,normal,none,-0.1067891812784933,0.1067891812784933,0
R02093,P0520,S09,1,Drug_B,71.0,M,2025-02-01,2025-02-12,11,79.1,50.2,12.5,1.31,1,0,0,normal,none,0.090000678528669,-0.090000678528669,1
R02094,P0558,S02,3,Drug_A,63.1,F,2025-05-11,2025-05-12,1,30.2,38.7,13.7,1.12,0,0,0,normal,none,-0.05363326729927481,0.05363326729927481,0
R02095,P0662,S10,3,Drug_B,72.7,M,2025-03-02,2025-03-07,5,50.6,31.2,13.3,0.97,1,0,0,normal,none,-0.06514088172074273,0.06514088172074273,0
R02096,P0744,S07,2,Drug_A,70.2,F,2025-02-06,2025-02-10,4,48.8,54.8,14.2,0.7,1,0,0,normal,none,-0.03127271537385662,0.03127271537385662,0
R02097,P0601,S09,2,Placebo,59.8,M,2025-07-24,2025-07-25,1,14.4,14.8,15.7,1.12,2,0,0,normal,none,-0.0547791364197327,0.0547791364197327,0
R02098,P0688,S02,4,Drug_B,31.0,F,2025-06-28,2025-07-01,3,21.8,15.9,13.0,0.91,3,0,0,normal,none,-0.09859800725203849,0.09859800725203849,0
R02099,P0553,S03,2,Placebo,43.8,M,2025-02-25,2025-03-06,9,22.2,16.2,16.0,1.06,1,0,0,normal,none,-0.05634101923545265,0.05634101923545265,0
R02100,P0042,S03,3,Placebo,30.2,F,2025-06-19,2025-06-23,4,27.6,24.9,14.0,0.64,2,0,0,normal,none,-0.09763997414088171,0.09763997414088171,0
R02101,P0267,S08,2,Drug_B,34.3,M,2025-06-24,2025-06-28,4,25.8,29.6,13.9,0.79,1,0,0,normal,none,-0.09666880495914754,0.09666880495914754,0
R02102,P0461,S08,3,Drug_B,45.3,M,2025-05-20,2025-05-24,4,20.8,13.4,11.9,1.0,0,0,0,normal,none,-0.09029759742404553,0.09029759742404553,0
R02103,P0111,S02,4,Drug_A,54.2,M,2025-06-24,2025-06-27,3,38.7,21.8,15.3,1.18,4,0,0,normal,none,-0.045228132758932504,0.045228132758932504,0
R02104,P0365,S07,4,Drug_A,62.8,M,2025-07-27,2025-07-27,0,41.2,30.3,14.1,1.04,1,0,0,normal,none,-0.08505445456886107,0.08505445456886107,0
R02105,P0628,S04,4,Drug_B,38.6,F,2025-06-15,2025-06-17,2,20.3,8.0,11.5,0.63,1,0,0,normal,none,-0.023079826590968466,0.023079826590968466,0
R02106,P0151,S04,4,Drug_A,52.4,F,2025-09-11,2025-09-11,0,37.4,24.6,11.8,0.74,1,0,0,normal,none,-0.0966081082971827,0.0966081082971827,0
R02107,P0023,S07,5,Drug_A,66.8,M,2025-09-03,2025-09-03,0,18.3,18.4,11.9,0.73,2,0,0,normal,none,-0.0732209420360494,0.0732209420360494,0
R02108,P0059,S01,1,Drug_A,73.5,F,2025-01-14,2025-01-19,5,16.7,13.0,12.6,0.67,0,0,0,normal,none,-0.0594814495788365,0.0594814495788365,0
R02109,P0748,S09,2,Drug_A,39.4,F,2025-03-04,2025-03-07,3,11.8,8.0,13.6,0.52,2,1,0,normal,none,0.06355807145384995,-0.06355807145384995,1
R02110,P0684,S10,2,Drug_B,67.1,F,2025-03-12,2025-03-17,5,14.3,14.0,13.9,0.85,0,0,0,normal,none,-0.0824346957848075,0.0824346957848075,0
R02111,P0460,S07,1,Placebo,67.1,F,2025-06-07,2025-06-07,0,68.5,50.0,13.9,0.92,1,0,0,normal,none,0.013367253792423317,-0.013367253792423317,1
R02112,P0353,S05,5,Drug_B,44.8,M,2025-01-11,2025-02-16,36,11.0,8.0,13.6,1.26,3,0,1,rule_detectable,invalid_visit_sequence,0.05240544599273256,-0.05240544599273256,1
R02113,P0488,S08,4,Drug_A,45.0,F,2025-07-15,2025-07-15,0,24.5,26.6,14.7,0.69,2,0,0,normal,none,-0.09452299540791959,0.09452299540791959,0
R02114,P0283,S08,3,Drug_A,52.0,F,2025-08-18,2025-08-22,4,24.3,24.7,11.7,0.73,3,0,0,normal,none,-0.11477828472719692,0.11477828472719692,0
R02115,P0168,S01,4,Drug_B,43.0,F,2025-07-03,2025-07-10,7,31.8,31.4,12.0,0.91,3,0,0,normal,none,-0.09599057191345306,0.09599057191345306,0
R02116,P0411,S04,1,Drug_B,44.7,F,2025-03-23,2025-03-23,0,28.2,22.5,12.8,1.02,2,0,0,normal,none,-0.10549550097193494,0.10549550097193494,0
R02117,P0024,S09,5,Drug_B,66.8,M,2025-07-06,2025-07-06,0,33.5,28.4,12.6,1.04,1,0,0,normal,none,-0.07737319934253806,0.07737319934253806,0
R02118,P0362,S09,1,Drug_B,50.9,M,2025-02-09,2025-02-14,5,26.5,18.0,11.1,1.1,1,0,0,normal,none,-0.07178025087033729,0.07178025087033729,0
R02119,P0693,S02,3,Placebo,46.2,M,2025-04-21,2025-04-24,3,23.8,21.2,13.5,1.04,4,0,0,normal,none,-0.10580715630211507,0.10580715630211507,0
R02120,P0045,S06,2,Drug_B,59.9,F,2025-06-16,2025-06-17,1,34.1,31.6,11.8,0.66,1,0,0,normal,none,-0.09780644671720529,0.09780644671720529,0
R02121,P0423,S08,3,Drug_B,27.6,M,2025-05-30,2025-05-29,-1,24.3,15.2,14.2,1.17,0,0,1,rule_detectable,date_inconsistency,-0.026010546537538093,0.026010546537538093,0
R02122,P0071,S07,3,Drug_B,71.7,M,2025-05-02,2025-05-05,3,23.1,27.5,13.9,1.34,0,0,0,normal,none,-0.040398449294194005,0.040398449294194005,0
R02123,P0474,S05,5,Drug_B,34.1,M,2025-07-27,2025-07-27,0,19.1,19.4,11.4,1.26,0,0,0,normal,none,-0.005565881255688354,0.005565881255688354,0
R02124,P0172,S04,4,Placebo,42.3,M,2025-04-10,2025-04-11,1,18.5,19.8,14.6,1.17,2,0,0,normal,none,-0.07629050166873136,0.07629050166873136,0
R02125,P0429,S06,1,Drug_A,40.2,F,2025-06-28,2025-07-23,25,19.7,14.5,12.1,0.69,0,0,1,rule_detectable,excessive_entry_delay,-0.012988067703756156,0.012988067703756156,0
R02126,P0363,S03,5,Drug_A,47.9,F,2025-06-09,2025-06-14,5,35.8,30.6,11.6,0.59,0,0,0,normal,none,-0.06447787278385714,0.06447787278385714,0
R02127,P0410,S01,2,Placebo,79.5,M,2025-05-13,2025-05-16,3,22.0,13.9,14.4,0.98,1,0,0,normal,none,-0.07115289771433198,0.07115289771433198,0
R02128,P0629,S08,2,Drug_B,31.6,F,2025-02-15,2025-02-19,4,69.7,62.6,14.0,0.66,1,0,0,normal,none,0.036960416259191,-0.036960416259191,1
R02129,P0508,S08,1,Drug_A,79.6,M,2025-01-09,2025-01-13,4,40.5,33.1,14.4,1.35,0,0,0,normal,none,0.006457665501608423,-0.006457665501608423,1
R02130,P0538,S07,4,Drug_A,62.3,F,2025-07-24,2025-07-28,4,23.9,28.5,13.9,0.91,3,0,0,normal,none,-0.1015858993843693,0.1015858993843693,0
R02131,P0509,S09,1,Drug_A,45.5,F,2025-05-14,2025-05-14,0,38.9,23.9,12.6,0.84,0,0,0,normal,none,-0.07540724561204698,0.07540724561204698,0
R02132,P0584,S09,4,Placebo,40.2,M,2025-08-30,2025-08-31,1,15.5,13.8,12.3,0.82,0,0,0,normal,none,-0.08457064555448279,0.08457064555448279,0
R02133,P0050,S03,3,Drug_B,67.7,M,2025-07-21,2025-07-23,2,12.0,17.5,14.3,0.84,1,0,0,normal,none,-0.07032302801223378,0.07032302801223378,0
R02134,P0508,S08,4,Drug_B,58.8,F,2025-04-15,2025-04-19,4,43.2,42.0,11.7,0.62,1,0,0,normal,none,-0.0745832008997529,0.0745832008997529,0
R02135,P0045,S06,2,Drug_B,33.4,F,2025-05-10,2025-05-11,1,30.7,28.7,14.2,0.96,2,0,0,normal,none,-0.1024822248866597,0.1024822248866597,0
R02136,P0207,S08,4,Drug_A,64.4,M,2025-06-06,2025-06-11,5,30.8,32.8,12.5,0.81,2,0,0,normal,none,-0.10408056994631237,0.10408056994631237,0
R02137,P0038,S02,4,Drug_A,50.5,M,2025-06-16,2025-06-20,4,36.4,31.2,11.8,0.91,1,0,0,normal,none,-0.11605202165252898,0.11605202165252898,0
R02138,P0085,S02,1,Drug_B,68.6,M,2025-06-07,2025-06-11,4,36.1,45.2,14.8,0.78,3,0,0,normal,none,-0.03500499714973404,0.03500499714973404,0
R02139,P0612,S06,4,Drug_B,48.4,M,2025-05-16,2025-05-19,3,23.7,16.7,13.2,0.85,3,0,0,normal,none,-0.1208860875259794,0.1208860875259794,0
R02140,P0579,S01,2,Placebo,55.4,M,2025-02-15,2025-02-18,3,43.3,39.3,11.7,1.02,2,0,0,normal,none,-0.09299688469116807,0.09299688469116807,0
R02141,P0037,S01,1,Drug_A,47.2,F,2025-06-06,2025-06-09,3,34.6,33.6,11.7,0.53,2,0,0,normal,none,-0.07005965889162252,0.07005965889162252,0
R02142,P0392,S08,1,Placebo,43.7,M,2025-01-18,2025-01-21,3,29.7,18.9,13.4,0.68,3,0,0,normal,none,-0.09522048677498612,0.09522048677498612,0
R02143,P0464,S05,1,Drug_B,22.9,F,2025-03-10,2025-03-15,5,27.9,20.0,13.7,0.92,1,0,0,normal,none,-0.0692294247491877,0.0692294247491877,0
R02144,P0291,S02,3,Drug_A,72.1,F,2025-03-02,2025-03-06,4,26.4,12.5,11.4,0.75,1,0,0,normal,none,-0.07086922698154541,0.07086922698154541,0
R02145,P0008,S06,3,Drug_A,53.7,F,2025-04-22,2025-04-26,4,30.4,27.9,11.6,0.81,3,0,0,normal,none,-0.11833332514800193,0.11833332514800193,0
R02146,P0236,S02,5,Drug_B,43.8,M,2025-06-27,2025-06-29,2,34.3,17.2,15.5,0.97,3,0,0,normal,none,-0.04177905814774702,0.04177905814774702,0
R02147,P0533,S08,4,Drug_B,75.6,F,2025-08-12,2025-08-14,2,34.1,36.3,11.3,0.66,2,0,0,normal,none,-0.05282323576775366,0.05282323576775366,0
R02148,P0652,S05,5,Drug_A,56.0,F,2025-10-08,2025-10-17,9,26.6,17.5,13.0,0.81,1,0,0,normal,none,-0.08461604450021637,0.08461604450021637,0
R02149,P0034,S10,3,Drug_B,62.9,F,2025-03-15,2025-03-19,4,43.1,51.3,11.9,0.66,4,0,0,normal,none,-0.041244078113856164,0.041244078113856164,0
R02150,P0308,S03,2,Drug_B,42.7,M,2025-06-10,2025-06-11,1,47.1,35.8,14.0,0.74,4,0,0,normal,none,-0.06745856378899723,0.06745856378899723,0
R02151,P0696,S10,4,Drug_B,52.1,M,2025-07-19,2025-07-24,5,8.4,8.0,12.5,1.0,3,0,0,normal,none,-0.06335136604272568,0.06335136604272568,0
R02152,P0750,S03,4,Drug_A,54.7,M,2025-04-26,2025-04-29,3,40.3,39.7,13.4,0.77,6,0,0,normal,none,-0.046930521759795674,0.046930521759795674,0
R02153,P0218,S01,1,Drug_A,55.2,M,2025-02-17,2025-02-24,7,23.5,8.0,11.9,0.77,3,0,0,normal,none,-0.0006048920543341718,0.0006048920543341718,0
R02154,P0376,S05,3,Drug_B,57.9,F,2025-07-13,2025-07-17,4,23.6,10.2,11.4,0.81,2,0,0,normal,none,-0.06720194604935004,0.06720194604935004,0
R02155,P0068,S08,1,Drug_A,40.3,F,2025-01-02,2025-01-05,3,40.6,26.0,12.8,0.86,2,0,0,normal,none,-0.09484644138007775,0.09484644138007775,0
R02156,P0219,S01,5,Placebo,54.5,M,2025-04-30,2025-05-03,3,17.5,16.5,13.0,1.1,0,0,0,normal,none,-0.07354374293052363,0.07354374293052363,0
R02157,P0079,S05,3,Placebo,43.4,M,2025-03-22,2025-03-24,2,18.1,13.3,12.9,0.99,2,0,0,normal,none,-0.11072492672290629,0.11072492672290629,0
R02158,P0101,S06,1,Drug_A,72.3,F,2025-04-30,2025-05-02,2,16.2,11.3,13.4,1.0,1,0,0,normal,none,-0.07493857102138363,0.07493857102138363,0
R02159,P0579,S01,1,Placebo,43.5,F,2025-05-30,2025-06-05,6,25.5,29.2,12.2,0.45,5,0,0,normal,none,-0.016713684038098864,0.016713684038098864,0
R02160,P0704,S05,5,Drug_B,43.1,M,2025-07-09,2025-07-10,1,64.4,66.7,10.1,1.39,1,0,1,ml_multivariate,lab_profile,0.08413660512707255,-0.08413660512707255,1
R02161,P0061,S10,5,Drug_B,44.4,M,2025-10-09,2025-10-13,4,29.3,21.7,13.9,0.96,3,0,0,normal,none,-0.10537043616556918,0.10537043616556918,0
R02162,P0378,S05,5,Placebo,48.8,F,2025-06-13,2025-06-15,2,31.2,25.7,13.1,0.67,2,0,0,normal,none,-0.10490444783659941,0.10490444783659941,0
R02163,P0485,S09,2,Drug_A,23.2,M,2025-06-18,2025-06-19,1,44.2,49.6,12.7,0.66,2,0,0,normal,none,-0.01668403687523551,0.01668403687523551,0
R02164,P0625,S02,5,Drug_B,76.7,F,2025-05-25,2025-06-08,14,30.8,30.8,14.2,0.89,4,0,0,normal,none,-0.015549197415865634,0.015549197415865634,0
R02165,P0694,S10,2,Drug_B,54.9,F,2025-05-10,2025-05-13,3,32.2,35.8,13.8,0.67,2,0,0,normal,none,-0.10095665352335981,0.10095665352335981,0
R02166,P0339,S09,1,Drug_B,49.4,F,2025-03-28,2025-03-28,0,22.2,19.6,14.3,0.45,2,0,0,normal,none,-0.06588711434341393,0.06588711434341393,0
R02167,P0268,S02,4,Placebo,57.7,F,2025-06-21,2025-06-24,3,25.8,19.6,12.7,0.45,1,0,0,normal,none,-0.09050656175813199,0.09050656175813199,0
R02168,P0010,S01,1,Drug_A,44.2,M,2025-04-17,2025-04-20,3,32.4,24.8,16.1,0.89,2,0,0,normal,none,-0.06919750007877712,0.06919750007877712,0
R02169,P0496,S04,3,Placebo,50.1,F,2025-04-24,2025-04-27,3,24.4,18.7,14.4,0.93,2,1,0,normal,none,-0.001985898896482041,0.001985898896482041,0
R02170,P0750,S03,3,Placebo,71.6,F,2025-06-16,2025-06-21,5,29.9,25.1,12.6,0.75,1,0,0,normal,none,-0.11596264337675533,0.11596264337675533,0
R02171,P0329,S06,2,Drug_B,68.2,M,2025-04-07,2025-04-10,3,36.6,28.8,14.4,0.86,2,0,0,normal,none,-0.1042880334471673,0.1042880334471673,0
R02172,P0628,S04,1,Drug_B,58.8,F,2025-02-07,2025-02-08,1,24.6,32.2,11.6,0.95,5,0,0,normal,none,-0.03063234939990639,0.03063234939990639,0
R02173,P0044,S01,5,Placebo,57.7,M,2025-10-20,2025-10-20,0,13.3,11.7,14.0,0.92,1,0,0,normal,none,-0.07566723274043474,0.07566723274043474,0
R02174,P0525,S10,3,Drug_B,66.5,M,2025-05-24,2025-05-31,7,61.4,53.3,16.2,0.72,2,0,0,normal,none,0.01411865654288813,-0.01411865654288813,1
R02175,P0371,S10,2,Placebo,66.6,F,2025-06-06,2025-06-16,10,48.8,35.7,12.1,0.83,3,0,0,normal,none,-0.051913664798003745,0.051913664798003745,0
R02176,P0654,S08,4,Drug_B,38.9,F,2025-04-09,2025-04-14,5,44.3,46.5,13.0,1.13,4,0,0,normal,none,-0.03301728879516902,0.03301728879516902,0
R02177,P0539,S09,3,Drug_A,77.1,F,2025-04-06,2025-04-06,0,27.3,21.4,14.2,0.9,2,0,0,normal,none,-0.09405963607798346,0.09405963607798346,0
R02178,P0215,S05,4,Drug_B,64.4,M,2025-05-17,2025-05-20,3,23.5,20.8,12.7,1.18,0,0,0,normal,none,-0.08646359902160766,0.08646359902160766,0
R02179,P0573,S07,5,Placebo,35.8,M,2025-06-06,2025-06-06,0,27.8,25.1,15.4,0.96,2,0,0,normal,none,-0.06777953433391887,0.06777953433391887,0
R02180,P0380,S08,1,Drug_B,68.3,F,2025-03-11,2025-03-16,5,23.3,22.5,11.7,0.87,3,0,0,normal,none,-0.08740148745597137,0.08740148745597137,0
R02181,P0144,S10,1,Drug_B,59.5,F,2025-01-05,2025-01-08,3,31.9,18.6,13.4,0.45,3,0,0,normal,none,-0.052923635099436095,0.052923635099436095,0
R02182,P0149,S01,5,Drug_A,50.1,M,2025-05-16,2025-05-22,6,19.4,23.0,13.5,0.8,0,0,0,normal,none,-0.0782652288410356,0.0782652288410356,0
R02183,P0342,S10,1,Drug_A,69.1,F,2025-04-15,2025-04-20,5,17.8,8.0,14.0,0.96,2,0,0,normal,none,-0.03182029872268488,0.03182029872268488,0
R02184,P0192,S07,1,Drug_B,27.2,M,2025-01-11,2025-01-12,1,43.3,29.4,14.7,1.3,1,0,0,normal,none,0.005659513455865961,-0.005659513455865961,1
R02185,P0472,S06,2,Placebo,70.9,M,2025-04-08,2025-04-16,8,24.0,24.2,13.8,0.7,1,0,0,normal,none,-0.08894201996398005,0.08894201996398005,0
R02186,P0299,S05,4,Drug_B,67.5,F,2025-07-15,2025-07-19,4,,10.3,13.3,0.78,1,0,1,rule_detectable,missing_required_lab:ALT,-0.014616381202092854,0.014616381202092854,0
R02187,P0582,S09,2,Drug_B,49.7,F,2025-03-07,2025-03-07,0,32.6,19.8,13.3,0.91,3,0,0,normal,none,-0.10413064088496243,0.10413064088496243,0
R02188,P0380,S08,2,Drug_B,40.2,M,2025-05-07,2025-05-11,4,27.0,22.8,14.8,1.02,2,0,0,normal,none,-0.10569338138920359,0.10569338138920359,0
R02189,P0096,S02,3,Drug_B,63.2,M,2025-05-18,2025-05-22,4,21.8,19.9,11.7,0.8,0,0,0,normal,none,-0.10422708164086569,0.10422708164086569,0
R02190,P0613,S10,3,Drug_A,38.5,F,2025-04-28,2025-05-02,4,35.3,29.0,13.3,0.92,3,0,0,normal,none,-0.11202568801165169,0.11202568801165169,0
R02191,P0216,S03,2,Placebo,63.0,M,2025-05-20,2025-05-31,11,21.6,14.4,13.6,1.01,4,0,0,normal,none,-0.054807393393493165,0.054807393393493165,0
R02192,P0531,S01,1,Drug_A,53.8,F,2025-02-19,2025-02-24,5,21.9,19.9,12.2,0.66,1,0,0,normal,none,-0.10310007271728427,0.10310007271728427,0
R02193,P0003,S01,3,Drug_A,44.6,M,2025-07-04,2025-07-05,1,61.9,34.8,12.7,1.2,0,0,0,normal,none,0.000616498886572503,-0.000616498886572503,1
R02194,P0598,S07,3,Drug_A,55.6,F,2025-06-07,2025-06-09,2,40.3,36.2,11.6,1.02,1,0,0,normal,none,-0.09790753100385713,0.09790753100385713,0
R02195,P0399,S02,1,Drug_B,69.7,F,2025-05-01,2025-05-07,6,38.0,31.9,13.0,0.93,3,0,0,normal,none,-0.0797845377619445,0.0797845377619445,0
R02196,P0201,S09,1,Drug_A,34.2,M,2025-01-15,2025-01-16,1,32.2,14.2,13.9,0.78,1,0,0,normal,none,-0.044319853088887695,0.044319853088887695,0
R02197,P0711,S06,3,Drug_A,37.4,M,2025-03-24,2025-03-25,1,16.6,19.7,12.9,0.85,2,0,0,normal,none,-0.09946444964092777,0.09946444964092777,0
R02198,P0445,S09,2,Drug_B,35.0,F,2025-07-08,2025-07-08,0,17.3,12.9,12.6,0.75,0,0,0,normal,none,-0.06948667112820517,0.06948667112820517,0
R02199,P0132,S05,5,Placebo,53.6,M,2025-05-23,2025-05-25,2,62.1,45.2,12.0,0.97,5,0,1,ml_multivariate,visit_lab_query_pattern,0.018911625064021664,-0.018911625064021664,1
R02200,P0527,S06,4,Drug_A,43.1,M,2025-09-17,2025-09-22,5,18.3,12.5,14.8,0.85,2,0,0,normal,none,-0.09635606207096564,0.09635606207096564,0
R02201,P0238,S05,1,Placebo,65.9,F,2025-06-01,2025-06-03,2,18.4,9.4,11.8,0.59,0,0,0,normal,none,-0.02186661837778786,0.02186661837778786,0
R02202,P0526,S01,2,Placebo,42.5,M,2025-03-08,2025-03-12,4,19.0,16.4,12.4,0.88,1,0,0,normal,none,-0.11285789187837836,0.11285789187837836,0
R02203,P0299,S05,4,Drug_B,54.2,M,2025-09-13,2025-09-14,1,19.9,12.6,14.3,1.1,0,0,0,normal,none,-0.07633481772707157,0.07633481772707157,0
R02204,P0516,S08,5,Drug_A,60.3,F,2025-07-28,2025-07-30,2,59.2,14.1,12.9,0.49,2,0,1,ml_multivariate,alt_ast_ratio,0.059306028054309734,-0.059306028054309734,1
R02205,P0412,S03,2,Drug_B,59.9,M,2025-03-23,2025-03-28,5,29.7,22.7,13.1,1.04,0,0,0,normal,none,-0.10084673183904824,0.10084673183904824,0
R02206,P0365,S07,5,Drug_B,35.5,M,2025-06-16,2025-06-17,1,32.2,31.2,15.1,0.77,0,0,0,normal,none,-0.05098198178453117,0.05098198178453117,0
R02207,P0424,S05,4,Placebo,44.8,M,2025-10-12,2025-10-13,1,50.7,63.2,14.8,0.75,6,0,1,ml_multivariate,visit_lab_query_pattern,0.03482087370417386,-0.03482087370417386,1
R02208,P0470,S03,1,Drug_B,24.9,M,2025-06-20,2025-06-29,9,13.2,11.5,12.5,0.91,2,0,0,normal,none,-0.03533716930946362,0.03533716930946362,0
R02209,P0412,S03,1,Drug_A,48.7,M,2025-01-28,2025-02-02,5,19.7,13.3,13.0,0.72,0,0,0,normal,none,-0.0866872992003676,0.0866872992003676,0
R02210,P0537,S10,1,Placebo,54.3,M,2025-01-10,2025-01-15,5,17.4,17.5,14.5,1.05,0,0,0,normal,none,-0.06742561165550537,0.06742561165550537,0
R02211,P0383,S05,1,Placebo,43.9,F,2025-01-14,2025-01-18,4,13.0,8.0,12.2,0.77,5,0,0,normal,none,-0.02113315160632101,0.02113315160632101,0
R02212,P0146,S05,5,Drug_B,70.6,F,2025-09-30,2025-10-08,8,20.6,16.6,11.8,1.02,1,0,0,normal,none,-0.056016497298379375,0.056016497298379375,0
R02213,P0406,S05,4,Drug_B,48.8,F,2025-07-17,2025-07-19,2,24.9,12.6,12.1,0.8,0,0,0,normal,none,-0.08053313347624019,0.08053313347624019,0
R02214,P0546,S01,3,Drug_A,63.6,F,2025-04-28,2025-04-30,2,20.3,10.0,12.5,1.12,3,0,0,normal,none,-0.05759540768759874,0.05759540768759874,0
R02215,P0601,S09,2,Drug_A,31.9,F,2025-05-01,2025-05-01,0,16.4,15.3,13.5,1.04,1,0,0,normal,none,-0.07829775737498579,0.07829775737498579,0
R02216,P0555,S01,3,Placebo,52.6,M,2025-07-25,2025-07-28,3,15.2,16.3,13.7,0.97,2,0,0,normal,none,-0.10625873045374096,0.10625873045374096,0
R02217,P0470,S03,4,Drug_B,52.6,F,2025-03-29,2025-04-06,8,27.0,22.4,12.0,0.99,0,0,0,normal,none,-0.0921232314339282,0.0921232314339282,0
R02218,P0339,S09,2,Placebo,42.9,M,2025-03-19,2025-03-21,2,33.1,27.5,12.0,1.0,2,0,0,normal,none,-0.10879958541488866,0.10879958541488866,0
R02219,P0351,S10,3,Placebo,48.7,F,2025-03-05,2025-03-09,4,29.0,23.5,12.1,1.01,2,0,0,normal,none,-0.12550878454230024,0.12550878454230024,0
R02220,P0277,S01,2,Drug_A,19.1,M,2025-03-30,2025-04-01,2,18.3,18.3,12.3,0.96,4,0,0,normal,none,-0.03809417463167197,0.03809417463167197,0
R02221,P0585,S06,2,Drug_A,38.4,F,2025-06-14,2025-06-15,1,21.8,23.4,13.3,0.54,4,0,0,normal,none,-0.06621556580710514,0.06621556580710514,0
R02222,P0268,S02,2,Drug_B,71.4,F,2025-06-18,2025-06-20,2,44.5,31.2,12.9,0.85,2,1,0,normal,none,0.036756257333851794,-0.036756257333851794,1
R02223,P0025,S10,1,Drug_A,65.9,M,2025-03-25,2025-03-28,3,28.9,15.3,14.8,0.95,0,0,0,normal,none,-0.04748919750262448,0.04748919750262448,0
R02224,P0181,S04,2,Drug_A,55.5,F,2025-03-08,2025-03-11,3,15.1,12.4,11.6,0.88,3,0,0,normal,none,-0.09457771791242237,0.09457771791242237,0
R02225,P0022,S05,5,Placebo,58.4,F,2025-07-02,2025-07-04,2,37.5,35.9,14.0,0.99,1,0,0,normal,none,-0.0852753967929481,0.0852753967929481,0
R02226,P0674,S08,1,Drug_A,60.6,F,2025-02-13,2025-02-14,1,19.9,11.4,13.8,0.62,0,0,0,normal,none,-0.05745194172317447,0.05745194172317447,0
R02227,P0438,S07,5,Placebo,32.2,M,2025-08-24,2025-09-01,8,26.5,26.7,12.8,0.9,5,0,0,normal,none,-0.04169959308964549,0.04169959308964549,0
R02228,P0440,S07,3,Placebo,51.4,M,2025-06-14,2025-06-16,2,45.6,47.1,14.2,1.12,3,0,0,normal,none,-0.06838294030156311,0.06838294030156311,0
R02229,P0205,S04,3,Placebo,50.0,M,2025-03-05,2025-03-05,0,35.8,30.1,13.3,0.8,1,0,0,normal,none,-0.11890816451480746,0.11890816451480746,0
R02230,P0248,S02,3,Placebo,47.8,M,2025-06-14,2025-06-19,5,25.6,21.9,14.3,0.57,2,0,0,normal,none,-0.10975973135303663,0.10975973135303663,0
R02231,P0187,S08,2,Drug_A,41.7,M,2025-04-09,2025-04-18,9,38.7,35.4,12.8,0.83,3,0,0,normal,none,-0.08456801553283205,0.08456801553283205,0
R02232,P0153,S07,1,Placebo,42.7,M,2025-06-17,2025-06-20,3,22.9,16.4,15.0,1.0,3,0,0,normal,none,-0.07740082498146111,0.07740082498146111,0
R02233,P0722,S06,3,Drug_A,53.2,F,2025-03-23,2025-03-29,6,16.1,16.4,12.7,1.1,3,0,0,normal,none,-0.08638834996742734,0.08638834996742734,0
R02234,P0208,S03,4,Drug_B,67.6,F,2025-08-14,2025-08-23,9,22.1,21.0,12.7,0.72,1,1,0,normal,none,0.016327032873046377,-0.016327032873046377,1
R02235,P0438,S07,1,Drug_B,64.9,F,2025-06-13,2025-06-13,0,29.0,22.3,11.5,0.97,0,0,0,normal,none,-0.07623001441327337,0.07623001441327337,0
R02236,P0397,S05,2,Placebo,50.7,M,2025-04-12,2025-04-12,0,38.6,36.1,12.8,0.67,1,0,0,normal,none,-0.09914564474125964,0.09914564474125964,0
R02237,P0750,S03,3,Placebo,72.5,F,2025-05-05,2025-05-09,4,62.8,45.7,13.4,0.66,1,0,0,normal,none,-0.02882083042457656,0.02882083042457656,0
R02238,P0271,S01,2,Placebo,42.1,M,2025-06-12,2025-06-15,3,32.9,17.2,15.4,0.89,4,0,0,normal,none,-0.05540081203762204,0.05540081203762204,0
R02239,P0081,S06,1,Placebo,61.1,M,2025-05-31,2025-06-03,3,18.8,20.0,13.9,1.03,3,0,0,normal,none,-0.08575609836697512,0.08575609836697512,0
R02240,P0074,S02,1,Drug_A,64.3,F,2025-05-02,2025-05-03,1,22.4,9.4,13.9,0.79,4,0,0,normal,none,-0.021969197727439882,0.021969197727439882,0
R02241,P0731,S05,5,Drug_B,63.4,F,2025-10-12,2025-10-12,0,18.8,15.2,13.4,0.68,2,0,0,normal,none,-0.08704792339586892,0.08704792339586892,0
R02242,P0337,S06,2,Drug_B,49.1,M,2025-05-30,2025-06-10,11,36.3,40.7,12.9,1.05,1,0,0,normal,none,-0.06041120819815299,0.06041120819815299,0
R02243,P0019,S06,2,Drug_B,48.7,M,2025-06-15,2025-06-18,3,17.7,12.3,13.5,0.87,2,0,0,normal,none,-0.11543648346925667,0.11543648346925667,0
R02244,P0118,S08,1,Placebo,65.0,M,2025-04-09,2025-04-20,11,19.2,11.6,13.9,0.85,0,0,0,normal,none,-0.040002041560117496,0.040002041560117496,0
R02245,P0468,S09,4,Drug_B,54.5,F,2025-09-16,2025-09-15,-1,43.3,36.9,14.8,0.97,9,0,1,both_detectable,date_plus_queries,0.006254047638914906,-0.006254047638914906,1
R02246,P0633,S08,1,Drug_A,31.9,M,2025-05-21,2025-05-21,0,28.2,24.3,14.2,1.11,2,0,0,normal,none,-0.07219835200589025,0.07219835200589025,0
R02247,P0371,S10,2,Drug_B,63.5,F,2025-07-05,2025-07-07,2,26.5,22.7,12.6,0.97,2,0,0,normal,none,-0.12217984573502433,0.12217984573502433,0
R02248,P0539,S09,1,Drug_A,28.7,M,2025-01-03,2025-01-03,0,32.2,20.4,13.9,1.17,3,0,0,normal,none,-0.03817960830021255,0.03817960830021255,0
R02249,P0145,S03,3,Placebo,43.2,F,2025-05-24,2025-05-25,1,17.8,10.1,12.4,0.72,1,0,0,normal,none,-0.09319878933025416,0.09319878933025416,0
R02250,P0173,S04,3,Placebo,39.2,M,2025-05-05,2025-05-07,2,21.9,18.0,,0.84,1,0,1,rule_detectable,missing_required_lab:hemoglobin,-0.06339692100084376,0.06339692100084376,0
R02251,P0342,S10,4,Drug_B,52.3,F,2025-04-23,2025-04-26,3,16.9,10.1,13.0,1.01,1,0,0,normal,none,-0.09460939948552965,0.09460939948552965,0
R02252,P0129,S10,2,Drug_A,67.9,M,2025-05-31,2025-06-03,3,35.7,37.5,11.8,1.12,2,0,0,normal,none,-0.07049279714499862,0.07049279714499862,0
R02253,P0539,S09,3,Drug_A,57.3,M,2025-02-26,2025-03-02,4,39.8,37.0,14.8,0.61,0,0,0,normal,none,-0.07446522136573097,0.07446522136573097,0
R02254,P0304,S04,3,Drug_A,32.5,F,2025-05-05,2025-05-05,0,35.1,22.9,12.1,1.35,0,0,0,normal,none,-0.014666731875102368,0.014666731875102368,0
R02255,P0673,S01,1,Drug_A,40.6,M,2025-04-26,2025-04-28,2,16.2,8.0,11.2,1.16,2,0,0,normal,none,-0.010664009021954801,0.010664009021954801,0
R02256,P0141,S07,5,Drug_A,63.9,M,2025-07-04,2025-07-04,0,16.4,16.3,13.5,1.18,2,0,0,normal,none,-0.06158796398472832,0.06158796398472832,0
R02257,P0222,S03,2,Drug_B,70.8,F,2025-04-24,2025-04-27,3,13.8,11.8,13.2,0.79,0,0,0,normal,none,-0.08396847929873608,0.08396847929873608,0
R02258,P0150,S01,3,Drug_B,53.1,F,2025-05-17,2025-05-19,2,27.1,18.9,11.3,0.71,0,0,0,normal,none,-0.10181198125749191,0.10181198125749191,0
R02259,P0028,S10,1,Drug_B,46.0,M,2025-01-22,2025-01-27,5,19.2,14.4,12.6,0.71,1,0,0,normal,none,-0.10514562086311169,0.10514562086311169,0
R02260,P0431,S02,4,Drug_B,47.1,M,2025-04-01,2025-04-03,2,18.4,23.5,13.8,0.86,1,0,0,normal,none,-0.10280056154830475,0.10280056154830475,0
R02261,P0740,S03,1,Placebo,49.1,F,2025-02-26,2025-03-02,4,23.0,17.4,11.7,0.7,2,0,0,normal,none,-0.10637934591045656,0.10637934591045656,0
R02262,P0329,S06,2,Drug_B,60.7,F,2025-04-29,2025-05-01,2,29.4,24.7,12.5,0.67,4,0,0,normal,none,-0.1004628293250674,0.1004628293250674,0
R02263,P0344,S01,1,Placebo,37.1,M,2025-03-26,2025-03-30,4,13.9,14.6,13.1,0.67,2,0,0,normal,none,-0.07645909832574344,0.07645909832574344,0
R02264,P0550,S04,5,Drug_B,56.1,F,2025-06-10,2025-06-11,1,16.0,18.5,13.1,0.94,2,0,0,normal,none,-0.0899001471694143,0.0899001471694143,0
R02265,P0518,S04,2,Placebo,41.2,M,2025-04-25,2025-04-25,0,19.9,23.2,14.6,0.88,1,0,0,normal,none,-0.09080397863489886,0.09080397863489886,0
R02266,P0284,S08,1,Drug_B,48.4,F,2025-06-15,2025-06-20,5,20.2,11.9,13.1,0.74,5,0,0,normal,none,-0.05191985564324003,0.05191985564324003,0
R02267,P0021,S06,3,Drug_B,77.4,F,2025-08-17,2025-08-24,7,32.6,19.7,10.7,0.76,2,0,0,normal,none,-0.05671177061731714,0.05671177061731714,0
R02268,P0516,S08,1,Drug_A,54.2,M,2025-04-09,2025-04-14,5,21.7,18.0,12.8,0.81,4,0,0,normal,none,-0.09634993588081192,0.09634993588081192,0
R02269,P0743,S04,3,Drug_B,49.1,F,2025-08-19,2025-08-25,6,19.9,22.5,13.5,0.58,0,0,0,normal,none,-0.08332273041795385,0.08332273041795385,0
R02270,P0292,S10,2,Drug_B,78.6,M,2025-03-28,2025-03-31,3,18.7,13.9,12.9,0.67,0,0,0,normal,none,-0.06953525479281358,0.06953525479281358,0
R02271,P0137,S02,5,Drug_A,47.5,F,2025-08-01,2025-08-04,3,20.5,16.0,14.4,0.62,3,0,0,normal,none,-0.08573082544275223,0.08573082544275223,0
R02272,P0497,S08,3,Placebo,70.4,F,2025-08-12,2025-08-15,3,23.8,22.0,12.2,0.79,2,0,0,normal,none,-0.11540350068596716,0.11540350068596716,0
R02273,P0192,S07,3,Drug_B,41.1,F,2025-03-07,2025-03-07,0,28.0,25.7,11.8,0.81,0,0,0,normal,none,-0.09676122134427073,0.09676122134427073,0
R02274,P0281,S08,2,Drug_A,78.2,F,2025-06-16,2025-06-25,9,29.8,19.7,12.6,0.63,6,0,0,normal,none,-0.016419632886853774,0.016419632886853774,0
R02275,P0224,S01,5,Placebo,72.3,F,2025-07-17,2025-07-19,2,46.8,39.2,13.6,0.66,2,0,0,normal,none,-0.04656471564307535,0.04656471564307535,0
R02276,P0708,S03,5,Drug_A,35.1,M,2025-10-14,2025-10-20,6,26.8,19.7,13.7,1.06,1,0,0,normal,none,-0.07988041991687428,0.07988041991687428,0
R02277,P0365,S07,1,Drug_B,54.2,F,2025-06-09,2025-06-10,1,26.3,22.3,13.4,0.73,4,0,0,normal,none,-0.09719950951063006,0.09719950951063006,0
R02278,P0150,S01,3,Drug_B,63.6,F,2025-05-25,2025-05-29,4,48.4,46.5,12.8,0.88,1,0,0,normal,none,-0.07988742942326171,0.07988742942326171,0
R02279,P0035,S06,3,Drug_A,72.7,M,2025-07-14,2025-08-16,33,71.5,41.2,14.5,1.07,1,0,1,both_detectable,delay_plus_labs,0.08308165826295744,-0.08308165826295744,1
R02280,P0534,S07,4,Drug_A,51.1,F,2025-08-03,2025-08-05,2,39.8,38.4,11.7,0.93,2,0,0,normal,none,-0.09959185219420835,0.09959185219420835,0
R02281,P0291,S02,3,Drug_B,43.4,M,2025-04-21,2025-04-24,3,19.6,14.6,15.0,0.77,2,0,0,normal,none,-0.1069246985956544,0.1069246985956544,0
R02282,P0271,S01,2,Drug_B,51.3,M,2025-02-25,2025-02-27,2,35.5,25.2,12.4,0.93,2,0,0,normal,none,-0.11758815865236988,0.11758815865236988,0
R02283,P0030,S05,4,Drug_B,42.0,F,2025-03-30,2025-04-04,5,35.6,35.7,12.6,0.74,4,0,0,normal,none,-0.08424815919765322,0.08424815919765322,0
R02284,P0534,S07,4,Placebo,46.9,M,2025-07-10,2025-07-11,1,36.7,23.7,12.6,0.81,2,0,0,normal,none,-0.11239527537963329,0.11239527537963329,0
R02285,P0715,S05,3,Placebo,61.6,M,2025-03-18,2025-03-29,11,28.7,31.8,14.3,1.0,4,0,0,normal,none,-0.05850564851245316,0.05850564851245316,0
R02286,P0009,S10,4,Drug_A,85.0,M,2025-06-12,2025-06-14,2,32.7,20.8,13.3,0.7,2,0,0,normal,none,-0.061369316864656354,0.061369316864656354,0
R02287,P0022,S05,2,Drug_A,47.6,M,2025-02-27,2025-02-28,1,23.8,15.6,14.7,0.72,3,0,0,normal,none,-0.09759056405713729,0.09759056405713729,0
R02288,P0592,S03,5,Drug_B,55.4,F,2025-09-17,2025-09-21,4,19.8,15.3,14.6,0.88,2,0,0,normal,none,-0.09828808317563231,0.09828808317563231,0
R02289,P0551,S02,2,Drug_A,69.4,F,2025-07-10,2025-07-13,3,31.7,34.0,12.7,0.84,6,0,0,normal,none,-0.04410337718526358,0.04410337718526358,0
R02290,P0211,S04,4,Drug_B,46.3,F,2025-05-07,2025-05-08,1,18.9,24.7,12.9,0.55,2,0,0,normal,none,-0.07932875009186646,0.07932875009186646,0
R02291,P0730,S06,3,Drug_A,62.7,F,2025-06-03,2025-06-07,4,18.8,16.4,13.0,0.63,2,0,0,normal,none,-0.11122902180161842,0.11122902180161842,0
R02292,P0712,S02,3,Placebo,57.9,M,2025-03-28,2025-04-04,7,30.5,23.8,12.3,1.26,2,0,0,normal,none,-0.07784342973352293,0.07784342973352293,0
R02293,P0154,S07,3,Drug_A,58.3,F,2025-07-14,2025-07-20,6,35.9,29.6,14.2,0.79,1,0,0,normal,none,-0.11547261023952365,0.11547261023952365,0
R02294,P0429,S06,3,Drug_B,33.3,F,2025-08-22,2025-08-23,1,22.0,25.1,14.2,0.85,3,0,0,normal,none,-0.09217826872593687,0.09217826872593687,0
R02295,P0581,S02,5,Drug_B,59.8,M,2025-06-08,2025-06-12,4,25.5,22.0,15.4,1.1,1,0,0,normal,none,-0.06967059342186788,0.06967059342186788,0
R02296,P0564,S01,2,Drug_B,47.3,M,2025-05-08,2025-05-10,2,38.1,33.7,13.1,0.77,1,0,0,normal,none,-0.11444809055945798,0.11444809055945798,0
R02297,P0526,S01,4,Drug_B,44.9,M,2025-06-03,2025-06-11,8,20.8,13.8,12.4,1.06,3,0,0,normal,none,-0.07407607270176164,0.07407607270176164,0
R02298,P0384,S06,3,Placebo,51.0,M,2025-04-06,2025-04-11,5,31.5,21.3,12.8,0.81,2,1,0,normal,none,-0.0017576480796576144,0.0017576480796576144,0
R02299,P0609,S08,3,Placebo,44.7,M,2025-07-21,2025-07-26,5,33.7,18.1,14.6,0.61,0,0,0,normal,none,-0.062144555935098045,0.062144555935098045,0
R02300,P0480,S01,4,Drug_B,50.0,M,2025-06-24,2025-06-25,1,29.2,28.6,11.9,1.11,2,0,0,normal,none,-0.099501447055803,0.099501447055803,0
R02301,P0149,S01,4,Drug_A,65.1,F,2025-03-16,2025-03-17,1,58.4,64.0,13.2,0.85,6,0,1,ml_multivariate,visit_lab_query_pattern,0.042006385289642845,-0.042006385289642845,1
R02302,P0270,S05,3,Drug_A,70.0,M,2025-04-14,2025-04-24,10,13.9,10.3,12.9,1.09,6,0,0,normal,none,0.0007038558218115942,-0.0007038558218115942,1
R02303,P0006,S07,1,Placebo,56.3,F,2025-02-15,2025-02-15,0,71.7,52.4,10.8,0.79,2,0,0,normal,none,0.023998404601754397,-0.023998404601754397,1
R02304,P0345,S10,5,Drug_A,54.5,M,2025-09-25,2025-09-26,1,13.2,14.7,12.3,0.77,2,0,0,normal,none,-0.07587382090294842,0.07587382090294842,0
R02305,P0535,S08,1,Drug_A,51.8,F,2025-06-13,2025-06-15,2,29.0,20.4,13.0,0.7,4,0,0,normal,none,-0.0920879097100516,0.0920879097100516,0
R02306,P0685,S06,2,Drug_B,51.8,M,2025-01-29,2025-02-08,10,16.6,16.6,14.7,1.25,1,0,0,normal,none,-0.034390691717567534,0.034390691717567534,0
R02307,P0488,S08,4,Drug_A,51.6,M,2025-04-05,2025-04-07,2,19.4,13.7,11.6,0.89,0,0,0,normal,none,-0.09928344617484575,0.09928344617484575,0
R02308,P0141,S07,2,Drug_B,57.9,M,2025-03-26,2025-03-31,5,13.0,8.9,13.0,1.02,4,0,0,normal,none,-0.05714227036235686,0.05714227036235686,0
R02309,P0164,S08,3,Placebo,58.5,F,2025-07-02,2025-07-05,3,31.1,24.5,13.4,0.61,0,0,0,normal,none,-0.10944035377496802,0.10944035377496802,0
R02310,P0545,S09,4,Drug_B,59.7,M,2025-06-10,2025-06-10,0,16.0,10.1,12.6,1.28,2,0,0,normal,none,-0.04486422396350098,0.04486422396350098,0
R02311,P0412,S03,1,Drug_A,58.9,F,2025-03-18,2025-03-21,3,55.1,58.7,14.4,0.87,2,0,0,normal,none,-0.009654897616187652,0.009654897616187652,0
R02312,P0019,S06,1,Placebo,48.7,F,2025-05-19,2025-05-21,2,31.6,38.0,12.4,0.78,0,0,0,normal,none,-0.06774301039471115,0.06774301039471115,0
R02313,P0429,S06,5,Drug_B,75.3,F,2025-09-11,2025-09-18,7,33.9,29.3,11.1,0.69,4,0,0,normal,none,-0.019054873635923786,0.019054873635923786,0
R02314,P0443,S06,5,Drug_A,56.4,M,2025-05-13,2025-05-17,4,32.1,26.8,14.0,1.08,1,0,0,normal,none,-0.09353530250838482,0.09353530250838482,0
R02315,P0258,S02,2,Drug_B,59.6,M,2025-07-12,2025-07-20,8,32.1,30.3,14.1,0.79,1,0,0,normal,none,-0.0989246968879901,0.0989246968879901,0
R02316,P0330,S01,1,Drug_B,31.4,F,2025-01-17,2025-01-19,2,21.5,16.1,14.2,0.79,3,0,0,normal,none,-0.0832503934651278,0.0832503934651278,0
R02317,P0606,S09,5,Drug_B,56.2,F,2025-04-21,2025-04-21,0,26.8,18.8,14.0,0.45,0,0,0,normal,none,-0.04646597251175166,0.04646597251175166,0
R02318,P0402,S02,1,Placebo,77.6,F,2025-04-20,2025-05-02,12,20.4,20.2,13.5,0.72,3,0,0,normal,none,-0.03537875527705869,0.03537875527705869,0
R02319,P0161,S06,1,Drug_A,52.1,M,2025-05-26,2025-05-29,3,33.6,26.5,13.0,1.05,6,0,0,normal,none,-0.05154143857348359,0.05154143857348359,0
R02320,P0088,S06,3,Drug_B,52.4,F,2025-03-06,2025-03-07,1,33.7,26.9,13.2,0.53,0,0,0,normal,none,-0.08379662361197243,0.08379662361197243,0
R02321,P0317,S06,1,Drug_B,60.0,M,2025-01-21,2025-01-30,9,19.7,23.9,15.3,0.93,0,0,0,normal,none,-0.03667043132118908,0.03667043132118908,0
R02322,P0077,S07,2,Drug_A,50.8,M,2025-05-30,2025-06-02,3,23.6,25.9,12.2,0.91,3,0,0,normal,none,-0.10867608499580017,0.10867608499580017,0
R02323,P0474,S05,3,Drug_B,43.9,F,2025-08-17,2025-08-21,4,21.2,24.5,12.0,0.93,2,0,0,normal,none,-0.11087259349852885,0.11087259349852885,0
R02324,P0201,S09,4,Drug_B,47.0,F,2025-05-31,2025-05-31,0,26.7,28.8,11.3,0.45,1,0,0,normal,none,-0.05872384118031215,0.05872384118031215,0
R02325,P0002,S01,3,Drug_A,59.4,M,2025-05-17,2025-05-17,0,17.4,19.8,13.8,0.72,3,0,0,normal,none,-0.0964706398132375,0.0964706398132375,0
R02326,P0339,S09,2,Drug_A,55.9,F,2025-04-07,2025-04-08,1,27.3,17.8,11.6,0.84,1,0,0,normal,none,-0.1119999004543632,0.1119999004543632,0
R02327,P0069,S08,2,Drug_B,45.9,F,2025-01-31,2025-02-02,2,22.6,22.8,12.6,0.62,2,0,0,normal,none,-0.11386704563951122,0.11386704563951122,0
R02328,P0616,S02,1,Drug_B,74.6,M,2025-04-10,2025-04-19,9,33.6,37.5,14.1,0.94,1,0,0,normal,none,-0.04607889187869929,0.04607889187869929,0
R02329,P0019,S06,1,Drug_B,63.4,F,2025-02-03,2025-02-05,2,9.7,8.0,13.3,0.74,0,0,0,normal,none,-0.04937742901820563,0.04937742901820563,0
R02330,P0580,S03,4,Drug_B,70.1,M,2025-05-02,2025-05-06,4,20.6,8.8,14.5,0.69,3,0,0,normal,none,-0.026903222391007897,0.026903222391007897,0
R02331,P0669,S03,1,Placebo,30.6,M,2025-06-04,2025-06-10,6,17.8,11.4,13.5,0.8,3,0,0,normal,none,-0.0591371362852639,0.0591371362852639,0
R02332,P0111,S02,3,Drug_B,67.3,M,2025-07-20,2025-07-22,2,31.7,21.3,13.9,0.69,3,0,0,normal,none,-0.10334435683771165,0.10334435683771165,0
R02333,P0535,S08,4,Drug_B,33.0,M,2025-04-20,2025-04-23,3,20.3,14.7,13.2,0.85,1,0,0,normal,none,-0.10290248935177759,0.10290248935177759,0
R02334,P0440,S07,4,Placebo,33.3,F,2025-09-06,2025-09-12,6,23.5,33.3,12.3,0.61,0,0,0,normal,none,-0.04040183108832762,0.04040183108832762,0
R02335,P0360,S08,2,Drug_B,68.6,M,2025-03-12,2025-03-12,0,20.1,17.8,12.1,1.11,2,0,0,normal,none,-0.0833813454845116,0.0833813454845116,0
R02336,P0325,S09,3,Drug_A,66.7,M,2025-05-09,2025-05-15,6,32.7,32.9,13.6,0.82,0,0,0,normal,none,-0.09264773037290408,0.09264773037290408,0
R02337,P0393,S02,1,Drug_B,30.0,M,2025-06-20,2025-06-26,6,24.4,9.9,13.9,0.97,1,0,0,normal,none,-0.018167841418107622,0.018167841418107622,0
R02338,P0736,S06,5,Drug_B,76.1,M,2025-09-03,2025-09-07,4,36.9,15.5,14.9,0.9,5,0,0,normal,none,0.011666614150450672,-0.011666614150450672,1
R02339,P0196,S04,2,Placebo,33.0,M,2025-04-02,2025-04-10,8,24.9,23.4,13.5,0.73,4,0,0,normal,none,-0.07363491657250537,0.07363491657250537,0
R02340,P0432,S10,4,Drug_A,47.9,F,2025-08-12,2025-08-15,3,24.6,23.4,10.3,0.9,2,0,0,normal,none,-0.09946368348640122,0.09946368348640122,0
R02341,P0544,S03,1,Placebo,50.3,M,2025-05-08,2025-05-11,3,21.5,29.6,12.8,1.03,4,0,0,normal,none,-0.06036368953560023,0.06036368953560023,0
R02342,P0364,S06,3,Drug_B,76.5,F,2025-05-01,2025-05-05,4,27.3,32.5,12.4,0.96,1,0,0,normal,none,-0.08140802040208056,0.08140802040208056,0
R02343,P0038,S02,4,Drug_B,44.7,M,2025-07-11,2025-07-17,6,15.1,10.2,12.2,1.02,2,0,0,normal,none,-0.08096490891702368,0.08096490891702368,0
R02344,P0393,S02,3,Placebo,70.0,M,2025-06-17,2025-06-21,4,25.0,19.7,13.0,1.0,1,0,0,normal,none,-0.11197411489365522,0.11197411489365522,0
R02345,P0630,S07,2,Drug_A,62.3,F,2025-06-12,2025-06-12,0,30.9,29.8,11.4,0.86,2,0,0,normal,none,-0.10124082161000547,0.10124082161000547,0
R02346,P0246,S06,1,Drug_B,54.3,F,2025-03-06,2025-03-13,7,42.7,32.6,11.0,0.94,1,0,0,normal,none,-0.06876439196822448,0.06876439196822448,0
R02347,P0452,S07,3,Drug_B,50.3,M,2025-03-29,2025-04-10,12,45.1,39.9,12.9,1.1,2,0,0,normal,none,-0.05917347166089121,0.05917347166089121,0
R02348,P0230,S01,5,Drug_A,39.1,M,2025-06-29,2025-07-03,4,12.8,9.4,13.0,0.93,2,0,0,normal,none,-0.07105851991689416,0.07105851991689416,0
R02349,P0577,S02,4,Drug_A,26.5,M,2025-06-25,2025-06-30,5,23.7,15.2,15.2,0.94,2,0,0,normal,none,-0.063799703875488,0.063799703875488,0
R02350,P0720,S04,3,Drug_B,80.4,F,2025-03-27,2025-03-27,0,18.1,9.5,13.8,0.54,0,0,0,normal,none,-0.011889444304511554,0.011889444304511554,0
R02351,P0512,S06,3,Drug_B,55.3,M,2025-06-24,2025-06-26,2,46.9,36.4,13.2,0.77,0,0,0,normal,none,-0.09078384195760109,0.09078384195760109,0
R02352,P0310,S07,2,Drug_B,57.6,F,2025-03-11,2025-03-15,4,25.0,17.4,13.8,0.88,1,0,0,normal,none,-0.12256116228110892,0.12256116228110892,0
R02353,P0608,S05,5,Drug_B,49.5,F,2025-07-27,2025-07-29,2,31.6,30.4,11.0,0.45,1,0,0,normal,none,-0.04869494308432404,0.04869494308432404,0
R02354,P0722,S06,4,Drug_B,56.5,F,2025-09-14,2025-09-18,4,12.6,10.1,11.5,0.6,0,1,0,normal,none,0.04092553372950136,-0.04092553372950136,1
R02355,P0344,S01,4,Drug_B,85.0,F,2025-05-22,2025-05-27,5,15.6,8.0,13.2,0.66,2,0,0,normal,none,-0.01700019960148652,0.01700019960148652,0
R02356,P0456,S06,5,Drug_B,64.7,F,2025-04-23,2025-05-03,10,23.3,24.1,11.4,0.87,1,0,0,normal,none,-0.06513130657753041,0.06513130657753041,0
R02357,P0417,S08,3,Placebo,50.1,F,2025-05-25,2025-05-30,5,28.3,25.8,13.5,0.69,2,0,0,normal,none,-0.1236931322275936,0.1236931322275936,0
R02358,P0246,S06,3,Placebo,24.4,F,2025-06-18,2025-06-22,4,22.9,18.3,14.4,0.52,0,0,0,normal,none,-0.04666217550821122,0.04666217550821122,0
R02359,P0441,S01,2,Drug_B,31.6,F,2025-05-12,2025-05-14,2,32.8,33.5,12.8,0.98,1,0,0,normal,none,-0.0894537099410283,0.0894537099410283,0
R02360,P0420,S01,2,Drug_A,69.0,F,2025-07-23,2025-07-30,7,30.9,28.6,12.6,1.25,2,0,0,normal,none,-0.06287762975929834,0.06287762975929834,0
R02361,P0316,S04,3,Drug_B,53.4,M,2025-03-18,2025-03-20,2,44.3,42.6,13.6,0.94,0,0,0,normal,none,-0.08378090863385784,0.08378090863385784,0
R02362,P0627,S08,4,Drug_B,53.0,M,2025-09-05,2025-09-07,2,15.0,17.1,14.2,0.99,1,0,0,normal,none,-0.09581678772649066,0.09581678772649066,0
R02363,P0432,S10,5,Drug_A,56.0,F,2025-06-21,2025-06-24,3,39.4,34.2,13.6,0.81,1,0,0,normal,none,-0.09341357330704764,0.09341357330704764,0
R02364,P0644,S04,1,Drug_A,48.2,F,2025-06-06,2025-06-16,10,20.9,19.8,12.1,0.73,3,0,0,normal,none,-0.07780004090462511,0.07780004090462511,0
R02365,P0549,S05,2,Placebo,35.3,M,2025-05-09,2025-05-17,8,19.7,19.0,12.8,0.91,4,0,0,normal,none,-0.07346661814010619,0.07346661814010619,0
R02366,P0303,S09,1,Drug_A,51.5,M,2025-04-02,2025-04-02,0,40.6,20.3,14.0,0.94,0,0,0,normal,none,-0.046170997205639996,0.046170997205639996,0
R02367,P0052,S06,3,Drug_A,32.4,F,2025-03-04,2025-03-06,2,23.5,20.9,15.2,0.57,2,0,0,normal,none,-0.07485673366340101,0.07485673366340101,0
R02368,P0605,S05,3,Placebo,79.1,M,2025-04-06,2025-04-15,9,28.5,19.0,13.9,0.81,3,0,0,normal,none,-0.06635574494698981,0.06635574494698981,0
R02369,P0580,S03,4,Placebo,47.8,M,2025-08-08,2025-08-09,1,24.3,19.7,15.3,1.03,0,0,0,normal,none,-0.0779614935175017,0.0779614935175017,0
R02370,P0362,S09,1,Drug_B,59.6,M,2025-01-04,2025-01-04,0,24.4,21.6,14.3,0.84,2,0,0,normal,none,-0.10562260334694046,0.10562260334694046,0
R02371,P0137,S02,1,Placebo,53.8,M,2025-03-09,2025-03-11,2,30.5,18.6,14.7,0.53,0,0,0,normal,none,-0.04927415414161329,0.04927415414161329,0
R02372,P0187,S08,2,Placebo,72.3,M,2025-05-03,2025-05-07,4,25.5,16.5,14.7,0.84,1,0,0,normal,none,-0.09732310103615094,0.09732310103615094,0
R02373,P0355,S08,4,Drug_A,64.6,M,2025-06-19,2025-06-25,6,27.7,8.1,16.2,1.27,6,0,0,normal,none,0.09740090601247475,-0.09740090601247475,1
R02374,P0319,S04,2,Drug_B,42.6,F,2025-04-11,2025-04-11,0,24.0,14.4,13.7,0.91,1,0,0,normal,none,-0.10070492861622121,0.10070492861622121,0
R02375,P0599,S06,4,Placebo,49.3,M,2025-07-19,2025-07-20,1,26.0,19.4,12.0,1.02,1,0,0,normal,none,-0.11001220351765661,0.11001220351765661,0
R02376,P0206,S10,4,Drug_A,43.1,M,2025-06-19,2025-06-24,5,24.2,15.4,13.8,0.92,1,0,0,normal,none,-0.1123662322113026,0.1123662322113026,0
R02377,P0195,S05,2,Drug_A,46.0,F,2025-07-17,2025-07-22,5,27.8,20.1,11.6,0.7,2,0,0,normal,none,-0.11555588079230505,0.11555588079230505,0
R02378,P0731,S05,5,Placebo,69.0,M,2025-08-02,2025-08-02,0,33.8,21.4,13.7,0.93,2,0,0,normal,none,-0.07567988619858174,0.07567988619858174,0
R02379,P0742,S09,2,Drug_A,33.0,F,2025-06-11,2025-06-15,4,29.0,21.8,12.7,0.97,1,0,0,normal,none,-0.10755495621436523,0.10755495621436523,0
R02380,P0491,S04,5,Drug_A,85.0,M,2025-07-01,2025-07-10,9,22.1,9.9,12.7,0.86,0,0,0,normal,none,0.013071267865817693,-0.013071267865817693,1
R02381,P0433,S03,1,Drug_B,51.2,M,2025-05-06,2025-05-10,4,32.7,30.4,12.8,1.28,2,0,0,normal,none,-0.06710308882763433,0.06710308882763433,0
R02382,P0644,S04,4,Drug_A,39.4,M,2025-05-19,2025-05-26,7,29.4,20.1,13.9,0.95,0,1,0,normal,none,0.021427435855081556,-0.021427435855081556,1
R02383,P0282,S06,1,Drug_A,45.4,M,2025-05-07,2025-05-09,2,24.8,21.8,14.6,0.83,0,0,0,normal,none,-0.09143269394992565,0.09143269394992565,0
R02384,P0117,S02,1,Drug_A,78.3,F,2025-03-09,2025-03-12,3,20.5,17.5,12.6,0.58,1,0,0,normal,none,-0.06675293291278261,0.06675293291278261,0
R02385,P0696,S10,5,Drug_A,78.9,M,2025-08-10,2025-08-18,8,34.7,28.0,13.4,1.02,2,0,0,normal,none,-0.050692882371497106,0.050692882371497106,0
R02386,P0391,S08,1,Drug_A,23.3,M,2025-03-28,2025-04-02,5,45.2,27.5,13.4,0.79,0,0,0,normal,none,-0.02336936669657902,0.02336936669657902,0
R02387,P0124,S01,1,Placebo,51.1,F,2025-03-01,2025-03-11,10,19.0,21.4,11.4,0.81,3,0,0,normal,none,-0.058003358022394313,0.058003358022394313,0
R02388,P0137,S02,5,Placebo,55.6,F,2025-09-10,2025-09-12,2,27.5,27.0,13.1,0.6,3,0,0,normal,none,-0.08541287545827148,0.08541287545827148,0
R02389,P0103,S06,2,Drug_A,52.4,M,2025-06-28,2025-07-04,6,17.2,9.6,12.0,0.91,2,0,0,normal,none,-0.08835455955647276,0.08835455955647276,0
R02390,P0116,S02,5,Drug_A,42.1,M,2025-08-20,2025-08-25,5,58.3,57.8,14.0,1.0,0,0,0,normal,none,0.011994879254177082,-0.011994879254177082,1
R02391,P0621,S03,1,Drug_B,29.3,F,2025-01-24,2025-01-28,4,15.1,16.5,12.1,0.59,0,0,0,normal,none,-0.027431445019905076,0.027431445019905076,0
R02392,P0068,S08,3,Drug_B,55.1,F,2025-04-21,2025-04-24,3,37.9,33.7,12.8,0.63,2,0,0,normal,none,-0.11295767798793943,0.11295767798793943,0
R02393,P0448,S03,2,Drug_B,66.2,F,2025-02-10,2025-02-12,2,21.8,21.5,13.3,0.92,2,0,0,normal,none,-0.11898414304438765,0.11898414304438765,0
R02394,P0423,S08,3,Drug_B,46.8,M,2025-04-05,2025-04-09,4,25.8,19.5,15.7,1.02,1,0,0,normal,none,-0.09334248460297656,0.09334248460297656,0
R02395,P0521,S08,2,Drug_B,56.3,F,2025-05-10,2025-05-19,9,23.9,18.4,14.0,0.45,2,0,0,normal,none,-0.06769468052299932,0.06769468052299932,0
R02396,P0502,S09,3,Drug_A,59.0,F,2025-04-21,2025-04-26,5,,17.1,14.0,0.82,9,0,1,both_detectable,missing_plus_queries,0.0726267310260752,-0.0726267310260752,1
R02397,P0692,S10,4,Drug_B,58.6,M,2025-06-15,2025-06-25,10,,17.5,12.1,0.71,7,0,1,both_detectable,missing_plus_queries,0.06342725588618203,-0.06342725588618203,1
R02398,P0194,S08,3,Placebo,44.7,F,2025-07-27,2025-08-06,10,31.0,26.7,13.8,0.69,0,0,0,normal,none,-0.08196447301245552,0.08196447301245552,0
R02399,P0042,S03,3,Drug_B,80.6,M,2025-08-20,2025-08-20,0,28.1,21.0,14.4,0.81,1,0,0,normal,none,-0.08231070489062148,0.08231070489062148,0
R02400,P0426,S02,3,Drug_A,45.9,F,2025-08-01,2025-08-05,4,18.9,9.8,12.9,0.66,2,0,0,normal,none,-0.08661337582523504,0.08661337582523504,0
R02401,P0022,S05,3,Drug_A,45.6,M,2025-04-22,2025-04-28,6,42.6,31.2,13.1,0.86,2,0,0,normal,none,-0.11367953282907994,0.11367953282907994,0
R02402,P0327,S05,4,Placebo,43.5,F,2025-08-21,2025-08-23,2,27.5,28.9,12.0,0.89,1,0,0,normal,none,-0.11089472064755429,0.11089472064755429,0
R02403,P0371,S10,2,Placebo,67.9,F,2025-02-07,2025-02-16,9,23.8,20.5,13.8,0.5,1,0,0,normal,none,-0.06900623192505573,0.06900623192505573,0
R02404,P0173,S04,4,Drug_A,62.0,F,2025-05-14,2025-05-14,0,30.7,26.3,11.9,0.76,1,0,0,normal,none,-0.1080670438627403,0.1080670438627403,0
R02405,P0473,S02,3,Drug_A,53.1,M,2025-05-29,2025-06-01,3,18.0,20.9,14.8,0.63,1,0,0,normal,none,-0.09296563941796859,0.09296563941796859,0
R02406,P0294,S07,5,Placebo,33.4,F,2025-10-07,2025-10-07,0,25.3,17.5,12.6,0.68,0,0,0,normal,none,-0.05374709441351,0.05374709441351,0
R02407,P0716,S07,2,Drug_A,51.7,M,2025-05-25,2025-05-27,2,29.0,34.3,12.9,0.99,1,0,0,normal,none,-0.10154384449784404,0.10154384449784404,0
R02408,P0144,S10,3,Placebo,42.9,M,2025-06-28,2025-06-29,1,16.0,11.1,13.5,1.21,1,0,0,normal,none,-0.0690340516189592,0.0690340516189592,0
R02409,P0273,S02,3,Drug_B,55.5,F,2025-07-25,2025-07-28,3,31.1,30.0,13.8,0.76,0,0,0,normal,none,-0.11222299851031747,0.11222299851031747,0
R02410,P0244,S09,3,Drug_A,18.7,F,2025-04-15,2025-04-15,0,28.9,19.1,12.7,0.51,0,0,0,normal,none,-0.02199866194931832,0.02199866194931832,0
R02411,P0730,S06,1,Drug_B,59.8,F,2025-05-29,2025-05-31,2,21.1,19.1,11.1,0.99,3,0,0,normal,none,-0.07922230518696233,0.07922230518696233,0
R02412,P0133,S04,3,Drug_A,41.4,M,2025-05-30,2025-05-30,0,33.9,13.0,13.1,1.1,1,0,0,normal,none,-0.03723977012840346,0.03723977012840346,0
R02413,P0214,S02,3,Placebo,33.7,F,2025-07-04,2025-07-07,3,31.0,29.8,14.1,0.64,2,0,0,normal,none,-0.09942673519740203,0.09942673519740203,0
R02414,P0496,S04,4,Drug_A,53.6,F,2025-08-09,2025-08-11,2,39.2,30.9,13.3,0.55,0,0,0,normal,none,-0.08152812010828281,0.08152812010828281,0
R02415,P0742,S09,2,Placebo,52.5,F,2025-06-11,2025-06-12,1,24.8,12.7,12.5,0.73,3,0,0,normal,none,-0.0907268730062532,0.0907268730062532,0
R02416,P0311,S02,5,Drug_A,36.8,F,2025-05-09,2025-05-18,9,20.2,16.6,12.6,0.64,2,0,0,normal,none,-0.06687840517583821,0.06687840517583821,0
R02417,P0507,S10,3,Drug_A,49.2,F,2025-03-24,2025-03-26,2,30.8,24.4,12.7,0.76,2,0,0,normal,none,-0.13365875466425386,0.13365875466425386,0
R02418,P0236,S02,2,Drug_B,55.6,F,2025-06-12,2025-06-18,6,20.6,14.9,10.6,0.62,1,0,0,normal,none,-0.08877659417559941,0.08877659417559941,0
R02419,P0513,S04,1,Drug_B,18.3,F,2025-05-23,2025-05-26,3,14.0,8.7,12.6,0.78,3,0,0,normal,none,-0.011332266588093276,0.011332266588093276,0
R02420,P0070,S08,4,Drug_B,72.8,M,2025-09-12,2025-09-17,5,25.2,24.3,14.1,0.86,2,0,0,normal,none,-0.1064427274870775,0.1064427274870775,0
R02421,P0484,S03,2,Drug_B,48.4,M,2025-02-19,2025-02-25,6,46.8,46.8,15.7,0.73,5,0,0,normal,none,-0.005178793808725879,0.005178793808725879,0
R02422,P0210,S03,4,Drug_B,56.9,M,2025-07-03,2025-07-06,3,19.5,11.4,13.4,0.92,2,0,0,normal,none,-0.10734974623918553,0.10734974623918553,0
R02423,P0165,S06,4,Drug_A,54.3,M,2025-05-11,2025-05-13,2,31.7,23.8,15.6,1.07,3,0,0,normal,none,-0.08273312982782327,0.08273312982782327,0
R02424,P0315,S02,5,Drug_B,56.3,F,2025-06-14,2025-06-17,3,14.7,11.6,10.7,0.85,1,0,0,normal,none,-0.06870368779581826,0.06870368779581826,0
R02425,P0262,S05,2,Drug_A,48.9,M,2025-02-10,2025-02-10,0,42.7,23.4,13.2,1.24,2,0,0,normal,none,-0.05221136348417438,0.05221136348417438,0
R02426,P0118,S08,4,Placebo,21.9,M,2025-06-21,2025-06-24,3,30.7,30.7,16.7,0.94,1,0,0,normal,none,-0.03315035051115961,0.03315035051115961,0
R02427,P0092,S03,2,Drug_B,43.0,F,2025-05-11,2025-05-15,4,26.0,24.4,12.8,0.92,0,0,0,normal,none,-0.106331790199792,0.106331790199792,0
R02428,P0466,S04,5,Placebo,59.2,M,2025-07-21,2025-07-25,4,49.5,56.7,13.9,0.94,6,0,1,ml_multivariate,visit_lab_query_pattern,0.020493879394709813,-0.020493879394709813,1
R02429,P0349,S10,2,Drug_B,47.8,M,2025-05-02,2025-05-06,4,36.0,36.8,15.7,0.85,1,0,0,normal,none,-0.07533139721773091,0.07533139721773091,0
R02430,P0153,S07,3,Placebo,50.5,M,2025-04-11,2025-04-12,1,23.1,11.6,13.7,0.99,2,0,0,normal,none,-0.09077188961019389,0.09077188961019389,0
R02431,P0600,S05,4,Drug_B,70.4,F,2025-04-10,2025-04-12,2,21.3,11.6,11.5,0.62,3,0,0,normal,none,-0.053573378095299884,0.053573378095299884,0
R02432,P0309,S01,2,Drug_B,70.5,F,2025-05-07,2025-05-11,4,9.8,8.0,13.7,0.79,2,0,0,normal,none,-0.06081661549300549,0.06081661549300549,0
R02433,P0351,S10,3,Drug_A,45.4,F,2025-03-08,2025-03-11,3,32.5,20.9,12.7,1.07,3,0,0,normal,none,-0.10625379055401857,0.10625379055401857,0
R02434,P0609,S08,3,Drug_B,27.7,F,2025-04-26,2025-04-30,4,45.5,41.2,13.5,0.85,2,0,0,normal,none,-0.0736858301472873,0.0736858301472873,0
R02435,P0477,S09,5,Drug_B,75.6,F,2025-07-27,2025-07-28,1,17.6,19.7,11.7,1.08,0,0,0,normal,none,-0.02770875146238988,0.02770875146238988,0
R02436,P0578,S08,5,Drug_A,58.0,F,2025-08-03,2025-08-06,3,18.8,23.4,9.9,1.02,2,0,0,normal,none,-0.04936132026676765,0.04936132026676765,0
R02437,P0563,S01,3,Drug_A,54.5,F,2025-07-15,2025-07-17,2,37.0,22.7,13.0,0.94,2,0,0,normal,none,-0.11589342954549159,0.11589342954549159,0
R02438,P0106,S05,3,Drug_A,78.0,F,2025-02-28,2025-03-02,2,14.8,10.4,12.8,0.73,2,1,0,normal,none,0.052759986965273176,-0.052759986965273176,1
R02439,P0144,S10,2,Placebo,31.5,M,2025-03-17,2025-03-21,4,23.4,27.2,14.5,0.89,1,0,0,normal,none,-0.08646498504303213,0.08646498504303213,0
R02440,P0631,S01,2,Drug_B,50.0,M,2025-06-19,2025-06-21,2,26.9,18.6,13.6,1.05,0,0,0,normal,none,-0.0986809527067029,0.0986809527067029,0
R02441,P0365,S07,2,Drug_A,55.7,M,2025-07-07,2025-07-07,0,28.2,22.5,14.7,0.82,0,0,0,normal,none,-0.09590370370409562,0.09590370370409562,0
R02442,P0649,S01,3,Drug_A,56.4,F,2025-05-08,2025-05-09,1,22.1,20.9,14.0,0.9,0,0,0,normal,none,-0.11204475273418663,0.11204475273418663,0
R02443,P0346,S04,2,Drug_A,59.7,M,2025-04-23,2025-04-27,4,29.0,23.1,14.7,0.57,2,0,0,normal,none,-0.09696940641246304,0.09696940641246304,0
R02444,P0529,S10,2,Drug_B,47.7,F,2025-04-10,2025-04-17,7,38.7,27.4,13.3,1.05,2,0,0,normal,none,-0.09650652929035797,0.09650652929035797,0
R02445,P0078,S07,1,Drug_A,24.6,F,2025-03-29,2025-03-29,0,45.6,41.8,10.5,0.83,1,0,0,normal,none,-0.010714044185767435,0.010714044185767435,0
R02446,P0152,S06,5,Drug_A,19.2,F,2025-05-27,2025-05-28,1,42.7,45.8,12.7,0.7,2,0,0,normal,none,-0.004681778735418585,0.004681778735418585,0
R02447,P0611,S03,3,Drug_B,67.6,M,2025-06-02,2025-06-06,4,51.9,38.1,13.3,0.65,4,0,0,normal,none,-0.05170667504197657,0.05170667504197657,0
R02448,P0571,S03,1,Drug_B,67.9,M,2025-02-12,2025-02-17,5,14.0,11.7,13.3,0.75,1,0,0,normal,none,-0.08528332754726076,0.08528332754726076,0
R02449,P0282,S06,4,Drug_A,45.3,M,2025-08-29,2025-09-07,9,37.0,23.2,15.0,0.79,2,0,0,normal,none,-0.08029838702962921,0.08029838702962921,0
R02450,P0618,S08,5,Placebo,71.1,M,2025-05-23,2025-05-29,6,16.5,20.7,13.8,0.92,0,0,0,normal,none,-0.0516596999692045,0.0516596999692045,0
R02451,P0710,S07,3,Drug_B,23.5,F,2025-05-16,2025-05-16,0,36.0,30.4,13.5,0.83,1,0,0,normal,none,-0.07535263138971515,0.07535263138971515,0
R02452,P0516,S08,1,Drug_A,48.1,M,2025-02-15,2025-02-18,3,24.9,22.3,14.2,0.72,2,0,0,normal,none,-0.11298627885688195,0.11298627885688195,0
R02453,P0711,S06,5,Placebo,45.3,M,2025-06-21,2025-06-24,3,22.5,19.0,,0.96,2,0,1,rule_detectable,missing_required_lab:hemoglobin,-0.0591309849997394,0.0591309849997394,0
R02454,P0617,S04,5,Placebo,32.2,F,2025-09-08,2025-09-11,3,37.5,29.0,13.6,0.8,3,1,0,normal,none,0.02862150313841305,-0.02862150313841305,1
R02455,P0366,S09,1,Drug_A,72.3,M,2025-06-16,2025-06-18,2,39.3,17.8,14.4,0.94,4,0,0,normal,none,-0.021471382685359475,0.021471382685359475,0
R02456,P0624,S06,5,Placebo,47.5,M,2025-05-17,2025-05-23,6,43.6,35.0,12.9,1.17,2,0,0,normal,none,-0.067755463461533,0.067755463461533,0
R02457,P0203,S10,5,Placebo,54.7,M,2025-05-23,2025-05-28,5,13.5,10.9,13.1,1.14,3,0,0,normal,none,-0.060500844632281,0.060500844632281,0
R02458,P0130,S07,1,Drug_B,56.5,F,2025-04-03,2025-04-04,1,17.7,11.9,12.4,0.72,2,0,0,normal,none,-0.09441046523166269,0.09441046523166269,0
R02459,P0441,S01,1,Drug_A,45.1,F,2025-02-17,2025-03-02,13,63.2,72.9,12.7,0.87,1,1,0,normal,none,0.12746875644958322,-0.12746875644958322,1
R02460,P0285,S01,3,Drug_A,68.4,M,2025-06-16,2025-06-18,2,27.5,25.7,14.9,0.81,3,0,0,normal,none,-0.09796772018733657,0.09796772018733657,0
R02461,P0349,S10,5,Drug_B,47.3,M,2025-08-22,2025-08-27,5,34.9,44.4,13.0,1.12,2,0,0,normal,none,-0.044184038055842534,0.044184038055842534,0
R02462,P0302,S03,2,Drug_A,45.6,M,2025-06-25,2025-06-26,1,20.1,13.3,13.2,1.21,0,0,0,normal,none,-0.06767332248855717,0.06767332248855717,0
R02463,P0388,S06,2,Drug_A,61.7,M,2025-07-14,2025-07-17,3,16.5,11.5,11.9,1.32,1,1,0,normal,none,0.06414060767175922,-0.06414060767175922,1
R02464,P0063,S05,5,Placebo,44.2,F,2025-07-28,2025-08-03,6,29.6,31.4,13.4,1.25,4,0,0,normal,none,-0.03471320774827863,0.03471320774827863,0
R02465,P0317,S06,3,Drug_A,70.9,F,2025-08-24,2025-08-27,3,42.8,35.5,12.6,0.8,1,0,0,normal,none,-0.09760016803542954,0.09760016803542954,0
R02466,P0013,S03,5,Drug_A,43.2,M,2025-05-01,2025-05-05,4,38.0,36.9,14.1,1.0,1,0,0,normal,none,-0.08303154363904297,0.08303154363904297,0
R02467,P0167,S05,5,Placebo,46.4,F,2025-06-30,2025-07-04,4,25.0,34.3,11.8,0.86,2,0,0,normal,none,-0.07277772391082743,0.07277772391082743,0
R02468,P0587,S09,3,Drug_A,57.6,M,2025-07-30,2025-08-07,8,24.2,15.4,12.0,0.63,0,0,0,normal,none,-0.07506282989136892,0.07506282989136892,0
R02469,P0728,S04,3,Drug_B,46.8,F,2025-07-17,2025-07-19,2,19.0,18.3,12.8,0.88,1,0,0,normal,none,-0.1230677510078308,0.1230677510078308,0
R02470,P0266,S07,4,Placebo,41.8,F,2025-05-01,2025-05-02,1,30.6,25.8,12.3,0.6,7,0,1,ml_multivariate,query_delay_site_pattern,-0.032646035595437495,0.032646035595437495,0
R02471,P0553,S03,2,Drug_B,43.3,F,2025-03-05,2025-03-12,7,26.0,26.9,12.7,0.96,4,0,0,normal,none,-0.08271676464879157,0.08271676464879157,0
R02472,P0427,S08,4,Placebo,51.1,M,2025-04-09,2025-04-14,5,64.2,69.2,10.0,1.25,2,0,1,ml_multivariate,lab_profile,0.05310705058280374,-0.05310705058280374,1
R02473,P0564,S01,4,Drug_A,68.4,M,2025-09-10,2025-09-13,3,19.8,10.4,13.0,1.24,3,0,0,normal,none,-0.03578376342636713,0.03578376342636713,0
R02474,P0058,S09,4,Drug_A,46.6,F,2025-05-21,2025-05-21,0,27.2,23.4,12.9,0.66,2,0,0,normal,none,-0.1142290877510686,0.1142290877510686,0
R02475,P0734,S04,5,Drug_B,48.3,F,2025-09-22,2025-09-22,0,30.3,28.8,14.4,0.57,0,0,0,normal,none,-0.05633792396110482,0.05633792396110482,0
R02476,P0445,S09,1,Placebo,58.9,F,2025-01-11,2025-01-11,0,26.2,26.8,13.9,0.82,2,0,0,normal,none,-0.10280681124781277,0.10280681124781277,0
R02477,P0622,S09,3,Drug_B,50.0,M,2025-04-04,2025-04-04,0,24.5,23.9,12.4,1.05,3,0,0,normal,none,-0.10534234651680058,0.10534234651680058,0
R02478,P0500,S07,1,Drug_B,40.3,F,2025-04-05,2025-04-12,7,28.9,28.7,12.7,1.04,2,0,0,normal,none,-0.09031769559647113,0.09031769559647113,0
R02479,P0496,S04,1,Drug_B,46.2,M,2025-03-12,2025-03-14,2,40.3,31.7,14.6,1.02,1,0,0,normal,none,-0.08694863589235541,0.08694863589235541,0
R02480,P0719,S03,4,Placebo,51.6,F,2025-07-12,2025-07-17,5,24.0,21.1,14.1,0.72,2,0,0,normal,none,-0.12306264080037149,0.12306264080037149,0
R02481,P0230,S01,1,Drug_B,62.1,M,2025-02-21,2025-02-24,3,26.3,23.2,13.6,0.86,1,0,0,normal,none,-0.11148265598149598,0.11148265598149598,0
R02482,P0310,S07,2,Drug_A,57.7,M,2025-06-08,2025-06-08,0,15.0,13.8,11.4,0.93,2,0,0,normal,none,-0.08864113642837806,0.08864113642837806,0
R02483,P0232,S02,2,Drug_A,46.6,F,2025-05-05,2025-05-10,5,27.0,24.8,13.3,0.64,1,0,0,normal,none,-0.11623754820612381,0.11623754820612381,0
R02484,P0517,S10,1,Placebo,34.7,F,2025-05-18,2025-05-22,4,30.4,30.9,13.6,0.48,4,0,0,normal,none,-0.03846744289715215,0.03846744289715215,0
R02485,P0348,S06,5,Drug_B,47.0,F,2025-06-29,2025-07-02,3,23.2,22.3,14.6,1.12,4,0,0,normal,none,-0.07141908660330082,0.07141908660330082,0
R02486,P0140,S07,5,Drug_A,57.1,M,2025-07-15,2025-07-16,1,17.7,15.6,14.6,0.66,4,0,0,normal,none,-0.06791311309723808,0.06791311309723808,0
R02487,P0280,S07,3,Drug_B,57.5,F,2025-07-21,2025-07-20,-1,21.9,19.2,14.3,0.45,3,0,1,rule_detectable,date_inconsistency,-0.06647437002585249,0.06647437002585249,0
R02488,P0148,S03,3,Placebo,41.6,F,2025-05-12,2025-05-18,6,17.0,8.0,12.4,0.88,3,0,0,normal,none,-0.05852007901181688,0.05852007901181688,0
R02489,P0129,S10,3,Placebo,38.6,M,2025-04-09,2025-04-18,9,22.2,17.2,13.7,0.92,1,0,0,normal,none,-0.09745823143670507,0.09745823143670507,0
R02490,P0292,S10,3,Drug_B,51.4,M,2025-02-26,2025-03-03,5,33.9,27.2,11.6,1.01,4,0,0,normal,none,-0.09261462127460707,0.09261462127460707,0
R02491,P0146,S05,4,Drug_A,41.9,M,2025-05-21,2025-05-30,9,45.9,32.7,12.3,1.23,4,0,0,normal,none,-0.011341237208306987,0.011341237208306987,0
R02492,P0673,S01,4,Drug_A,62.7,F,2025-06-26,2025-06-27,1,45.3,21.8,11.8,0.61,1,0,0,normal,none,-0.04888701238255988,0.04888701238255988,0
R02493,P0046,S04,4,Drug_A,73.1,M,2025-09-10,2025-09-14,4,25.4,18.4,13.9,0.9,2,0,0,normal,none,-0.10743687655051731,0.10743687655051731,0
R02494,P0244,S09,2,Drug_A,36.5,M,2025-05-26,2025-05-26,0,17.6,11.9,14.0,0.94,3,0,0,normal,none,-0.08210605772504403,0.08210605772504403,0
R02495,P0076,S10,2,Placebo,21.3,M,2025-05-02,2025-05-10,8,25.3,11.9,13.0,1.26,4,0,0,normal,none,0.030544383907495032,-0.030544383907495032,1
R02496,P0464,S05,4,Drug_B,56.3,M,2025-04-06,2025-04-08,2,24.0,20.0,11.9,0.85,2,0,0,normal,none,-0.12190323339037107,0.12190323339037107,0
R02497,P0317,S06,1,Drug_A,50.0,F,2025-03-21,2025-03-24,3,24.7,22.6,14.9,1.06,2,0,0,normal,none,-0.09156905982455882,0.09156905982455882,0
R02498,P0648,S09,2,Placebo,74.0,F,2025-02-02,2025-02-03,1,24.1,22.3,15.4,0.85,2,0,0,normal,none,-0.08220695909317777,0.08220695909317777,0
R02499,P0252,S03,5,Drug_B,81.3,M,2025-05-23,2025-05-29,6,19.0,13.5,13.1,0.89,1,0,0,normal,none,-0.05499130784086259,0.05499130784086259,0
R02500,P0038,S02,1,Placebo,54.3,M,2025-02-01,2025-02-03,2,37.5,37.6,15.1,1.08,2,0,0,normal,none,-0.06113753927745286,0.06113753927745286,0
R02501,P0164,S08,2,Drug_A,73.2,M,2025-03-26,2025-03-27,1,19.5,18.7,13.6,1.02,3,0,0,normal,none,-0.09089867071492824,0.09089867071492824,0
R02502,P0657,S03,5,Drug_A,51.8,F,2025-10-12,2025-10-24,12,58.9,56.9,11.0,0.97,1,1,0,normal,none,0.11014704160918487,-0.11014704160918487,1
R02503,P0567,S01,5,Drug_B,60.1,F,2025-05-06,2025-05-10,4,33.9,30.9,14.5,0.89,1,0,0,normal,none,-0.09166138480443153,0.09166138480443153,0
R02504,P0506,S09,3,Drug_B,52.2,F,2025-03-08,2025-03-08,0,14.7,16.4,11.3,0.9,2,0,0,normal,none,-0.08702509318724788,0.08702509318724788,0
R02505,P0198,S05,2,Drug_A,59.5,F,2025-06-26,2025-06-27,1,22.7,12.7,12.9,0.61,2,0,0,normal,none,-0.0932245318760544,0.0932245318760544,0
R02506,P0668,S03,2,Drug_B,79.2,F,2025-07-06,2025-07-08,2,22.6,22.7,11.1,0.59,0,0,0,normal,none,-0.04750354098097542,0.04750354098097542,0
R02507,P0044,S01,4,Drug_A,44.3,M,2025-07-02,2025-07-08,6,48.7,44.9,14.8,0.99,1,0,0,normal,none,-0.05890352950733169,0.05890352950733169,0
R02508,P0066,S02,1,Placebo,64.9,F,2025-06-15,2025-06-20,5,21.1,14.8,11.9,0.93,2,0,0,normal,none,-0.09445199502844503,0.09445199502844503,0
R02509,P0211,S04,1,Drug_B,52.0,F,2025-02-23,2025-03-01,6,25.9,22.9,13.0,0.91,1,0,0,normal,none,-0.11552366827339644,0.11552366827339644,0
R02510,P0347,S04,2,Drug_A,46.5,M,2025-03-18,2025-03-19,1,28.5,22.4,14.3,0.9,2,0,0,normal,none,-0.12330521356161889,0.12330521356161889,0
R02511,P0112,S06,2,Drug_B,49.8,M,2025-02-04,2025-02-09,5,25.8,8.0,13.3,0.95,4,0,0,normal,none,-0.0058027066383384285,0.0058027066383384285,0
R02512,P0304,S04,4,Placebo,55.2,F,2025-07-02,2025-07-07,5,,29.8,12.4,0.65,9,0,1,both_detectable,missing_plus_queries,0.07890299151852576,-0.07890299151852576,1
R02513,P0660,S07,2,Drug_A,18.0,M,2025-06-16,2025-06-16,0,40.5,29.6,15.9,0.97,2,1,0,normal,none,0.09224475248683539,-0.09224475248683539,1
R02514,P0684,S10,5,Drug_A,39.4,F,2025-05-10,2025-05-16,6,35.4,31.0,14.1,0.91,6,0,0,normal,none,-0.03917508796707431,0.03917508796707431,0
R02515,P0041,S06,5,Placebo,18.0,F,2025-06-13,2025-06-19,6,18.7,20.8,12.0,0.57,0,0,0,normal,none,-0.005108246907900571,0.005108246907900571,0
R02516,P0223,S06,1,Drug_B,34.0,F,2025-05-12,2025-05-17,5,23.8,15.2,13.8,0.71,0,0,0,normal,none,-0.06231741918725131,0.06231741918725131,0
R02517,P0485,S09,3,Drug_B,71.6,M,2025-05-22,2025-05-25,3,26.5,21.4,14.3,1.17,1,0,0,normal,none,-0.09109280894596317,0.09109280894596317,0
R02518,P0472,S06,4,Drug_A,48.5,M,2025-08-19,2025-08-21,2,21.8,16.9,13.6,0.87,1,0,0,normal,none,-0.12394007422375375,0.12394007422375375,0
R02519,P0662,S10,1,Placebo,74.9,M,2025-03-11,2025-03-15,4,25.1,17.9,12.2,0.78,2,0,0,normal,none,-0.09120125910113891,0.09120125910113891,0
R02520,P0691,S09,1,Drug_B,38.0,M,2025-03-04,2025-03-04,0,32.8,19.8,13.6,0.85,2,0,0,normal,none,-0.08621235570560976,0.08621235570560976,0
R02521,P0465,S08,3,Placebo,45.0,F,2025-04-04,2025-04-04,0,27.0,21.3,11.7,0.56,1,0,0,normal,none,-0.09839256977964084,0.09839256977964084,0
R02522,P0580,S03,2,Drug_A,43.0,M,2025-06-04,2025-06-11,7,15.4,12.2,11.8,1.01,2,0,0,normal,none,-0.07931995709434259,0.07931995709434259,0
R02523,P0381,S10,4,Drug_B,46.5,M,2025-06-12,2025-06-15,3,22.6,17.4,15.3,0.99,1,0,0,normal,none,-0.09755426309912402,0.09755426309912402,0
R02524,P0630,S07,3,Drug_A,43.1,F,2025-06-02,2025-06-06,4,43.2,35.7,13.3,0.81,0,0,0,normal,none,-0.09855932960134856,0.09855932960134856,0
R02525,P0296,S10,4,Drug_B,56.8,F,2025-04-25,2025-04-27,2,19.2,9.5,14.2,0.45,2,0,0,normal,none,-0.04034850592159295,0.04034850592159295,0
R02526,P0678,S09,2,Drug_B,60.6,F,2025-02-09,2025-02-12,3,29.9,19.3,12.3,0.92,1,0,0,normal,none,-0.11858786429423684,0.11858786429423684,0
R02527,P0430,S05,1,Drug_A,34.2,F,2025-02-19,2025-02-21,2,27.4,21.7,11.9,0.9,3,0,0,normal,none,-0.08667062441590012,0.08667062441590012,0
R02528,P0055,S07,4,Drug_B,47.8,F,2025-07-25,2025-07-26,1,12.7,8.0,13.2,0.93,1,0,0,normal,none,-0.07762742831903241,0.07762742831903241,0
R02529,P0578,S08,3,Drug_B,53.2,M,2025-07-04,2025-07-06,2,47.0,42.7,13.4,0.97,2,0,0,normal,none,-0.09475780625940122,0.09475780625940122,0
R02530,P0147,S06,3,Drug_B,53.6,F,2025-05-31,2025-06-02,2,36.6,24.6,13.1,1.09,2,0,0,normal,none,-0.10627145543242633,0.10627145543242633,0
R02531,P0182,S09,3,Drug_A,44.3,F,2025-03-20,2025-03-23,3,36.5,29.8,12.6,0.86,0,0,0,normal,none,-0.10875618967962702,0.10875618967962702,0
R02532,P0284,S08,4,Placebo,61.8,F,2025-05-18,2025-05-20,2,17.6,14.7,10.9,1.03,4,0,0,normal,none,-0.056928819674037234,0.056928819674037234,0
R02533,P0277,S01,1,Placebo,58.5,F,2025-02-23,2025-02-27,4,31.9,20.2,13.1,0.84,4,0,0,normal,none,-0.08108563622395892,0.08108563622395892,0
R02534,P0508,S08,3,Drug_A,53.2,F,2025-08-16,2025-08-23,7,31.7,25.3,13.8,0.91,2,0,0,normal,none,-0.12012902570184314,0.12012902570184314,0
R02535,P0383,S05,1,Drug_A,37.5,F,2025-06-25,2025-06-28,3,46.2,54.5,13.1,0.45,2,0,0,normal,none,0.003953217311365775,-0.003953217311365775,1
R02536,P0622,S09,4,Placebo,52.9,M,2025-07-27,2025-07-27,0,24.1,27.1,14.4,1.04,1,0,0,normal,none,-0.09160613313795968,0.09160613313795968,0
R02537,P0713,S07,2,Drug_B,51.3,M,2025-02-03,2025-02-03,0,29.1,24.8,15.2,1.1,2,0,0,normal,none,-0.08976486423192698,0.08976486423192698,0
R02538,P0061,S10,3,Drug_B,54.4,F,2025-04-01,2025-04-04,3,35.5,24.0,12.8,0.82,2,0,0,normal,none,-0.12562646417728118,0.12562646417728118,0
R02539,P0017,S03,2,Drug_A,59.6,F,2025-04-21,2025-04-25,4,46.8,41.7,13.0,0.73,2,0,0,normal,none,-0.08989220907758433,0.08989220907758433,0
R02540,P0243,S07,5,Drug_B,46.0,M,2025-08-18,2025-08-19,1,52.8,43.4,14.8,1.26,4,1,0,normal,none,0.09169941549463645,-0.09169941549463645,1
R02541,P0404,S02,2,Drug_B,52.6,M,2025-05-16,2025-05-23,7,32.0,15.7,14.2,0.97,2,0,0,normal,none,-0.08045421374305112,0.08045421374305112,0
R02542,P0343,S07,2,Placebo,65.5,M,2025-04-04,2025-04-04,0,27.6,28.5,12.2,0.85,1,0,0,normal,none,-0.10514697544683971,0.10514697544683971,0
R02543,P0658,S08,4,Placebo,55.3,M,2025-07-25,2025-07-26,1,35.3,15.2,15.4,0.75,3,0,0,normal,none,-0.03762982188442354,0.03762982188442354,0
R02544,P0047,S01,1,Drug_B,76.9,F,2025-03-15,2025-03-20,5,21.3,16.7,14.1,1.13,2,0,0,normal,none,-0.06012671385780094,0.06012671385780094,0
R02545,P0547,S07,1,Drug_B,84.3,M,2025-01-24,2025-01-31,7,24.9,26.2,12.1,0.7,0,0,0,normal,none,-0.034912052875902155,0.034912052875902155,0
R02546,P0084,S10,1,Drug_A,50.0,M,2024-12-31,2025-01-02,2,31.7,20.2,11.9,0.69,5,0,0,normal,none,-0.05672340630569245,0.05672340630569245,0
R02547,P0103,S06,3,Drug_A,62.9,M,2025-04-08,2025-04-11,3,19.4,12.5,13.3,0.46,0,0,0,normal,none,-0.06361997744128162,0.06361997744128162,0
R02548,P0458,S10,4,Drug_B,55.8,M,2025-06-15,2025-06-19,4,21.9,9.8,14.0,0.82,1,0,0,normal,none,-0.07268257421678431,0.07268257421678431,0
R02549,P0385,S05,3,Placebo,76.7,M,2025-07-21,2025-07-25,4,22.1,16.4,14.1,0.77,4,0,0,normal,none,-0.07834937893820076,0.07834937893820076,0
R02550,P0158,S08,5,Drug_A,34.0,F,2025-09-10,2025-09-10,0,20.6,14.0,14.0,1.03,2,0,0,normal,none,-0.07006221912048655,0.07006221912048655,0
R02551,P0718,S04,3,Drug_A,68.0,F,2025-05-08,2025-05-12,4,25.5,22.2,11.0,0.63,2,0,0,normal,none,-0.09446720462110642,0.09446720462110642,0
R02552,P0725,S03,1,Placebo,72.1,M,2025-04-25,2025-04-28,3,29.7,17.2,12.8,0.88,1,0,0,normal,none,-0.09313874901071006,0.09313874901071006,0
R02553,P0510,S01,4,Placebo,44.8,F,2025-09-13,2025-09-19,6,18.6,12.3,11.2,0.48,1,0,0,normal,none,-0.06118563582302683,0.06118563582302683,0
R02554,P0428,S01,5,Drug_A,82.8,F,2025-09-29,2025-10-05,6,28.6,27.3,15.2,0.65,2,0,0,normal,none,-0.025515824528760167,0.025515824528760167,0
R02555,P0358,S01,3,Drug_B,59.7,M,2025-03-13,2025-03-14,1,22.5,21.5,15.5,0.74,4,0,0,normal,none,-0.08773018858700032,0.08773018858700032,0
R02556,P0524,S05,4,Drug_B,41.0,F,2025-08-22,2025-08-23,1,24.7,17.7,15.3,0.71,1,0,0,normal,none,-0.08726996194587516,0.08726996194587516,0
R02557,P0013,S03,2,Drug_A,67.2,F,2025-05-23,2025-05-29,6,28.9,17.9,13.3,0.87,3,0,0,normal,none,-0.10017765046105959,0.10017765046105959,0
R02558,P0355,S08,3,Placebo,56.7,F,2025-07-06,2025-07-09,3,45.7,45.9,11.2,0.49,0,0,0,normal,none,-0.034421818547570926,0.034421818547570926,0
R02559,P0028,S10,5,Placebo,56.0,F,2025-05-13,2025-05-19,6,19.2,15.5,12.5,0.72,0,0,0,normal,none,-0.08173126697564631,0.08173126697564631,0
R02560,P0353,S05,3,Drug_A,61.1,F,2025-08-10,2025-08-12,2,50.0,42.8,13.9,0.69,0,0,0,normal,none,-0.0638799260725938,0.0638799260725938,0
R02561,P0629,S08,3,Drug_A,57.1,F,2025-04-08,2025-04-11,3,21.6,19.6,12.8,0.99,2,0,0,normal,none,-0.1274276278186534,0.1274276278186534,0
R02562,P0407,S04,3,Drug_B,22.6,M,2025-07-25,2025-07-27,2,29.4,22.1,13.3,0.67,1,0,0,normal,none,-0.08277028206617432,0.08277028206617432,0
R02563,P0731,S05,2,Placebo,62.6,M,2025-03-25,2025-03-26,1,23.2,22.8,14.4,0.78,0,0,0,normal,none,-0.09653003176711328,0.09653003176711328,0
R02564,P0250,S06,2,Placebo,62.7,F,2025-01-29,2025-01-31,2,34.8,22.8,13.7,0.71,1,0,0,normal,none,-0.1061797377113275,0.1061797377113275,0
R02565,P0317,S06,1,Drug_A,64.8,F,2025-06-03,2025-06-06,3,38.2,24.3,13.2,0.66,4,0,0,normal,none,-0.06505215055300634,0.06505215055300634,0
R02566,P0333,S01,5,Drug_B,38.3,M,2025-09-07,2025-09-09,2,36.3,31.2,13.0,0.51,1,0,0,normal,none,-0.0704556979426802,0.0704556979426802,0
R02567,P0698,S02,2,Drug_A,49.3,F,2025-02-25,2025-02-28,3,29.4,24.5,11.0,0.62,1,0,0,normal,none,-0.10391832444225063,0.10391832444225063,0
R02568,P0222,S03,2,Drug_B,50.0,F,2025-02-21,2025-02-24,3,19.1,21.5,12.4,0.73,2,0,0,normal,none,-0.11745937869452178,0.11745937869452178,0
R02569,P0018,S03,5,Placebo,65.5,F,2025-05-08,2025-05-09,1,30.0,32.0,14.3,0.86,0,0,0,normal,none,-0.0677182929373017,0.0677182929373017,0
R02570,P0234,S07,4,Placebo,69.1,F,2025-05-26,2025-05-28,2,31.4,27.8,15.0,1.16,2,0,0,normal,none,-0.07675929058797559,0.07675929058797559,0
R02571,P0103,S06,1,Drug_B,77.5,F,2025-03-16,2025-03-20,4,25.2,15.5,13.4,1.1,5,0,0,normal,none,-0.023263902348038157,0.023263902348038157,0
R02572,P0095,S02,2,Placebo,76.1,M,2025-04-25,2025-05-01,6,31.8,30.7,12.9,1.05,3,0,0,normal,none,-0.07166715786620903,0.07166715786620903,0
R02573,P0473,S02,2,Drug_B,49.4,M,2025-05-13,2025-05-20,7,16.1,12.8,14.7,0.95,1,0,0,normal,none,-0.08483343209239702,0.08483343209239702,0
R02574,P0472,S06,5,Drug_B,44.7,F,2025-05-13,2025-05-18,5,22.3,10.9,13.0,0.9,2,0,0,normal,none,-0.07526098944693882,0.07526098944693882,0
R02575,P0727,S07,3,Drug_B,35.6,M,2025-07-10,2025-07-10,0,22.3,18.1,12.8,0.86,1,0,0,normal,none,-0.11159417550934186,0.11159417550934186,0
R02576,P0271,S01,4,Drug_A,43.5,M,2025-06-15,2025-06-17,2,23.7,18.6,13.5,1.06,0,0,0,normal,none,-0.09833462831963896,0.09833462831963896,0
R02577,P0598,S07,4,Placebo,58.2,F,2025-07-22,2025-07-25,3,17.9,9.6,12.1,0.95,0,0,0,normal,none,-0.07007750106538557,0.07007750106538557,0
R02578,P0094,S10,1,Placebo,51.7,F,2025-02-21,2025-02-23,2,60.5,53.7,13.3,1.13,2,0,0,normal,none,-0.00606990604178409,0.00606990604178409,0
R02579,P0665,S05,1,Drug_A,62.1,F,2025-06-25,2025-07-05,10,19.0,15.8,12.3,1.02,1,0,0,normal,none,-0.06981991766652318,0.06981991766652318,0
R02580,P0743,S04,3,Drug_B,71.0,M,2025-05-02,2025-05-05,3,30.6,23.5,14.2,1.05,2,0,0,normal,none,-0.10663052213454416,0.10663052213454416,0
R02581,P0215,S05,4,Drug_B,27.9,F,2025-06-16,2025-06-19,3,30.2,23.9,13.8,0.65,4,0,0,normal,none,-0.07543001595897025,0.07543001595897025,0
R02582,P0248,S02,3,Placebo,50.2,M,2025-07-13,2025-07-16,3,56.4,67.2,12.3,0.88,4,0,0,normal,none,0.0017372696672574017,-0.0017372696672574017,1
R02583,P0628,S04,5,Drug_A,40.8,F,2025-08-11,2025-08-11,0,26.4,32.1,11.3,0.48,2,0,0,normal,none,-0.029568137066494138,0.029568137066494138,0
R02584,P0278,S10,3,Drug_A,42.4,F,2025-07-18,2025-07-24,6,32.5,27.8,11.4,0.92,4,0,0,normal,none,-0.09249878877918499,0.09249878877918499,0
R02585,P0095,S02,1,Drug_A,53.1,F,2025-01-01,2025-01-06,5,22.2,20.9,12.0,0.76,0,1,0,normal,none,0.01397295738280091,-0.01397295738280091,1
R02586,P0262,S05,4,Drug_B,51.0,F,2025-09-03,2025-09-14,11,20.2,18.6,14.7,0.71,2,0,0,normal,none,-0.08297566553166846,0.08297566553166846,0
R02587,P0564,S01,1,Drug_A,44.9,M,2025-06-10,2025-06-11,1,21.0,15.0,11.4,0.88,2,0,0,normal,none,-0.08972850246105407,0.08972850246105407,0
R02588,P0479,S02,1,Drug_A,70.8,M,2025-01-08,2025-01-10,2,47.4,36.4,12.2,1.16,2,0,0,normal,none,-0.035624060395932244,0.035624060395932244,0
R02589,P0722,S06,5,Drug_B,71.1,M,2025-05-11,2025-05-18,7,21.6,12.2,13.0,1.01,1,0,0,normal,none,-0.0542629185359057,0.0542629185359057,0
R02590,P0031,S07,1,Placebo,45.7,M,2025-01-05,2025-01-05,0,18.4,16.5,13.1,0.95,0,0,0,normal,none,-0.08386759470742738,0.08386759470742738,0
R02591,P0717,S01,5,Drug_B,44.2,F,2025-06-03,2025-05-01,-33,31.6,28.1,12.3,0.77,1,0,1,rule_detectable,invalid_visit_sequence,-0.043453306058733876,0.043453306058733876,0
R02592,P0165,S06,5,Drug_A,41.4,F,2025-10-10,2025-10-12,2,17.0,10.8,12.4,0.75,2,0,0,normal,none,-0.07858304559606422,0.07858304559606422,0
R02593,P0445,S09,2,Drug_A,27.5,M,2025-05-20,2025-05-23,3,36.7,26.6,15.2,0.91,1,0,0,normal,none,-0.06376325810044131,0.06376325810044131,0
R02594,P0488,S08,1,Placebo,70.1,F,2025-06-08,2025-06-10,2,46.8,55.1,11.3,0.55,2,0,0,normal,none,0.009210237454469916,-0.009210237454469916,1
R02595,P0646,S08,1,Drug_B,65.0,F,2025-01-15,2025-01-20,5,20.9,14.9,13.2,0.86,1,0,0,normal,none,-0.1054498565355898,0.1054498565355898,0
R02596,P0639,S05,1,Placebo,47.0,M,2025-01-25,2025-01-29,4,18.7,14.1,13.6,0.89,1,0,0,normal,none,-0.10853509440393233,0.10853509440393233,0
R02597,P0417,S08,1,Drug_B,51.0,M,2025-03-31,2025-04-01,1,23.9,19.3,13.0,0.77,2,0,0,normal,none,-0.11900569875738848,0.11900569875738848,0
R02598,P0598,S07,4,Drug_A,38.5,F,2025-06-25,2025-06-25,0,35.9,39.4,12.4,0.74,0,0,0,normal,none,-0.06512236739834226,0.06512236739834226,0
R02599,P0051,S07,4,Placebo,54.6,M,2025-05-28,2025-05-31,3,43.5,35.5,15.0,1.03,0,0,0,normal,none,-0.07233181755015816,0.07233181755015816,0
R02600,P0018,S03,2,Placebo,62.7,F,2025-02-08,2025-02-12,4,15.2,11.0,12.8,1.1,2,0,0,normal,none,-0.08341957810120765,0.08341957810120765,0
R02601,P0422,S02,3,Drug_A,36.1,F,2025-05-28,2025-06-08,11,21.5,13.7,13.3,0.52,1,0,0,normal,none,-0.050404508096291045,0.050404508096291045,0
R02602,P0455,S08,1,Drug_B,18.3,F,2025-02-06,2025-02-11,5,26.3,22.0,13.3,0.81,3,0,0,normal,none,-0.056721122131164925,0.056721122131164925,0
R02603,P0112,S06,1,Drug_A,46.9,F,2025-01-27,2025-02-07,11,21.4,10.7,11.3,0.55,1,0,0,normal,none,-0.016164850229877237,0.016164850229877237,0
R02604,P0143,S08,1,Drug_B,38.0,F,2025-04-20,2025-04-23,3,20.8,10.3,13.3,0.53,3,0,0,normal,none,-0.028943081966684714,0.028943081966684714,0
R02605,P0116,S02,3,Placebo,63.2,F,2025-05-14,2025-05-18,4,36.2,27.5,11.9,1.24,4,0,0,normal,none,-0.05280153630199358,0.05280153630199358,0
R02606,P0172,S04,1,Drug_B,46.5,F,2025-04-09,2025-04-09,0,27.8,26.4,12.7,0.83,0,0,0,normal,none,-0.0928631048841711,0.0928631048841711,0
R02607,P0717,S01,1,Drug_A,48.2,M,2025-05-27,2025-05-31,4,32.1,23.0,14.0,0.95,0,0,0,normal,none,-0.09205047360798785,0.09205047360798785,0
R02608,P0319,S04,3,Drug_B,35.9,F,2025-06-12,2025-06-14,2,20.8,22.2,12.9,0.72,9,0,1,ml_multivariate,query_delay_site_pattern,-0.032092652011028455,0.032092652011028455,0
R02609,P0061,S10,1,Drug_A,44.9,F,2025-01-26,2025-02-01,6,10.9,17.0,10.5,0.64,3,0,0,normal,none,-0.01911839184584946,0.01911839184584946,0
R02610,P0279,S02,5,Drug_A,53.1,M,2025-08-26,2025-09-01,6,43.1,41.8,12.8,0.83,1,0,0,normal,none,-0.07948711436070888,0.07948711436070888,0
R02611,P0317,S06,4,Placebo,75.5,F,2025-04-11,2025-04-10,-1,26.4,17.8,12.0,0.96,6,0,1,both_detectable,date_plus_queries,-0.02756638230865177,0.02756638230865177,0
R02612,P0642,S08,2,Drug_A,80.1,M,2025-02-19,2025-02-22,3,28.9,20.3,12.8,0.61,3,0,0,normal,none,-0.07739746496064409,0.07739746496064409,0
R02613,P0138,S03,2,Drug_A,44.0,F,2025-04-22,2025-04-24,2,16.2,13.1,11.5,0.75,3,0,0,normal,none,-0.09316116518885897,0.09316116518885897,0
R02614,P0536,S10,1,Drug_A,66.5,M,2025-01-25,2025-01-28,3,26.6,20.4,13.6,0.93,3,0,0,normal,none,-0.10095790148189437,0.10095790148189437,0
R02615,P0387,S07,3,Placebo,39.5,M,2025-05-17,2025-05-22,5,33.3,33.0,14.9,1.01,2,0,0,normal,none,-0.09608467221908124,0.09608467221908124,0
R02616,P0239,S06,2,Drug_B,61.6,F,2025-06-11,2025-06-15,4,20.6,9.2,12.0,0.9,2,0,0,normal,none,-0.07166654680928441,0.07166654680928441,0
R02617,P0165,S06,2,Drug_A,51.4,M,2025-05-03,2025-05-06,3,18.3,13.8,14.4,0.9,2,0,0,normal,none,-0.11176336494511285,0.11176336494511285,0
R02618,P0081,S06,5,Drug_A,43.5,M,2025-09-08,2025-09-14,6,19.3,17.3,13.4,0.76,2,0,0,normal,none,-0.09858946445333144,0.09858946445333144,0
R02619,P0475,S01,2,Drug_B,64.8,F,2025-05-25,2025-05-29,4,26.1,30.7,12.0,0.72,0,0,0,normal,none,-0.08323961578491273,0.08323961578491273,0
R02620,P0351,S10,2,Placebo,52.5,F,2025-06-10,2025-06-14,4,19.1,15.0,15.1,0.58,3,0,0,normal,none,-0.0756946284109038,0.0756946284109038,0
R02621,P0494,S10,4,Drug_B,39.7,M,2025-07-21,2025-07-31,10,27.0,23.8,15.1,0.93,2,0,0,normal,none,-0.08428119040990523,0.08428119040990523,0
R02622,P0592,S03,2,Drug_A,53.0,F,2025-03-03,2025-03-06,3,30.8,13.3,15.7,0.8,2,0,0,normal,none,-0.05252165740335718,0.05252165740335718,0
R02623,P0163,S01,3,Placebo,50.9,M,2025-07-23,2025-07-27,4,26.2,36.2,11.4,0.85,4,0,0,normal,none,-0.06994815077108696,0.06994815077108696,0
R02624,P0442,S08,3,Drug_A,45.6,F,2025-05-14,2025-05-22,8,26.0,20.9,12.9,0.86,6,0,0,normal,none,-0.06291571605813767,0.06291571605813767,0
R02625,P0719,S03,4,Drug_B,50.9,F,2025-05-12,2025-05-20,8,25.3,19.0,12.5,0.75,2,0,0,normal,none,-0.1074768445415501,0.1074768445415501,0
R02626,P0319,S04,3,Placebo,46.1,F,2025-05-20,2025-05-20,0,26.5,19.4,12.3,0.7,2,0,0,normal,none,-0.12097093680023807,0.12097093680023807,0
R02627,P0050,S03,2,Placebo,47.0,F,2025-05-03,2025-05-05,2,20.4,20.8,11.7,0.86,2,0,0,normal,none,-0.11600393191956754,0.11600393191956754,0
R02628,P0229,S04,4,Drug_B,43.4,F,2025-06-26,2025-06-30,4,32.1,38.1,12.4,1.09,2,0,0,normal,none,-0.07859638976412514,0.07859638976412514,0
R02629,P0196,S04,5,Drug_A,40.7,F,2025-09-13,2025-09-18,5,16.8,9.7,13.4,0.82,4,0,0,normal,none,-0.05262406405231612,0.05262406405231612,0
R02630,P0744,S07,1,Placebo,79.9,M,2025-02-09,2025-02-09,0,26.9,28.4,14.8,0.9,2,0,0,normal,none,-0.05591633652483813,0.05591633652483813,0
R02631,P0369,S02,5,Placebo,41.6,F,2025-09-19,2025-09-23,4,37.7,34.6,12.0,0.79,2,0,0,normal,none,-0.0920353773332464,0.0920353773332464,0
R02632,P0478,S07,4,Drug_A,40.9,F,2025-08-25,2025-08-28,3,30.5,26.0,14.1,0.74,1,0,0,normal,none,-0.11782483479797207,0.11782483479797207,0
R02633,P0641,S02,1,Drug_A,42.0,F,2025-04-21,2025-04-25,4,19.7,21.5,13.8,0.62,0,0,0,normal,none,-0.07106892002050424,0.07106892002050424,0
R02634,P0517,S10,4,Drug_B,65.2,F,2025-06-13,2025-06-17,4,30.0,18.8,13.0,0.8,1,0,0,normal,none,-0.11265811557803335,0.11265811557803335,0
R02635,P0107,S09,5,Drug_A,38.8,M,2025-09-21,2025-09-23,2,21.5,17.7,14.7,0.83,2,0,0,normal,none,-0.09197738412063777,0.09197738412063777,0
R02636,P0352,S06,1,Drug_B,67.4,M,2025-01-08,2025-01-16,8,27.5,24.4,14.3,0.93,1,0,0,normal,none,-0.08437934181381734,0.08437934181381734,0
R02637,P0521,S08,5,Placebo,73.6,F,2025-08-09,2025-08-11,2,16.2,21.5,14.6,0.63,3,0,0,normal,none,-0.025657798263075793,0.025657798263075793,0
R02638,P0457,S05,3,Placebo,66.7,F,2025-05-16,2025-05-16,0,22.4,18.4,14.4,0.77,1,0,0,normal,none,-0.10702663497951481,0.10702663497951481,0
R02639,P0592,S03,1,Drug_A,64.4,M,2025-06-18,2025-06-24,6,18.0,17.1,13.7,0.84,1,0,0,normal,none,-0.09296019739561634,0.09296019739561634,0
R02640,P0581,S02,3,Placebo,54.7,M,2025-05-19,2025-05-22,3,32.2,25.1,12.7,0.98,1,0,0,normal,none,-0.12470289712782268,0.12470289712782268,0
R02641,P0477,S09,3,Drug_A,51.4,M,2025-03-06,2025-03-06,0,23.0,18.4,13.4,0.78,1,0,0,normal,none,-0.1264889909083476,0.1264889909083476,0
R02642,P0106,S05,3,Drug_A,58.3,M,2025-04-10,2025-04-11,1,22.8,16.1,13.5,0.91,1,0,0,normal,none,-0.12398516141843674,0.12398516141843674,0
R02643,P0736,S06,2,Drug_B,63.7,M,2025-04-11,2025-04-12,1,26.8,28.0,13.4,0.82,1,0,0,normal,none,-0.11112678314557661,0.11112678314557661,0
R02644,P0248,S02,4,Drug_A,39.6,F,2025-05-24,2025-05-30,6,43.1,43.9,12.3,0.83,2,0,0,normal,none,-0.0849149693250969,0.0849149693250969,0
R02645,P0535,S08,3,Placebo,28.2,M,2025-06-14,2025-06-26,12,29.2,29.0,14.0,0.94,1,0,1,rule_detectable,duplicate_record,-0.06393837645756373,0.06393837645756373,0
R02646,P0028,S10,3,Drug_B,25.1,F,2025-04-04,2025-04-07,3,41.2,32.8,12.3,0.57,2,0,0,normal,none,-0.05745617378591339,0.05745617378591339,0
R02647,P0206,S10,1,Placebo,70.6,M,2025-01-20,2025-01-24,4,18.0,15.2,15.7,0.88,1,0,0,normal,none,-0.060390967826366104,0.060390967826366104,0
R02648,P0388,S06,5,Drug_B,42.0,F,2025-10-17,2025-10-23,6,13.1,8.5,11.2,0.81,1,0,0,normal,none,-0.039050385777407715,0.039050385777407715,0
R02649,P0055,S07,1,Drug_B,59.0,F,2025-01-10,2025-01-10,0,26.7,36.6,14.9,0.54,1,1,0,normal,none,0.0705775454789519,-0.0705775454789519,1
R02650,P0293,S01,3,Drug_B,40.7,M,2025-07-12,2025-07-25,13,48.3,25.2,12.4,1.2,3,0,0,normal,none,0.001500468377697739,-0.001500468377697739,1
R02651,P0222,S03,4,Drug_A,42.2,M,2025-04-30,2025-05-05,5,26.9,24.7,14.0,1.16,2,0,0,normal,none,-0.10215200843585837,0.10215200843585837,0
R02652,P0658,S08,1,Drug_A,68.0,M,2025-04-30,2025-04-29,-1,37.9,26.9,12.8,0.7,9,0,1,both_detectable,date_plus_queries,0.01141607093137964,-0.01141607093137964,1
R02653,P0254,S04,5,Drug_B,31.4,F,2025-09-29,2025-09-29,0,21.8,25.3,13.1,0.83,1,0,0,normal,none,-0.06858903130301652,0.06858903130301652,0
R02654,P0401,S08,5,Drug_B,45.4,F,2025-04-26,2025-04-28,2,25.3,20.9,12.5,0.68,1,0,0,normal,none,-0.10293625238086318,0.10293625238086318,0
R02655,P0236,S02,4,Drug_B,52.5,M,2025-04-18,2025-04-23,5,26.9,17.6,13.1,0.77,1,0,0,normal,none,-0.12126460006216255,0.12126460006216255,0
R02656,P0469,S04,5,Drug_A,46.2,F,2025-07-13,2025-07-15,2,17.2,12.4,14.0,0.5,1,0,0,normal,none,-0.07115668408349085,0.07115668408349085,0
R02657,P0264,S03,4,Drug_A,60.4,F,2025-04-25,2025-04-27,2,30.4,20.2,14.3,1.11,0,0,0,normal,none,-0.08936331360760563,0.08936331360760563,0
R02658,P0109,S06,1,Placebo,49.8,M,2025-01-15,2025-01-20,5,22.0,21.7,13.0,1.06,2,0,0,normal,none,-0.10463979005974477,0.10463979005974477,0
R02659,P0499,S09,4,Drug_B,57.8,F,2025-04-12,2025-04-12,0,9.6,9.1,12.5,0.89,0,0,0,normal,none,-0.057960028109524164,0.057960028109524164,0
R02660,P0393,S02,3,Drug_B,73.9,F,2025-06-15,2025-06-21,6,23.3,15.7,14.6,0.78,1,0,0,normal,none,-0.08889570810449138,0.08889570810449138,0
R02661,P0169,S02,5,Placebo,49.3,F,2025-05-02,2025-05-14,12,32.4,20.0,12.2,0.93,2,0,0,normal,none,-0.07081502959549202,0.07081502959549202,0
R02662,P0541,S01,5,Placebo,60.6,M,2025-07-23,2025-07-27,4,20.7,16.6,16.2,1.19,2,0,0,normal,none,-0.041241105524609134,0.041241105524609134,0
R02663,P0457,S05,4,Drug_B,70.3,M,2025-07-08,2025-07-10,2,27.7,25.3,13.9,0.77,1,0,0,normal,none,-0.10977119845446026,0.10977119845446026,0
R02664,P0508,S08,1,Drug_A,27.1,F,2025-02-04,2025-02-04,0,16.1,9.0,13.5,0.99,2,0,0,normal,none,-0.03306369278230853,0.03306369278230853,0
R02665,P0037,S01,2,Placebo,79.7,F,2025-06-19,2025-06-23,4,30.3,24.5,14.3,0.6,0,0,0,normal,none,-0.06373372868198202,0.06373372868198202,0
R02666,P0118,S08,5,Drug_A,53.9,F,2025-07-27,2025-07-31,4,25.3,20.5,13.2,0.99,2,0,0,normal,none,-0.11314966503380142,0.11314966503380142,0
R02667,P0676,S10,3,Drug_B,50.9,F,2025-03-01,2025-03-05,4,30.2,17.4,10.7,0.94,3,0,0,normal,none,-0.0929091714232852,0.0929091714232852,0
R02668,P0302,S03,5,Placebo,49.0,M,2025-08-08,2025-08-11,3,24.0,17.5,13.3,1.12,3,0,0,normal,none,-0.08928599884526106,0.08928599884526106,0
R02669,P0745,S01,1,Placebo,63.3,F,2025-01-21,2025-01-24,3,20.5,14.9,12.2,0.77,2,0,0,normal,none,-0.10285482872438817,0.10285482872438817,0
R02670,P0678,S09,3,Drug_B,61.0,F,2025-05-02,2025-05-02,0,22.4,13.2,10.8,0.88,3,0,0,normal,none,-0.0796719394374153,0.0796719394374153,0
R02671,P0259,S06,2,Drug_B,67.0,F,2025-07-21,2025-07-21,0,23.5,24.6,11.5,0.56,3,0,0,normal,none,-0.06995729981130905,0.06995729981130905,0
R02672,P0279,S02,3,Drug_A,45.6,M,2025-02-27,2025-03-01,2,23.1,10.8,14.0,0.74,2,0,0,normal,none,-0.08369697604023374,0.08369697604023374,0
R02673,P0300,S06,2,Drug_B,44.0,F,2025-04-24,2025-05-04,10,25.2,21.1,12.9,0.62,1,0,0,normal,none,-0.09350893081304823,0.09350893081304823,0
R02674,P0416,S06,1,Drug_A,69.8,F,2025-04-06,2025-04-15,9,21.6,26.2,13.4,0.91,4,0,0,normal,none,-0.04432430160983758,0.04432430160983758,0
R02675,P0718,S04,4,Drug_B,53.0,F,2025-07-04,2025-07-10,6,28.2,31.2,14.8,0.69,1,0,0,normal,none,-0.0927977302907948,0.0927977302907948,0
R02676,P0019,S06,5,Drug_A,50.0,F,2025-06-16,2025-06-25,9,16.5,10.3,13.7,0.84,1,0,0,normal,none,-0.06380642418940069,0.06380642418940069,0
R02677,P0318,S03,1,Drug_B,56.2,F,2025-04-24,2025-04-26,2,21.0,20.2,14.2,1.12,0,0,0,normal,none,-0.0764505411243035,0.0764505411243035,0
R02678,P0538,S07,4,Drug_B,60.6,M,2025-08-16,2025-08-16,0,37.2,35.0,12.5,1.06,1,0,0,normal,none,-0.0885093761307611,0.0885093761307611,0
R02679,P0535,S08,4,Drug_A,27.5,M,2025-06-10,2025-06-15,5,14.3,12.4,13.7,1.16,2,0,0,normal,none,-0.05072756123424277,0.05072756123424277,0
R02680,P0679,S10,5,Placebo,32.1,M,2025-07-30,2025-07-31,1,34.4,26.8,14.9,0.72,0,0,0,normal,none,-0.0467508282765412,0.0467508282765412,0
R02681,P0599,S06,4,Placebo,41.4,F,2025-05-05,2025-05-07,2,24.5,10.6,12.7,0.98,4,0,0,normal,none,-0.04254712386845244,0.04254712386845244,0
R02682,P0511,S06,2,Drug_A,81.1,M,2025-05-15,2025-05-20,5,24.1,18.8,14.0,0.92,1,0,0,normal,none,-0.09245789432886486,0.09245789432886486,0
R02683,P0708,S03,2,Drug_A,47.3,F,2025-04-02,2025-04-04,2,27.5,35.6,14.8,0.9,2,0,0,normal,none,-0.0856593827682458,0.0856593827682458,0
R02684,P0641,S02,1,Drug_B,36.1,M,2025-05-22,2025-05-25,3,41.4,24.6,13.6,1.0,4,0,0,normal,none,-0.05757606837171919,0.05757606837171919,0
R02685,P0123,S03,2,Drug_B,55.4,M,2025-05-30,2025-06-01,2,29.1,29.2,13.1,1.18,0,0,0,normal,none,-0.0808360428390163,0.0808360428390163,0
R02686,P0090,S08,3,Drug_B,64.0,F,2025-04-27,2025-06-04,38,24.1,11.6,16.5,0.69,3,0,1,rule_detectable,excessive_entry_delay,0.05627498570762124,-0.05627498570762124,1
R02687,P0051,S07,4,Drug_B,56.6,F,2025-07-18,2025-07-18,0,12.7,13.7,13.7,0.68,4,0,0,normal,none,-0.06428870294233802,0.06428870294233802,0
R02688,P0150,S01,2,Drug_A,53.3,F,2025-03-07,2025-04-05,29,70.1,60.7,11.4,0.97,3,0,1,both_detectable,delay_plus_labs,0.08610674063017143,-0.08610674063017143,1
R02689,P0689,S03,1,Drug_A,71.2,M,2025-03-02,2025-03-04,2,21.6,8.0,13.6,0.86,2,0,0,normal,none,-0.01737528673853339,0.01737528673853339,0
R02690,P0439,S03,1,Drug_B,37.6,M,2025-02-05,2025-02-07,2,32.2,18.7,14.8,0.79,2,0,0,normal,none,-0.07579057152204688,0.07579057152204688,0
R02691,P0361,S10,3,Drug_B,61.9,F,2025-06-14,2025-06-19,5,51.4,37.0,12.6,0.82,3,0,0,normal,none,-0.07806781075161112,0.07806781075161112,0
R02692,P0493,S07,2,Drug_B,60.4,M,2025-02-27,2025-02-27,0,25.8,18.6,15.1,1.12,1,0,0,normal,none,-0.0783773721420099,0.0783773721420099,0
R02693,P0657,S03,3,Drug_B,21.7,M,2025-05-07,2025-05-09,2,28.3,30.7,13.4,0.79,1,0,0,normal,none,-0.07717977220000549,0.07717977220000549,0
R02694,P0520,S09,3,Drug_A,55.5,M,2025-05-20,2025-05-26,6,25.4,13.9,12.9,0.75,3,0,0,normal,none,-0.09904409382590529,0.09904409382590529,0
R02695,P0403,S04,3,Drug_A,59.7,F,2025-07-04,2025-07-04,0,22.4,17.9,13.7,0.9,3,0,0,normal,none,-0.11623338017573237,0.11623338017573237,0
R02696,P0490,S07,4,Drug_B,61.9,F,2025-09-22,2025-09-22,0,19.2,10.0,11.5,0.83,2,0,0,normal,none,-0.06897610900207762,0.06897610900207762,0
R02697,P0615,S01,4,Placebo,48.9,M,2025-04-30,2025-05-04,4,28.1,19.8,15.0,0.79,1,0,0,normal,none,-0.11129705412585739,0.11129705412585739,0
R02698,P0093,S06,3,Placebo,69.3,M,2025-05-06,2025-05-07,1,35.0,23.5,13.6,1.19,2,0,0,normal,none,-0.07687186379409983,0.07687186379409983,0
R02699,P0202,S08,2,Placebo,64.8,F,2025-02-07,2025-02-12,5,29.4,20.9,12.5,0.7,2,0,0,normal,none,-0.11659266619792141,0.11659266619792141,0
R02700,P0486,S05,4,Placebo,55.2,F,2025-06-23,2025-06-26,3,33.7,28.9,12.9,0.79,2,0,0,normal,none,-0.12656384857633324,0.12656384857633324,0
R02701,P0061,S10,2,Drug_A,35.4,M,2025-06-01,2025-06-04,3,36.0,28.0,14.0,0.93,5,0,0,normal,none,-0.0725608199577012,0.0725608199577012,0
R02702,P0741,S02,1,Drug_A,50.3,F,2025-05-29,2025-06-01,3,19.6,14.8,11.4,0.81,3,0,0,normal,none,-0.08886003543956766,0.08886003543956766,0
R02703,P0128,S05,3,Drug_A,56.8,M,2025-05-16,2025-05-21,5,33.3,21.9,11.8,0.83,4,0,0,normal,none,-0.09386775994524021,0.09386775994524021,0
R02704,P0361,S10,5,Placebo,58.2,F,2025-07-24,2025-07-31,7,25.1,15.5,11.5,0.76,3,0,0,normal,none,-0.0664268811393044,0.0664268811393044,0
R02705,P0175,S08,4,Drug_B,58.8,M,2025-07-21,2025-07-27,6,19.8,14.6,13.5,0.69,0,0,1,rule_detectable,duplicate_record,-0.0964746706373959,0.0964746706373959,0
R02706,P0452,S07,1,Drug_A,39.5,F,2025-04-15,2025-04-15,0,27.6,23.0,11.2,0.98,2,0,0,normal,none,-0.08164443902954638,0.08164443902954638,0
R02707,P0396,S07,5,Drug_B,71.4,F,2025-08-06,2025-08-06,0,39.7,28.2,14.4,0.53,0,0,0,normal,none,-0.022418990905784253,0.022418990905784253,0
R02708,P0221,S07,3,Placebo,43.0,M,2025-06-15,2025-06-18,3,34.8,31.2,15.3,0.85,2,0,0,normal,none,-0.09652262860903127,0.09652262860903127,0
R02709,P0701,S01,5,Placebo,64.7,F,2025-05-11,2025-05-18,7,19.4,14.4,13.4,0.99,4,0,0,normal,none,-0.0629137463368335,0.0629137463368335,0
R02710,P0559,S03,5,Placebo,55.8,M,2025-07-20,2025-07-23,3,31.1,25.2,12.3,0.96,2,0,0,normal,none,-0.10895168940521027,0.10895168940521027,0
R02711,P0474,S05,3,Drug_B,43.0,F,2025-06-17,2025-06-22,5,13.7,8.0,14.2,0.56,2,0,0,normal,none,-0.05491829673276727,0.05491829673276727,0
R02712,P0330,S01,3,Drug_A,54.8,F,2025-06-05,2025-06-06,1,14.2,10.3,11.2,0.87,4,0,0,normal,none,-0.06607975907702424,0.06607975907702424,0
R02713,P0305,S04,4,Drug_B,38.3,M,2025-08-11,2025-08-15,4,32.8,25.2,13.5,0.71,0,0,0,normal,none,-0.0989250039770338,0.0989250039770338,0
R02714,P0557,S06,1,Drug_B,57.7,M,2025-02-27,2025-03-02,3,26.4,17.9,14.6,0.88,2,0,0,normal,none,-0.10237855310842486,0.10237855310842486,0
R02715,P0475,S01,4,Drug_A,45.8,M,2025-06-01,2025-06-06,5,18.4,13.9,13.3,1.15,1,0,0,normal,none,-0.09393506632350496,0.09393506632350496,0
R02716,P0530,S02,5,Drug_A,36.3,M,2025-05-29,2025-06-04,6,37.4,37.3,15.5,0.8,0,0,0,normal,none,-0.029620650896965195,0.029620650896965195,0
R02717,P0486,S05,5,Drug_B,55.9,M,2025-08-21,2025-08-21,0,16.2,11.1,14.5,0.63,3,0,0,normal,none,-0.05898175566437652,0.05898175566437652,0
R02718,P0686,S05,5,Placebo,37.3,M,2025-05-20,2025-05-27,7,33.7,33.3,12.8,0.81,1,0,0,normal,none,-0.08073202021827586,0.08073202021827586,0
R02719,P0086,S10,5,Drug_B,69.0,F,2025-09-13,2025-09-14,1,23.0,22.7,12.9,0.72,2,0,0,normal,none,-0.0856030490499578,0.0856030490499578,0
R02720,P0402,S02,4,Placebo,77.3,M,2025-03-29,2025-04-09,11,13.1,8.0,13.2,1.03,7,0,0,normal,none,0.045371973856048076,-0.045371973856048076,1
R02721,P0054,S02,3,Drug_B,30.4,F,2025-07-08,2025-07-11,3,31.0,21.0,11.3,0.99,1,0,0,normal,none,-0.08429496415826548,0.08429496415826548,0
R02722,P0223,S06,3,Placebo,66.1,F,2025-03-10,2025-03-12,2,22.9,19.5,12.2,0.83,3,0,0,normal,none,-0.1106636363863931,0.1106636363863931,0
R02723,P0442,S08,1,Placebo,45.4,M,2025-06-24,2025-06-27,3,27.9,21.0,15.9,1.13,1,0,0,normal,none,-0.0586294464877688,0.0586294464877688,0
R02724,P0351,S10,2,Drug_B,54.5,M,2025-06-19,2025-06-24,5,33.6,26.6,11.8,0.87,2,0,0,normal,none,-0.11745765126789032,0.11745765126789032,0
R02725,P0502,S09,2,Drug_B,62.0,F,2025-04-18,2025-04-18,0,27.2,33.5,13.1,0.84,1,0,0,normal,none,-0.09226166991906348,0.09226166991906348,0
R02726,P0322,S05,4,Drug_A,46.3,M,2025-06-20,2025-06-23,3,16.3,8.0,13.3,1.02,3,0,0,normal,none,-0.05913071488102434,0.05913071488102434,0
R02727,P0252,S03,3,Placebo,30.3,M,2025-07-15,2025-07-20,5,58.1,42.4,14.2,0.96,0,0,0,normal,none,-0.01245035875007533,0.01245035875007533,0
R02728,P0263,S09,5,Placebo,42.8,F,2025-06-27,2025-06-27,0,19.8,15.6,16.0,0.45,1,0,0,normal,none,-0.02324559516631841,0.02324559516631841,0
R02729,P0343,S07,4,Drug_A,30.3,F,2025-05-22,2025-05-22,0,44.7,32.8,13.6,0.75,1,0,0,normal,none,-0.06292857745769254,0.06292857745769254,0
R02730,P0743,S04,5,Drug_B,44.1,M,2025-08-17,2025-08-20,3,25.8,13.2,14.4,1.07,2,0,0,normal,none,-0.06104218834864478,0.06104218834864478,0
R02731,P0439,S03,2,Drug_B,56.7,F,2025-05-04,2025-05-09,5,24.2,16.5,12.1,0.71,2,0,0,normal,none,-0.11939018691773029,0.11939018691773029,0
R02732,P0349,S10,1,Drug_A,50.8,M,2025-01-06,2025-02-04,29,62.7,65.0,11.0,1.2,4,0,1,both_detectable,delay_plus_labs,0.1175842743925617,-0.1175842743925617,1
R02733,P0589,S04,3,Drug_B,65.1,M,2025-07-26,2025-07-30,4,14.8,13.5,14.6,0.75,4,0,0,normal,none,-0.07299035672952314,0.07299035672952314,0
R02734,P0248,S02,5,Drug_B,41.8,M,2025-05-12,2025-05-17,5,20.7,21.7,14.8,0.82,2,0,0,normal,none,-0.09140841219793422,0.09140841219793422,0
R02735,P0526,S01,3,Drug_A,30.8,M,2025-03-18,2025-03-22,4,15.1,8.0,10.5,1.15,3,0,0,normal,none,-0.0020178209884918474,0.0020178209884918474,0
R02736,P0267,S08,2,Drug_A,62.6,F,2025-03-17,2025-03-19,2,46.3,29.1,12.2,1.01,1,0,0,normal,none,-0.08371657221160134,0.08371657221160134,0
R02737,P0492,S06,1,Drug_B,36.9,F,2025-06-04,2025-06-05,1,23.8,16.9,11.2,0.7,2,0,0,normal,none,-0.0799834196981597,0.0799834196981597,0
R02738,P0020,S04,2,Placebo,30.6,F,2025-04-02,2025-04-04,2,31.1,17.9,13.5,0.73,3,0,0,normal,none,-0.08454667142445499,0.08454667142445499,0
R02739,P0726,S05,1,Drug_A,70.3,M,2025-04-26,2025-04-30,4,29.1,21.4,14.5,0.75,7,0,0,normal,none,-0.030826232494687023,0.030826232494687023,0
R02740,P0669,S03,4,Drug_A,51.0,F,2025-08-26,2025-08-29,3,26.5,22.8,12.8,0.7,3,0,0,normal,none,-0.12234628619851046,0.12234628619851046,0
R02741,P0007,S07,2,Drug_A,55.8,F,2025-05-09,2025-05-10,1,30.5,20.9,12.6,0.72,1,0,0,normal,none,-0.11775527191876223,0.11775527191876223,0
R02742,P0149,S01,1,Drug_B,60.4,M,2025-04-02,2025-04-07,5,22.0,12.1,15.3,1.17,5,0,0,normal,none,-5.360859883235536e-05,5.360859883235536e-05,0
R02743,P0137,S02,5,Drug_A,67.4,M,2025-06-07,2025-06-10,3,30.6,18.4,13.5,0.73,3,0,0,normal,none,-0.0781575845796037,0.0781575845796037,0
R02744,P0583,S07,3,Drug_A,37.8,F,2025-03-13,2025-03-13,0,45.5,30.8,13.3,1.01,1,0,0,normal,none,-0.08238697145437662,0.08238697145437662,0
R02745,P0541,S01,4,Drug_A,51.2,M,2025-06-16,2025-06-17,1,26.3,27.0,13.6,1.11,2,0,0,normal,none,-0.10437228663447756,0.10437228663447756,0
R02746,P0565,S04,5,Drug_B,60.8,F,2025-10-07,2025-10-14,7,17.5,16.0,12.7,1.07,2,0,0,normal,none,-0.07914900914483547,0.07914900914483547,0
R02747,P0658,S08,4,Drug_A,45.2,F,2025-05-29,2025-06-02,4,30.3,22.3,12.0,0.77,1,0,0,normal,none,-0.12285156976871486,0.12285156976871486,0
R02748,P0071,S07,4,Drug_A,26.3,F,2025-05-07,2025-05-08,1,26.0,20.2,13.1,0.83,1,0,0,normal,none,-0.08988562794665206,0.08988562794665206,0
R02749,P0113,S03,3,Drug_A,48.6,F,2025-07-13,2025-07-14,1,23.6,19.8,8.9,0.71,1,0,0,normal,none,-0.08945068356301578,0.08945068356301578,0
R02750,P0477,S09,1,Drug_B,53.3,F,2025-03-24,2025-03-26,2,49.3,46.3,13.1,0.75,2,0,0,normal,none,-0.06655251558437458,0.06655251558437458,0
R02751,P0282,S06,4,Drug_B,34.2,M,2025-04-16,2025-04-18,2,23.1,23.4,14.8,0.84,0,0,0,normal,none,-0.08195299081391827,0.08195299081391827,0
R02752,P0612,S06,5,Drug_B,50.8,M,2025-10-11,2025-10-25,14,20.8,15.2,12.9,0.97,0,0,0,normal,none,-0.05277829718781646,0.05277829718781646,0
R02753,P0400,S02,5,Drug_B,64.6,M,2025-07-03,2025-07-10,7,21.6,16.4,10.6,0.96,2,0,0,normal,none,-0.0637363575944106,0.0637363575944106,0
R02754,P0103,S06,1,Drug_A,43.8,M,2025-02-25,2025-02-27,2,24.9,27.2,13.8,0.84,0,0,0,normal,none,-0.0861089667401348,0.0861089667401348,0
R02755,P0242,S03,1,Placebo,47.6,M,2025-03-17,2025-03-20,3,18.9,8.0,12.3,0.72,2,0,0,normal,none,-0.04715821229461542,0.04715821229461542,0
R02756,P0013,S03,3,Drug_B,64.3,F,2025-05-13,2025-05-17,4,21.0,16.3,14.0,0.48,3,0,0,normal,none,-0.0817775374296632,0.0817775374296632,0
R02757,P0737,S03,1,Placebo,39.8,F,2025-02-28,2025-03-03,3,22.2,9.9,13.8,0.69,1,0,0,normal,none,-0.051108843564719786,0.051108843564719786,0
R02758,P0325,S09,4,Drug_A,29.5,F,2025-07-24,2025-07-27,3,28.1,20.4,12.1,0.78,0,0,0,normal,none,-0.08117295518324247,0.08117295518324247,0
R02759,P0150,S01,4,Placebo,57.8,F,2025-07-28,2025-08-05,8,29.0,30.9,12.9,0.76,1,0,0,normal,none,-0.09958771308977094,0.09958771308977094,0
R02760,P0645,S02,4,Drug_B,37.4,M,2025-05-03,2025-05-05,2,26.9,31.2,14.9,0.73,3,1,0,normal,none,0.03496535829135139,-0.03496535829135139,1
R02761,P0291,S02,5,Drug_A,64.7,M,2025-09-12,2025-09-13,1,9.4,8.6,13.5,1.04,1,0,0,normal,none,-0.04521597883356726,0.04521597883356726,0
R02762,P0070,S08,2,Drug_A,69.6,F,2025-05-21,2025-05-23,2,22.0,22.1,12.4,0.71,1,1,0,normal,none,0.02572455830112863,-0.02572455830112863,1
R02763,P0745,S01,1,Placebo,42.2,M,2025-05-03,2025-05-09,6,33.3,25.7,12.4,0.79,1,0,0,normal,none,-0.10711819958564217,0.10711819958564217,0
R02764,P0082,S09,2,Drug_B,62.9,M,2025-03-17,2025-03-20,3,24.0,29.7,13.4,0.95,5,0,0,normal,none,-0.06464787275110967,0.06464787275110967,0
R02765,P0408,S09,3,Drug_A,41.3,F,2025-03-16,2025-03-16,0,29.9,30.0,14.8,0.73,0,0,0,normal,none,-0.0832154916396583,0.0832154916396583,0
R02766,P0395,S02,2,Drug_A,58.5,F,2025-05-30,2025-06-05,6,28.9,22.0,15.1,0.53,4,0,0,normal,none,-0.05678821664622341,0.05678821664622341,0
R02767,P0616,S02,3,Placebo,60.1,F,2025-06-18,2025-06-20,2,35.2,43.2,13.0,0.7,0,0,0,normal,none,-0.07065752936316322,0.07065752936316322,0
R02768,P0344,S01,4,Placebo,49.7,M,2025-04-30,2025-05-04,4,27.6,20.3,12.8,0.75,1,0,0,normal,none,-0.1288950180295218,0.1288950180295218,0
R02769,P0024,S09,1,Drug_A,75.8,F,2025-06-10,2025-06-10,0,20.7,15.0,12.2,0.76,1,0,0,normal,none,-0.07569629187068128,0.07569629187068128,0
R02770,P0405,S01,4,Drug_A,55.0,F,2025-03-30,2025-04-03,4,49.0,30.8,13.6,0.72,1,0,0,normal,none,-0.0830036144810235,0.0830036144810235,0
R02771,P0200,S01,3,Drug_B,36.0,F,2025-07-08,2025-07-10,2,20.3,15.3,13.6,0.76,1,0,0,normal,none,-0.11248239216589917,0.11248239216589917,0
R02772,P0252,S03,1,Drug_B,72.3,F,2025-06-14,2025-06-19,5,34.1,24.8,12.0,0.77,2,0,0,normal,none,-0.09152275017263589,0.09152275017263589,0
R02773,P0494,S10,5,Drug_B,49.2,M,2025-07-20,2025-07-21,1,35.6,27.9,14.5,1.02,2,0,0,normal,none,-0.08940697898053995,0.08940697898053995,0
R02774,P0559,S03,2,Drug_B,70.6,M,2025-05-01,2025-05-18,17,34.1,27.3,14.1,0.81,3,0,0,normal,none,-0.044249830260177536,0.044249830260177536,0
R02775,P0708,S03,2,Drug_A,42.5,M,2025-02-20,2025-02-25,5,53.7,44.4,14.1,1.22,3,0,0,normal,none,-0.02285626293365417,0.02285626293365417,0
R02776,P0577,S02,2,Placebo,40.9,M,2025-02-08,2025-02-18,10,34.7,28.3,13.2,1.1,0,0,0,normal,none,-0.058897196726864276,0.058897196726864276,0
R02777,P0559,S03,2,Placebo,36.1,M,2025-05-04,2025-05-09,5,25.0,19.0,14.4,1.04,1,0,0,normal,none,-0.09356813015385823,0.09356813015385823,0
R02778,P0060,S06,5,Placebo,18.0,F,2025-05-02,2025-05-05,3,40.7,41.4,15.2,0.74,5,0,0,normal,none,0.031557908787440914,-0.031557908787440914,1
R02779,P0466,S04,1,Drug_A,63.6,M,2025-04-10,2025-04-14,4,18.0,13.7,13.7,1.04,0,0,0,normal,none,-0.07639993559753894,0.07639993559753894,0
R02780,P0639,S05,4,Drug_B,54.4,F,2025-07-12,2025-07-14,2,36.6,16.4,12.7,0.57,3,0,0,normal,none,-0.053512150835565264,0.053512150835565264,0
R02781,P0040,S02,1,Drug_A,63.0,F,2025-06-15,2025-06-18,3,37.4,26.2,13.2,0.66,3,0,0,normal,none,-0.08487351269740157,0.08487351269740157,0
R02782,P0749,S07,5,Drug_A,68.0,F,2025-10-03,2025-10-05,2,31.6,32.5,12.4,0.77,1,0,0,normal,none,-0.07904227008517767,0.07904227008517767,0
R02783,P0188,S10,4,Drug_A,50.8,F,2025-06-30,2025-07-04,4,19.9,21.2,13.5,0.69,4,0,0,normal,none,-0.09539970010066795,0.09539970010066795,0
R02784,P0259,S06,1,Placebo,41.5,F,2025-05-03,2025-05-07,4,23.9,23.8,14.1,0.76,4,0,0,normal,none,-0.09016143873600435,0.09016143873600435,0
R02785,P0395,S02,5,Drug_A,60.2,M,2025-05-08,2025-05-12,4,72.8,15.3,13.0,0.82,2,0,1,ml_multivariate,alt_ast_ratio,0.05831886323009505,-0.05831886323009505,1
R02786,P0350,S04,3,Drug_B,28.0,F,2025-08-05,2025-08-05,0,33.0,23.0,10.2,0.98,0,0,0,normal,none,-0.043448976363040126,0.043448976363040126,0
R02787,P0439,S03,3,Drug_B,59.3,F,2025-03-11,2025-03-14,3,11.5,8.0,13.8,0.75,1,0,0,normal,none,-0.08221640065434577,0.08221640065434577,0
R02788,P0332,S07,4,Placebo,67.5,F,2025-09-11,2025-09-12,1,32.0,22.7,12.9,0.75,8,0,1,ml_multivariate,query_delay_site_pattern,-0.026246952676781288,0.026246952676781288,0
R02789,P0584,S09,2,Placebo,52.4,F,2025-05-17,2025-05-17,0,27.9,27.7,12.9,0.45,0,0,0,normal,none,-0.06173167086617526,0.06173167086617526,0
R02790,P0319,S04,3,Placebo,43.0,M,2025-07-07,2025-07-09,2,21.1,12.8,14.6,0.86,2,0,0,normal,none,-0.1034385923810438,0.1034385923810438,0
R02791,P0125,S06,4,Drug_A,38.9,M,2025-08-08,2025-08-13,5,16.3,17.7,14.3,0.84,7,0,1,ml_multivariate,query_delay_site_pattern,-0.030434133575462097,0.030434133575462097,0
R02792,P0308,S03,2,Drug_B,60.6,M,2025-05-20,2025-05-26,6,16.5,12.9,13.1,0.95,1,0,0,normal,none,-0.10519861789447849,0.10519861789447849,0
R02793,P0119,S02,2,Drug_B,37.3,F,2025-03-18,2025-03-20,2,15.7,15.4,12.6,0.57,3,0,0,normal,none,-0.07281842194539212,0.07281842194539212,0
R02794,P0486,S05,4,Placebo,57.7,F,2025-06-29,2025-06-29,0,15.6,8.0,13.2,0.78,0,0,0,normal,none,-0.05528603641364438,0.05528603641364438,0
R02795,P0624,S06,1,Drug_A,58.5,F,2025-06-03,2025-06-07,4,44.2,21.8,15.7,0.77,2,0,0,normal,none,-0.04108251344085129,0.04108251344085129,0
R02796,P0371,S10,5,Placebo,67.6,F,2025-07-22,2025-07-26,4,26.8,26.4,13.6,0.78,1,0,0,normal,none,-0.09400634307944228,0.09400634307944228,0
R02797,P0333,S01,4,Drug_A,69.2,F,2025-04-01,2025-04-09,8,25.1,16.0,12.3,1.02,3,0,0,normal,none,-0.06586953571050413,0.06586953571050413,0
R02798,P0455,S08,4,Placebo,38.3,F,2025-06-08,2025-06-11,3,52.2,40.4,12.2,0.86,3,0,0,normal,none,-0.07138266593349163,0.07138266593349163,0
R02799,P0566,S06,4,Placebo,74.3,F,2025-09-09,2025-09-16,7,32.1,20.5,13.0,1.12,1,0,0,normal,none,-0.06942858939747615,0.06942858939747615,0
R02800,P0488,S08,3,Drug_B,62.4,F,2025-02-28,2025-02-28,0,22.0,15.5,12.1,0.73,1,0,0,normal,none,-0.1120391254134056,0.1120391254134056,0
R02801,P0361,S10,3,Placebo,53.4,M,2025-04-06,2025-04-11,5,33.1,33.8,12.5,0.82,3,0,0,normal,none,-0.11186445202034279,0.11186445202034279,0
R02802,P0653,S08,5,Drug_A,42.1,M,2025-08-21,2025-09-01,11,19.9,14.1,15.1,0.97,2,0,0,normal,none,-0.059102538931456616,0.059102538931456616,0
R02803,P0569,S07,3,Drug_A,40.5,M,2025-08-20,2025-08-20,0,22.6,9.8,12.4,0.94,1,0,0,normal,none,-0.06058456265765583,0.06058456265765583,0
R02804,P0204,S02,3,Drug_B,54.2,F,2025-03-07,2025-03-15,8,23.6,19.9,12.5,0.84,2,0,0,normal,none,-0.11562618463075086,0.11562618463075086,0
R02805,P0527,S06,5,Drug_A,43.2,F,2025-07-06,2025-07-11,5,41.1,39.2,13.7,0.53,4,0,0,normal,none,-0.04179935123727335,0.04179935123727335,0
R02806,P0504,S05,5,Drug_B,66.4,F,2025-09-22,2025-09-28,6,26.1,18.1,13.8,0.74,2,0,0,normal,none,-0.09085275046988545,0.09085275046988545,0
R02807,P0541,S01,3,Placebo,52.2,M,2025-04-01,2025-04-10,9,27.9,23.3,13.5,0.67,3,0,0,normal,none,-0.10516318910364286,0.10516318910364286,0
R02808,P0282,S06,2,Drug_B,44.8,F,2025-03-09,2025-03-14,5,12.1,8.0,13.1,1.06,2,0,0,normal,none,-0.0634031431564922,0.0634031431564922,0
R02809,P0532,S08,4,Drug_A,36.8,F,2025-05-22,2025-05-27,5,23.3,14.9,12.6,0.57,1,0,0,normal,none,-0.08660292914142242,0.08660292914142242,0
R02810,P0499,S09,1,Drug_B,67.0,F,2025-05-09,2025-05-09,0,26.5,29.1,12.8,0.84,0,0,0,normal,none,-0.08278021456097567,0.08278021456097567,0
R02811,P0738,S07,2,Placebo,54.5,M,2025-06-17,2025-06-22,5,24.4,30.6,13.9,0.74,1,0,0,normal,none,-0.09895013302543654,0.09895013302543654,0
R02812,P0739,S08,3,Placebo,37.2,M,2025-06-05,2025-06-08,3,20.0,12.3,13.3,1.04,1,0,0,normal,none,-0.09399016558190743,0.09399016558190743,0
R02813,P0489,S01,2,Drug_B,57.0,F,2025-07-27,2025-08-09,13,24.0,20.2,12.4,0.76,2,1,0,normal,none,0.03283250452311948,-0.03283250452311948,1
R02814,P0217,S05,3,Drug_B,52.6,M,2025-06-03,2025-06-14,11,24.4,26.1,11.8,0.88,2,0,0,normal,none,-0.09131165037600475,0.09131165037600475,0
R02815,P0566,S06,1,Drug_A,54.7,M,2025-06-18,2025-07-13,25,65.7,57.6,12.7,1.01,1,0,1,both_detectable,delay_plus_labs,0.0651411341175161,-0.0651411341175161,1
R02816,P0281,S08,3,Drug_B,55.7,M,2025-06-26,2025-07-05,9,24.5,30.0,14.2,0.92,2,0,0,normal,none,-0.09064665030810415,0.09064665030810415,0
R02817,P0278,S10,2,Drug_A,38.5,F,2025-05-13,2025-05-15,2,25.5,24.9,12.1,0.9,0,0,0,normal,none,-0.09857102949033636,0.09857102949033636,0
R02818,P0662,S10,5,Drug_B,65.6,F,2025-06-18,2025-06-24,6,21.3,14.6,13.9,0.75,2,0,0,normal,none,-0.08462104098264661,0.08462104098264661,0
R02819,P0160,S08,5,Drug_B,72.2,F,2025-08-20,2025-08-21,1,21.6,16.5,12.8,1.41,4,0,0,normal,none,-0.013159192086899918,0.013159192086899918,0
R02820,P0348,S06,5,Drug_A,35.3,F,2025-09-25,2025-10-02,7,55.0,49.9,13.0,0.81,2,0,0,normal,none,-0.023123293256738953,0.023123293256738953,0
R02821,P0122,S01,3,Placebo,44.5,F,2025-07-27,2025-07-31,4,49.2,34.0,11.6,0.88,1,0,0,normal,none,-0.08790002012076253,0.08790002012076253,0
R02822,P0136,S06,3,Drug_B,65.3,F,2025-04-14,2025-04-18,4,37.3,26.6,13.5,0.92,2,0,0,normal,none,-0.11133750613966542,0.11133750613966542,0
R02823,P0559,S03,5,Drug_A,59.5,F,2025-05-20,2025-05-31,11,34.8,25.6,12.0,0.94,3,0,0,normal,none,-0.06506793588778165,0.06506793588778165,0
R02824,P0518,S04,2,Drug_B,41.2,F,2025-06-28,2025-06-29,1,30.8,35.5,12.2,0.91,2,0,0,normal,none,-0.09121540910825332,0.09121540910825332,0
R02825,P0386,S03,1,Drug_A,51.0,F,2025-02-02,2025-02-07,5,17.5,8.8,10.9,0.81,2,0,0,normal,none,-0.0467087076987287,0.0467087076987287,0
R02826,P0668,S03,3,Drug_A,22.9,M,2025-08-13,2025-08-16,3,,21.9,13.7,0.79,0,0,1,rule_detectable,missing_required_lab:ALT,0.007919321872313367,-0.007919321872313367,1
R02827,P0696,S10,3,Placebo,43.9,M,2025-07-01,2025-07-06,5,19.5,15.0,16.0,0.9,2,0,0,normal,none,-0.08592465977077313,0.08592465977077313,0
R02828,P0296,S10,3,Drug_B,57.3,M,2025-03-08,2025-03-10,2,30.3,13.9,13.6,0.76,3,1,0,normal,none,0.03897944680656418,-0.03897944680656418,1
R02829,P0723,S01,1,Drug_A,49.7,F,2025-05-02,2025-05-09,7,18.4,18.8,13.3,1.28,0,0,0,normal,none,-0.039226663265323536,0.039226663265323536,0
R02830,P0431,S02,2,Drug_B,46.5,F,2025-03-27,2025-04-13,17,19.3,15.1,14.4,1.04,4,0,0,normal,none,-0.033686202958773226,0.033686202958773226,0
R02831,P0518,S04,1,Drug_B,56.3,M,2025-06-01,2025-06-01,0,23.4,23.8,14.1,1.16,0,0,0,normal,none,-0.06609444687056565,0.06609444687056565,0
R02832,P0694,S10,3,Drug_A,53.7,F,2025-05-23,2025-05-31,8,19.3,23.1,15.0,0.98,3,0,0,normal,none,-0.07614508893410682,0.07614508893410682,0
R02833,P0179,S04,3,Placebo,65.8,M,2025-04-02,2025-04-05,3,25.2,21.6,13.5,0.99,1,0,0,normal,none,-0.12181577454069875,0.12181577454069875,0
R02834,P0430,S05,2,Drug_B,45.6,M,2025-03-03,2025-03-03,0,11.1,15.0,11.6,0.81,4,0,0,normal,none,-0.04488601915316687,0.04488601915316687,0
R02835,P0344,S01,5,Drug_B,49.1,F,2025-04-30,2025-05-08,8,22.4,17.3,13.8,0.83,2,0,0,normal,none,-0.09406861495072466,0.09406861495072466,0
R02836,P0543,S10,3,Drug_A,40.2,M,2025-03-13,2025-03-18,5,19.1,14.8,15.0,1.18,2,0,0,normal,none,-0.07629851109574964,0.07629851109574964,0
R02837,P0454,S06,5,Placebo,54.5,M,2025-09-30,2025-10-02,2,30.9,28.2,14.0,1.0,2,0,0,normal,none,-0.10335021194989741,0.10335021194989741,0
R02838,P0103,S06,4,Drug_B,52.0,F,2025-03-15,2025-03-18,3,54.1,46.3,12.5,0.86,5,0,1,ml_multivariate,visit_lab_query_pattern,-0.03213610905281239,0.03213610905281239,0
R02839,P0635,S04,2,Drug_A,78.8,F,2025-03-12,2025-03-12,0,40.4,39.5,13.1,1.03,3,0,0,normal,none,-0.0499036652060591,0.0499036652060591,0
R02840,P0039,S01,5,Drug_B,41.3,F,2025-07-04,2025-07-08,4,32.7,27.7,15.1,0.68,1,0,0,normal,none,-0.07700375166691287,0.07700375166691287,0
R02841,P0690,S05,1,Drug_A,44.3,M,2025-06-24,2025-06-24,0,11.1,11.7,12.5,0.82,1,0,0,normal,none,-0.06827723494242977,0.06827723494242977,0
R02842,P0066,S02,3,Drug_B,55.0,M,2025-08-15,2025-08-25,10,15.5,9.0,13.7,1.11,4,0,0,normal,none,-0.029342003828254137,0.029342003828254137,0
R02843,P0437,S02,2,Drug_A,53.3,F,2025-06-29,2025-07-05,6,26.3,16.3,11.1,0.79,2,0,0,normal,none,-0.09850628385719734,0.09850628385719734,0
R02844,P0505,S05,2,Drug_B,40.3,F,2025-04-25,2025-04-26,1,21.3,20.9,16.9,0.53,2,0,0,normal,none,-0.04234398234657871,0.04234398234657871,0
R02845,P0606,S09,5,Drug_A,61.6,F,2025-05-20,2025-05-20,0,17.3,10.6,12.1,0.71,3,0,0,normal,none,-0.061297159689400804,0.061297159689400804,0
R02846,P0136,S06,2,Drug_B,69.7,F,2025-03-13,2025-03-17,4,26.9,14.3,13.1,0.85,1,0,0,normal,none,-0.0912288754732688,0.0912288754732688,0
R02847,P0551,S02,5,Drug_B,37.1,F,2025-09-22,2025-09-24,2,29.1,31.0,12.1,0.85,2,0,0,normal,none,-0.09059511794834929,0.09059511794834929,0
R02848,P0225,S08,4,Drug_B,57.2,F,2025-09-02,2025-09-07,5,20.9,19.7,12.7,0.51,1,0,0,normal,none,-0.09776763286590501,0.09776763286590501,0
R02849,P0713,S07,5,Drug_B,41.2,M,2025-07-04,2025-07-10,6,32.6,29.0,15.7,0.9,4,0,0,normal,none,-0.05179326875875506,0.05179326875875506,0
R02850,P0254,S04,1,Placebo,63.1,M,2025-05-01,2025-05-02,1,19.9,13.1,14.0,1.16,2,0,0,normal,none,-0.07054731190108854,0.07054731190108854,0
R02851,P0196,S04,4,Drug_B,48.6,F,2025-09-21,2025-09-25,4,25.2,21.0,12.8,0.91,3,0,0,normal,none,-0.12502204215618756,0.12502204215618756,0
R02852,P0103,S06,5,Placebo,57.9,F,2025-03-03,2025-03-04,1,60.0,55.4,12.8,0.94,6,0,1,ml_multivariate,visit_lab_query_pattern,0.03863748602936934,-0.03863748602936934,1
R02853,P0698,S02,5,Placebo,76.2,F,2025-08-06,2025-08-13,7,44.9,33.6,12.0,0.55,1,0,0,normal,none,-0.015687013753458767,0.015687013753458767,0
R02854,P0325,S09,5,Drug_B,41.5,F,2025-06-15,2025-06-15,0,20.1,17.1,14.5,0.47,1,0,0,normal,none,-0.04926786045381848,0.04926786045381848,0
R02855,P0576,S10,2,Drug_B,43.2,M,2025-01-29,2025-01-30,1,,17.0,13.8,0.9,9,0,1,both_detectable,missing_plus_queries,0.0662277519263933,-0.0662277519263933,1
R02856,P0133,S04,1,Drug_B,51.3,M,2025-05-18,2025-05-23,5,12.6,8.0,16.4,0.98,0,0,0,normal,none,-0.002975148087330348,0.002975148087330348,0
R02857,P0518,S04,3,Drug_A,42.4,M,2025-07-22,2025-07-24,2,39.6,30.0,13.2,1.12,3,0,0,normal,none,-0.0878212710183473,0.0878212710183473,0
R02858,P0582,S09,3,Placebo,46.6,M,2025-06-17,2025-06-17,0,29.3,18.7,13.9,1.01,4,0,0,normal,none,-0.09383301665651939,0.09383301665651939,0
R02859,P0225,S08,1,Placebo,69.4,M,2025-06-19,2025-06-26,7,26.0,30.0,12.8,0.79,2,0,0,normal,none,-0.08139323069554905,0.08139323069554905,0
R02860,P0169,S02,1,Drug_A,54.6,M,2025-06-02,2025-06-01,-1,32.3,24.9,13.9,0.75,8,0,1,both_detectable,date_plus_queries,-0.01923176552003919,0.01923176552003919,0
R02861,P0282,S06,5,Drug_A,55.0,F,2025-10-22,2025-10-24,2,19.1,11.6,14.4,0.64,1,0,0,normal,none,-0.07616838376301438,0.07616838376301438,0
R02862,P0536,S10,4,Drug_B,64.8,F,2025-09-11,2025-09-12,1,23.0,21.6,12.1,0.9,0,0,0,normal,none,-0.09992957134689023,0.09992957134689023,0
R02863,P0744,S07,5,Placebo,56.0,M,2025-05-30,2025-06-08,9,64.1,58.8,14.1,0.89,0,0,0,normal,none,0.03574206211317699,-0.03574206211317699,1
R02864,P0304,S04,5,Drug_B,43.0,M,2025-08-02,2025-08-12,10,46.0,45.2,15.1,0.61,1,0,0,normal,none,-0.012986750658620538,0.012986750658620538,0
R02865,P0110,S03,4,Placebo,43.0,M,2025-08-04,2025-08-09,5,32.8,20.8,14.6,0.51,1,0,0,normal,none,-0.0763023469275817,0.0763023469275817,0
R02866,P0545,S09,1,Drug_B,54.7,M,2025-03-24,2025-03-24,0,21.1,17.0,14.6,0.54,1,0,0,normal,none,-0.07676871908813765,0.07676871908813765,0
R02867,P0156,S10,3,Drug_B,67.5,F,2025-04-17,2025-04-23,6,34.8,28.7,11.0,0.45,1,0,0,normal,none,-0.05675595341402828,0.05675595341402828,0
R02868,P0224,S01,3,Drug_A,55.6,F,2025-08-23,2025-08-24,1,43.8,29.4,11.2,0.68,1,0,0,normal,none,-0.09047712596632129,0.09047712596632129,0
R02869,P0673,S01,3,Drug_A,53.0,M,2025-05-16,2025-05-19,3,23.8,19.7,13.3,0.92,2,1,0,normal,none,-0.0105530973790941,0.0105530973790941,0
R02870,P0405,S01,1,Drug_A,48.0,F,2025-06-18,2025-06-23,5,43.0,43.2,13.2,0.56,3,0,0,normal,none,-0.05307283200080731,0.05307283200080731,0
R02871,P0139,S05,4,Drug_B,64.6,F,2025-09-03,2025-09-06,3,24.1,26.4,11.7,0.88,0,0,0,normal,none,-0.0937778109627716,0.0937778109627716,0
R02872,P0068,S08,1,Drug_A,51.0,F,2025-02-12,2025-02-16,4,11.4,9.2,10.5,0.56,4,0,0,normal,none,-0.011249741677296976,0.011249741677296976,0
R02873,P0559,S03,5,Drug_B,60.8,F,2025-09-25,2025-09-26,1,20.9,11.8,13.3,0.65,4,0,0,normal,none,-0.05698843241865281,0.05698843241865281,0
R02874,P0528,S03,2,Drug_B,54.3,M,2025-03-01,2025-03-02,1,20.5,17.0,15.1,0.8,1,0,0,normal,none,-0.10143242324632945,0.10143242324632945,0
R02875,P0552,S08,5,Drug_B,46.1,F,2025-07-26,2025-07-28,2,24.3,21.2,13.4,0.57,0,0,0,normal,none,-0.08236608816813762,0.08236608816813762,0
R02876,P0334,S08,1,Drug_B,43.0,M,2025-04-06,2025-04-08,2,29.5,25.7,13.1,1.29,0,1,0,normal,none,0.05695191004884903,-0.05695191004884903,1
R02877,P0576,S10,4,Drug_A,85.0,M,2025-05-08,2025-05-09,1,16.2,8.0,15.1,1.07,1,0,0,normal,none,0.004106932744952496,-0.004106932744952496,1
R02878,P0018,S03,4,Placebo,70.2,M,2025-07-08,2025-07-12,4,32.1,22.6,13.5,0.65,2,0,0,normal,none,-0.10192286828116809,0.10192286828116809,0
R02879,P0283,S08,3,Placebo,34.1,F,2025-05-28,2025-05-31,3,41.3,31.6,12.3,0.64,0,0,0,normal,none,-0.07632070958555365,0.07632070958555365,0
R02880,P0684,S10,4,Drug_B,79.3,F,2025-07-23,2025-07-25,2,27.8,25.8,13.0,0.78,3,0,0,normal,none,-0.08323643816486465,0.08323643816486465,0
R02881,P0228,S05,5,Placebo,80.6,F,2025-09-09,2025-09-13,4,20.9,14.6,13.3,0.74,3,0,0,normal,none,-0.0550567666828895,0.0550567666828895,0
R02882,P0416,S06,4,Placebo,65.6,M,2025-05-03,2025-05-05,2,12.7,10.4,13.8,0.87,1,0,0,normal,none,-0.09106359645778217,0.09106359645778217,0
R02883,P0469,S04,4,Drug_B,50.3,M,2025-08-27,2025-08-27,0,50.7,47.2,14.2,0.61,2,0,0,normal,none,-0.052345984192789796,0.052345984192789796,0
R02884,P0044,S01,4,Drug_A,41.3,F,2025-06-15,2025-06-18,3,22.6,16.7,11.5,0.66,0,0,0,normal,none,-0.08888694040879458,0.08888694040879458,0
R02885,P0253,S03,3,Drug_A,48.8,M,2025-08-21,2025-08-22,1,30.4,22.1,14.4,1.09,0,0,0,normal,none,-0.09277219799421293,0.09277219799421293,0
R02886,P0653,S08,3,Drug_B,69.0,M,2025-05-23,2025-05-24,1,,16.0,10.4,0.8,9,0,1,both_detectable,missing_plus_queries,0.09507805694749949,-0.09507805694749949,1
R02887,P0336,S10,3,Drug_A,36.8,M,2025-08-18,2025-08-23,5,13.7,12.0,14.5,0.45,3,0,0,normal,none,-0.035542339269084566,0.035542339269084566,0
R02888,P0224,S01,3,Placebo,39.8,F,2025-07-18,2025-07-19,1,38.3,32.0,12.0,1.0,0,0,0,normal,none,-0.08508817757745113,0.08508817757745113,0
R02889,P0643,S07,4,Placebo,76.1,M,2025-05-20,2025-05-20,0,17.8,9.6,14.9,1.02,2,0,0,normal,none,-0.03294276014362729,0.03294276014362729,0
R02890,P0285,S01,1,Drug_A,50.2,M,2025-03-27,2025-04-08,12,35.4,28.8,15.0,0.62,2,0,0,normal,none,-0.05270343373001929,0.05270343373001929,0
R02891,P0398,S07,3,Drug_A,64.0,M,2025-08-08,2025-08-11,3,29.3,26.0,13.0,0.95,2,0,0,normal,none,-0.1245150999608523,0.1245150999608523,0
R02892,P0428,S01,2,Placebo,51.7,M,2025-02-23,2025-02-28,5,24.1,8.0,15.9,0.72,0,0,0,normal,none,0.022481323226720473,-0.022481323226720473,1
R02893,P0174,S08,2,Drug_A,55.8,M,2025-05-22,2025-05-28,6,39.9,32.9,13.0,0.95,2,0,0,normal,none,-0.11107501399431469,0.11107501399431469,0
R02894,P0715,S05,3,Drug_A,53.7,F,2025-08-04,2025-08-05,1,27.1,9.2,12.5,0.67,2,0,0,normal,none,-0.03506258826918662,0.03506258826918662,0
R02895,P0529,S10,4,Drug_B,53.6,M,2025-04-24,2025-04-27,3,25.5,24.0,14.2,0.85,0,0,0,normal,none,-0.11364983442838472,0.11364983442838472,0
R02896,P0604,S02,4,Placebo,51.0,M,2025-04-02,2025-04-08,6,24.6,17.3,11.5,0.88,0,0,0,normal,none,-0.0995531881877243,0.0995531881877243,0
R02897,P0645,S02,2,Drug_B,45.3,F,2025-06-18,2025-06-21,3,17.1,12.6,11.0,0.59,1,0,0,normal,none,-0.0796915958418879,0.0796915958418879,0
R02898,P0320,S06,3,Placebo,39.2,F,2025-03-22,2025-03-27,5,17.2,8.0,11.8,0.62,2,0,0,normal,none,-0.049106464190689314,0.049106464190689314,0
R02899,P0297,S06,1,Placebo,80.5,M,2025-01-14,2025-01-21,7,15.9,13.4,14.4,1.0,3,0,0,normal,none,-0.031706072793982576,0.031706072793982576,0
R02900,P0613,S10,4,Drug_A,52.3,M,2025-08-31,2025-09-01,1,31.3,27.8,13.5,0.65,3,0,1,rule_detectable,duplicate_record,-0.10934093004656215,0.10934093004656215,0
R02901,P0149,S01,2,Placebo,60.5,M,2025-05-11,2025-05-12,1,26.2,14.5,12.3,0.9,2,1,0,normal,none,0.023221434838517685,-0.023221434838517685,1
R02902,P0308,S03,2,Placebo,59.6,F,2025-03-17,2025-03-19,2,20.0,9.9,14.0,0.69,1,0,0,normal,none,-0.0768794985552278,0.0768794985552278,0
R02903,P0065,S03,4,Drug_B,57.7,F,2025-06-11,2025-06-14,3,15.6,14.9,12.3,0.97,0,0,0,normal,none,-0.0927750253031081,0.0927750253031081,0
R02904,P0360,S08,2,Placebo,45.4,F,2025-03-31,2025-04-02,2,22.9,23.0,11.6,0.98,1,0,0,normal,none,-0.10659229028666073,0.10659229028666073,0
R02905,P0635,S04,3,Drug_B,55.3,F,2025-07-25,2025-07-28,3,17.5,13.7,13.5,0.71,0,0,0,normal,none,-0.10513067174815105,0.10513067174815105,0
R02906,P0368,S10,3,Drug_B,40.4,F,2025-06-14,2025-06-17,3,34.6,27.1,11.6,0.76,1,0,0,normal,none,-0.1121779343256627,0.1121779343256627,0
R02907,P0098,S02,1,Drug_B,58.5,F,2025-03-08,2025-03-13,5,28.3,26.3,13.7,0.7,2,0,0,normal,none,-0.10583486546209225,0.10583486546209225,0
R02908,P0257,S07,2,Placebo,74.7,M,2025-05-23,2025-05-26,3,18.0,14.6,12.2,0.97,2,0,0,normal,none,-0.09180519709678364,0.09180519709678364,0
R02909,P0163,S01,5,Placebo,47.6,F,2025-06-28,2025-07-01,3,38.2,33.3,13.2,0.5,2,0,0,normal,none,-0.07613079843522325,0.07613079843522325,0
R02910,P0673,S01,3,Drug_B,43.4,M,2025-03-07,2025-03-09,2,28.9,28.1,14.1,0.68,3,1,0,normal,none,0.023596570092369373,-0.023596570092369373,1
R02911,P0435,S10,2,Drug_A,51.8,F,2025-06-03,2025-06-07,4,45.6,41.6,10.5,0.81,3,0,0,normal,none,-0.07044992738552036,0.07044992738552036,0
R02912,P0651,S09,4,Drug_B,60.5,F,2025-05-29,2025-06-01,3,65.7,49.8,13.0,0.8,1,0,0,normal,none,-0.025393396601674167,0.025393396601674167,0
R02913,P0131,S03,5,Drug_B,57.2,F,2025-10-10,2025-10-15,5,37.8,17.3,13.2,0.83,2,0,0,normal,none,-0.06776441245336451,0.06776441245336451,0
R02914,P0593,S07,4,Placebo,47.1,M,2025-04-18,2025-04-23,5,32.0,25.0,11.9,0.87,2,0,0,normal,none,-0.12230373492088237,0.12230373492088237,0
R02915,P0405,S01,2,Placebo,71.8,M,2025-07-03,2025-07-04,1,27.2,,12.8,1.02,4,0,1,rule_detectable,missing_required_lab:AST,-0.054335040305350524,0.054335040305350524,0
R02916,P0186,S05,1,Placebo,58.6,M,2025-05-19,2025-05-22,3,19.1,18.1,15.1,0.63,2,0,0,normal,none,-0.07619336693776269,0.07619336693776269,0
R02917,P0499,S09,3,Drug_B,48.2,M,2025-08-11,2025-08-13,2,27.0,15.7,13.6,0.82,8,0,1,ml_multivariate,query_delay_site_pattern,-0.036031917258656065,0.036031917258656065,0
R02918,P0453,S01,3,Placebo,54.4,F,2025-05-22,2025-05-27,5,16.9,8.0,14.5,0.81,2,0,0,normal,none,-0.0674736643826554,0.0674736643826554,0
R02919,P0137,S02,1,Drug_B,58.9,F,2025-06-13,2025-06-16,3,32.4,29.8,13.5,0.76,1,0,0,normal,none,-0.10955479103614557,0.10955479103614557,0
R02920,P0485,S09,1,Drug_A,53.0,F,2025-03-27,2025-03-27,0,31.6,27.0,14.2,0.6,1,0,0,normal,none,-0.08946193599192837,0.08946193599192837,0
R02921,P0151,S04,3,Drug_B,46.4,M,2025-08-19,2025-08-19,0,52.5,49.0,13.9,1.02,2,0,0,normal,none,-0.062668878888482,0.062668878888482,0
R02922,P0445,S09,4,Drug_B,51.5,F,2025-09-16,2025-09-16,0,22.9,18.3,13.6,0.6,4,0,0,normal,none,-0.09047534791975631,0.09047534791975631,0
R02923,P0144,S10,4,Placebo,58.5,F,2025-07-16,2025-07-19,3,29.8,25.9,13.1,0.73,4,1,0,normal,none,0.014301267932812833,-0.014301267932812833,1
R02924,P0517,S10,3,Placebo,47.5,F,2025-06-28,2025-07-03,5,27.3,19.3,11.9,0.45,6,0,0,normal,none,-0.030572330273570425,0.030572330273570425,0
R02925,P0279,S02,4,Drug_B,34.5,M,2025-09-15,2025-09-18,3,46.0,30.4,14.7,0.88,3,0,0,normal,none,-0.06850208233482208,0.06850208233482208,0
R02926,P0704,S05,2,Placebo,71.9,M,2025-06-12,2025-06-19,7,27.2,28.4,13.6,1.0,4,0,0,normal,none,-0.06927065004167937,0.06927065004167937,0
R02927,P0283,S08,2,Drug_A,59.6,M,2025-02-16,2025-02-18,2,21.8,19.1,13.3,1.14,1,0,0,normal,none,-0.10599436842456927,0.10599436842456927,0
R02928,P0030,S05,2,Drug_A,44.0,F,2025-07-09,2025-07-10,1,16.1,10.6,13.4,0.65,0,0,0,normal,none,-0.07228110724687159,0.07228110724687159,0
R02929,P0709,S10,5,Drug_B,56.4,F,2025-07-25,2025-07-30,5,21.2,16.9,14.0,0.75,2,0,0,normal,none,-0.10345983355796379,0.10345983355796379,0
R02930,P0416,S06,2,Placebo,41.5,M,2025-07-29,2025-08-06,8,19.5,17.3,15.7,1.05,1,0,0,normal,none,-0.057511729975881776,0.057511729975881776,0
R02931,P0459,S02,3,Drug_A,55.2,M,2025-04-19,2025-04-23,4,19.9,11.9,12.8,1.1,2,0,0,normal,none,-0.09766891624456014,0.09766891624456014,0
R02932,P0494,S10,2,Drug_B,58.3,M,2025-06-11,2025-06-16,5,27.8,23.1,13.9,0.76,2,0,0,normal,none,-0.12517605433556628,0.12517605433556628,0
R02933,P0456,S06,3,Placebo,43.7,M,2025-07-14,2025-07-19,5,25.8,10.4,17.3,0.87,3,0,0,normal,none,-0.004867374666925883,0.004867374666925883,0
R02934,P0353,S05,5,Drug_B,36.4,M,2025-06-22,2025-06-30,8,35.1,27.7,13.6,0.89,1,0,0,normal,none,-0.0816297576460202,0.0816297576460202,0
R02935,P0169,S02,3,Drug_A,58.6,F,2025-05-30,2025-06-06,7,27.2,16.5,12.6,0.86,2,0,0,normal,none,-0.11015516542418763,0.11015516542418763,0
R02936,P0651,S09,2,Drug_A,46.3,F,2025-03-13,2025-03-13,0,56.5,39.6,11.2,0.7,1,0,0,normal,none,-0.042976136590114455,0.042976136590114455,0
R02937,P0172,S04,2,Placebo,27.7,M,2025-07-30,2025-08-03,4,23.4,14.0,14.6,0.73,1,0,0,normal,none,-0.06711496521798971,0.06711496521798971,0
R02938,P0535,S08,4,Placebo,57.9,M,2025-05-17,2025-05-20,3,16.1,19.3,13.0,0.92,2,0,0,normal,none,-0.10243978318997132,0.10243978318997132,0
R02939,P0551,S02,1,Drug_B,35.6,M,2025-03-24,2025-03-26,2,14.9,11.5,12.4,0.69,4,0,0,normal,none,-0.04938664471807702,0.04938664471807702,0
R02940,P0489,S01,5,Drug_B,53.9,F,2025-10-03,2025-10-07,4,27.7,18.3,11.9,1.02,5,0,0,normal,none,-0.058155032362130654,0.058155032362130654,0
R02941,P0268,S02,1,Drug_B,51.0,M,2025-06-13,2025-06-24,11,8.9,8.0,13.9,0.92,3,0,0,normal,none,-0.03028341902247722,0.03028341902247722,0
R02942,P0258,S02,4,Placebo,45.9,F,2025-05-08,2025-05-14,6,34.3,22.5,13.0,0.94,2,0,0,normal,none,-0.11483422001840965,0.11483422001840965,0
R02943,P0657,S03,3,Drug_A,65.3,M,2025-06-10,2025-06-11,1,33.9,31.9,13.3,0.93,3,0,0,normal,none,-0.1015698357728001,0.1015698357728001,0
R02944,P0478,S07,5,Drug_A,57.9,M,2025-07-21,2025-07-21,0,19.5,15.1,12.7,0.92,0,0,0,normal,none,-0.08370673135840845,0.08370673135840845,0
R02945,P0201,S09,3,Drug_A,48.6,F,2025-07-26,2025-07-26,0,17.5,14.6,13.3,1.06,3,0,0,normal,none,-0.09881925477462139,0.09881925477462139,0
R02946,P0581,S02,1,Drug_A,47.2,M,2025-02-01,2025-02-06,5,24.4,19.0,13.4,1.05,1,0,0,normal,none,-0.10612518215375227,0.10612518215375227,0
R02947,P0094,S10,2,Drug_A,67.9,F,2025-06-21,2025-06-24,3,16.6,12.6,12.2,0.77,2,0,0,normal,none,-0.10177459537274908,0.10177459537274908,0
R02948,P0469,S04,3,Drug_B,50.1,F,2025-07-02,2025-07-02,0,23.2,19.2,12.2,0.79,3,0,0,normal,none,-0.11671230731159471,0.11671230731159471,0
R02949,P0550,S04,5,Drug_A,63.7,M,2025-05-03,2025-05-04,1,34.1,17.2,15.1,1.06,0,0,0,normal,none,-0.025117248024926042,0.025117248024926042,0
R02950,P0357,S01,1,Drug_A,43.4,M,2025-01-21,2025-01-21,0,18.0,8.7,14.4,1.21,2,0,0,normal,none,-0.01506962351321034,0.01506962351321034,0
R02951,P0285,S01,1,Drug_B,70.0,F,2025-01-01,2025-01-03,2,36.6,32.8,13.0,0.83,2,0,0,normal,none,-0.09039065857619744,0.09039065857619744,0
R02952,P0649,S01,4,Placebo,55.8,F,2025-08-05,2025-08-06,1,36.4,29.0,12.2,0.63,0,0,0,normal,none,-0.0912144514318538,0.0912144514318538,0
R02953,P0146,S05,5,Drug_B,53.8,M,2025-09-13,2025-09-13,0,47.2,32.9,12.8,0.89,3,0,0,normal,none,-0.06535602192826578,0.06535602192826578,0
R02954,P0330,S01,4,Placebo,35.1,F,2025-09-03,2025-09-06,3,20.0,12.6,9.4,0.59,1,0,0,normal,none,-0.05028239517144667,0.05028239517144667,0
R02955,P0410,S01,1,Drug_B,45.6,F,2025-04-24,2025-04-29,5,9.8,8.0,11.1,0.73,1,0,0,normal,none,-0.04200090605164908,0.04200090605164908,0
R02956,P0252,S03,5,Drug_A,56.6,F,2025-09-18,2025-09-22,4,32.1,23.5,12.6,0.74,3,0,0,normal,none,-0.09749783220945785,0.09749783220945785,0
R02957,P0292,S10,1,Placebo,59.9,F,2025-05-20,2025-05-23,3,22.2,9.1,13.3,0.61,5,0,0,normal,none,0.002853585190609298,-0.002853585190609298,1
R02958,P0006,S07,3,Drug_B,34.6,M,2025-04-07,2025-04-08,1,51.9,66.8,13.5,0.94,1,0,0,normal,none,-0.003103256704717061,0.003103256704717061,0
R02959,P0654,S08,1,Drug_B,79.1,F,2025-04-18,2025-04-27,9,74.3,72.0,10.0,1.35,2,0,1,ml_multivariate,lab_profile,0.11670175861153742,-0.11670175861153742,1
R02960,P0636,S08,2,Drug_B,64.2,F,2025-03-26,2025-03-29,3,25.7,22.7,14.2,0.98,0,0,0,normal,none,-0.10209115146586067,0.10209115146586067,0
R02961,P0198,S05,3,Drug_A,73.4,M,2025-07-31,2025-08-06,6,21.2,23.0,13.9,0.71,1,0,0,normal,none,-0.0933740042691808,0.0933740042691808,0
R02962,P0138,S03,5,Drug_A,58.6,F,2025-07-07,2025-07-08,1,11.4,8.0,13.5,0.57,1,0,0,normal,none,-0.05009736082926003,0.05009736082926003,0
R02963,P0195,S05,2,Drug_B,29.9,F,2025-03-25,2025-03-26,1,14.8,12.6,14.8,1.0,4,0,0,normal,none,-0.04287100125487864,0.04287100125487864,0
R02964,P0311,S02,3,Placebo,34.8,M,2025-06-23,2025-06-26,3,12.1,8.0,15.5,0.71,1,0,0,normal,none,-0.03760796858524246,0.03760796858524246,0
R02965,P0504,S05,5,Drug_A,68.9,F,2025-08-26,2025-09-01,6,44.2,32.4,12.3,0.87,2,0,0,normal,none,-0.0653788708155919,0.0653788708155919,0
R02966,P0463,S02,1,Placebo,32.2,M,2025-05-27,2025-05-29,2,44.2,32.4,13.4,0.73,1,0,0,normal,none,-0.07132743673923636,0.07132743673923636,0
R02967,P0466,S04,5,Placebo,30.1,M,2025-07-22,2025-07-25,3,25.2,14.1,14.1,1.03,2,0,0,normal,none,-0.057934346905878675,0.057934346905878675,0
R02968,P0114,S09,2,Drug_B,43.8,M,2025-06-08,2025-06-08,0,44.7,37.2,11.8,1.07,0,0,0,normal,none,-0.055134916329272365,0.055134916329272365,0
R02969,P0714,S08,1,Drug_A,71.1,M,2025-05-02,2025-05-03,1,42.7,46.5,14.2,1.05,0,0,0,normal,none,-0.026137472630498038,0.026137472630498038,0
R02970,P0613,S10,3,Drug_B,51.6,M,2025-03-10,2025-03-20,10,82.8,71.7,12.3,0.76,2,0,0,normal,none,0.03119116042576653,-0.03119116042576653,1
R02971,P0563,S01,4,Drug_A,41.9,F,2025-06-13,2025-06-17,4,32.8,28.5,12.1,0.6,3,0,0,normal,none,-0.09719525408707819,0.09719525408707819,0
R02972,P0001,S04,5,Placebo,38.0,M,2025-07-09,2025-07-14,5,27.0,15.4,15.0,1.02,1,0,0,normal,none,-0.05899935884852281,0.05899935884852281,0
R02973,P0549,S05,2,Placebo,47.5,F,2025-02-03,2025-02-07,4,18.2,10.8,14.6,0.94,1,0,0,normal,none,-0.08927525537844372,0.08927525537844372,0
R02974,P0144,S10,4,Drug_B,63.2,M,2025-05-07,2025-05-11,4,32.9,24.7,13.0,1.29,1,0,0,normal,none,-0.07354923188221135,0.07354923188221135,0
R02975,P0438,S07,1,Placebo,37.4,F,2025-03-26,2025-03-26,0,41.1,40.5,12.9,1.07,1,0,0,normal,none,-0.0580131497290004,0.0580131497290004,0
R02976,P0611,S03,5,Drug_B,30.5,M,2025-05-23,2025-05-26,3,33.1,38.0,15.0,0.8,0,0,0,normal,none,-0.031014941949680186,0.031014941949680186,0
R02977,P0441,S01,3,Drug_B,58.7,F,2025-08-07,2025-08-12,5,28.4,14.0,13.0,0.81,3,0,0,normal,none,-0.092007218000558,0.092007218000558,0
R02978,P0444,S02,5,Drug_A,45.5,M,2025-07-02,2025-08-04,33,38.4,32.6,13.3,0.99,2,0,1,rule_detectable,excessive_entry_delay,-0.015259463138368179,0.015259463138368179,0
R02979,P0498,S09,3,Placebo,79.1,F,2025-03-04,2025-03-07,3,25.5,25.4,11.9,0.54,1,0,0,normal,none,-0.07008566697404134,0.07008566697404134,0
R02980,P0642,S08,1,Drug_B,74.9,M,2025-03-06,2025-03-07,1,22.9,14.8,12.2,0.9,1,0,0,normal,none,-0.0819682909339578,0.0819682909339578,0
R02981,P0030,S05,5,Drug_B,58.5,M,2025-05-02,2025-05-03,1,28.5,11.6,14.4,1.06,1,0,0,normal,none,-0.023266929158884342,0.023266929158884342,0
R02982,P0528,S03,1,Drug_B,38.1,M,2025-01-25,2025-01-27,2,23.0,26.5,12.4,1.12,1,0,0,normal,none,-0.06606922583908098,0.06606922583908098,0
R02983,P0640,S04,1,Drug_B,56.0,M,2025-03-27,2025-03-28,1,36.0,35.6,13.2,0.74,0,0,0,normal,none,-0.08233044261219424,0.08233044261219424,0
R02984,P0180,S09,5,Drug_A,65.4,F,2025-08-18,2025-08-20,2,21.2,11.2,12.3,0.75,4,0,0,normal,none,-0.04563464834804992,0.04563464834804992,0
R02985,P0603,S05,5,Drug_A,48.5,M,2025-10-09,2025-10-10,1,26.2,10.6,16.0,0.52,0,0,0,normal,none,0.024338552911578604,-0.024338552911578604,1
R02986,P0454,S06,5,Placebo,56.3,F,2025-09-04,2025-09-09,5,20.2,13.9,14.5,0.94,1,0,0,normal,none,-0.0935326183132571,0.0935326183132571,0
R02987,P0280,S07,3,Placebo,71.9,F,2025-03-09,2025-03-11,2,28.3,22.1,12.3,0.73,1,0,0,normal,none,-0.11377878025850263,0.11377878025850263,0
R02988,P0308,S03,3,Drug_A,39.8,F,2025-03-20,2025-03-21,1,16.8,18.6,15.9,0.66,1,0,0,normal,none,-0.05499599761216761,0.05499599761216761,0
R02989,P0721,S05,1,Drug_A,71.2,M,2025-06-18,2025-06-25,7,8.2,10.6,13.5,0.8,2,0,0,normal,none,-0.034546831501241104,0.034546831501241104,0
R02990,P0453,S01,2,Drug_B,37.0,F,2025-07-26,2025-07-28,2,19.9,13.9,12.4,0.64,2,0,0,normal,none,-0.0981662342483367,0.0981662342483367,0
R02991,P0495,S02,1,Drug_B,43.3,F,2025-04-12,2025-04-16,4,57.4,56.6,14.1,0.85,1,0,0,normal,none,-0.013892375578044569,0.013892375578044569,0
R02992,P0591,S08,4,Drug_A,37.7,M,2025-06-15,2025-06-21,6,16.5,9.5,12.0,1.0,3,0,0,normal,none,-0.05924067978029274,0.05924067978029274,0
R02993,P0051,S07,5,Drug_B,85.0,M,2025-07-20,2025-07-20,0,55.9,47.3,14.8,0.96,1,0,0,normal,none,0.018173057136256388,-0.018173057136256388,1
R02994,P0342,S10,4,Drug_A,69.8,M,2025-08-05,2025-08-10,5,21.4,14.7,11.8,1.23,1,0,0,normal,none,-0.05807665526095618,0.05807665526095618,0
R02995,P0269,S03,3,Drug_B,47.3,F,2025-07-14,2025-07-16,2,14.7,13.4,11.2,0.71,1,0,0,normal,none,-0.0901110092889279,0.0901110092889279,0
R02996,P0677,S07,2,Drug_A,38.4,F,2025-03-11,2025-03-13,2,17.2,15.4,10.8,0.98,3,0,0,normal,none,-0.06960867104194884,0.06960867104194884,0
R02997,P0098,S02,3,Drug_A,47.3,M,2025-08-22,2025-08-26,4,29.8,11.1,12.3,1.24,2,0,0,normal,none,-0.018115602870757197,0.018115602870757197,0
R02998,P0710,S07,1,Drug_A,65.1,M,2025-04-24,2025-04-24,0,40.6,30.2,12.8,0.93,0,0,0,normal,none,-0.07525176175061904,0.07525176175061904,0
R02999,P0178,S04,4,Placebo,62.1,F,2025-06-23,2025-06-24,1,20.0,20.5,13.4,0.72,1,0,0,normal,none,-0.10804463025709776,0.10804463025709776,0
R03000,P0201,S09,4,Drug_A,36.4,M,2025-04-04,2025-04-04,0,59.5,42.8,13.9,0.97,1,0,0,normal,none,-0.026728838756118478,0.026728838756118478,0
