record_id,patient_id,site_id,ground_truth_anomaly,ground_truth_category,ground_truth_types,contamination,isolation_forest_flag,anomaly_score
R00775,P0565,S04,0,normal,none,0.05,0,-0.06245473238642568
R00239,P0327,S05,0,normal,none,0.05,0,-0.05967523011965614
R01730,P0144,S10,0,normal,none,0.05,0,-0.1110213529342825
R01276,P0700,S08,0,normal,none,0.05,0,-0.08795785534574613
R02431,P0600,S05,0,normal,none,0.05,0,-0.07741865898635453
R00207,P0484,S03,0,normal,none,0.05,0,-0.10636541595238069
R00485,P0212,S07,0,normal,none,0.05,0,-0.09662960949087246
R01549,P0094,S10,0,normal,none,0.05,0,-0.08471920235008334
R01575,P0183,S08,0,normal,none,0.05,0,-0.14605897431022608
R02582,P0248,S02,0,normal,none,0.05,0,-0.029194559227563144
R00861,P0189,S06,0,normal,none,0.05,0,-0.10400456533341051
R00112,P0386,S03,0,normal,none,0.05,0,-0.12832799361533398
R02819,P0160,S08,0,normal,none,0.05,0,-0.04707262378097182
R02396,P0502,S09,1,both_detectable,missing_plus_queries,0.05,1,0.04234289097354749
R02166,P0339,S09,0,normal,none,0.05,0,-0.08292939186636045
R01470,P0237,S04,0,normal,none,0.05,0,-0.13498139708956447
R01802,P0659,S04,0,normal,none,0.05,0,-0.08461741717952137
R01034,P0108,S10,0,normal,none,0.05,0,-0.1317035095181608
R02440,P0631,S01,0,normal,none,0.05,0,-0.1246827529663031
R00671,P0702,S09,0,normal,none,0.05,0,-0.11300240392704192
R00035,P0302,S03,0,normal,none,0.05,0,-0.10159500513708025
R01479,P0339,S09,0,normal,none,0.05,0,-0.1360169405266291
R00077,P0283,S08,0,normal,none,0.05,0,-0.007322705232887583
R02628,P0229,S04,0,normal,none,0.05,0,-0.10123201384815667
R00935,P0247,S10,0,normal,none,0.05,0,-0.08036002619511651
R02599,P0051,S07,0,normal,none,0.05,0,-0.09072328213291181
R01279,P0045,S06,1,ml_multivariate,visit_lab_query_pattern,0.05,1,0.013645931365476871
R02686,P0090,S08,1,rule_detectable,excessive_entry_delay,0.05,1,0.026579513980690583
R02412,P0133,S04,0,normal,none,0.05,0,-0.057718369428496896
R02156,P0219,S01,0,normal,none,0.05,0,-0.10503296296029363
R02305,P0535,S08,0,normal,none,0.05,0,-0.11032878877556535
R02897,P0645,S02,0,normal,none,0.05,0,-0.10389874395992005
R00752,P0455,S08,0,normal,none,0.05,0,-0.15380761575930024
R01367,P0401,S08,0,normal,none,0.05,0,-0.13157815147831908
R00875,P0386,S03,1,rule_detectable,date_inconsistency,0.05,0,-0.08667831434839257
R00350,P0115,S09,0,normal,none,0.05,0,-0.1348145126256008
R02485,P0348,S06,0,normal,none,0.05,0,-0.09315883799231522
R01741,P0570,S05,0,normal,none,0.05,0,-0.08173590749093546
R01890,P0280,S07,1,rule_detectable,invalid_visit_sequence,0.05,0,-0.07449769352816388
R00500,P0252,S03,0,normal,none,0.05,0,-0.11762598726040141
R00403,P0675,S10,0,normal,none,0.05,0,-0.08945643851648122
R00347,P0185,S01,0,normal,none,0.05,0,-0.08595824540125752
R00636,P0538,S07,1,ml_multivariate,lab_profile,0.05,1,0.04504734922739151
R00908,P0148,S03,0,normal,none,0.05,0,-0.05255563099498817
R01101,P0311,S02,0,normal,none,0.05,0,-0.06820259956527303
R00357,P0236,S02,0,normal,none,0.05,0,-0.12363728098171273
R02476,P0445,S09,0,normal,none,0.05,0,-0.1255688292463299
R00970,P0566,S06,0,normal,none,0.05,0,-0.1304850494299954
R01994,P0675,S10,0,normal,none,0.05,0,-0.019295369302835375
R02180,P0380,S08,0,normal,none,0.05,0,-0.11064766261805892
R01143,P0019,S06,0,normal,none,0.05,0,-0.09706725027158364
R02774,P0559,S03,0,normal,none,0.05,0,-0.06955845191061277
R00183,P0741,S02,0,normal,none,0.05,0,-0.10442570742717466
R00906,P0493,S07,0,normal,none,0.05,0,-0.12196563732287474
R02891,P0398,S07,0,normal,none,0.05,0,-0.15004554561147976
R01928,P0098,S02,0,normal,none,0.05,0,-0.12421068085741394
R02787,P0439,S03,0,normal,none,0.05,0,-0.10662818958683729
R00729,P0693,S02,0,normal,none,0.05,0,-0.047469614156725626
R01446,P0077,S07,0,normal,none,0.05,0,-0.07125516560093226
R00368,P0448,S03,0,normal,none,0.05,0,-0.12448158363295142
R02919,P0137,S02,0,normal,none,0.05,0,-0.12948113319803217
R00151,P0007,S07,0,normal,none,0.05,0,-0.04444524860065824
R02260,P0431,S02,0,normal,none,0.05,0,-0.12626867592945767
R02888,P0224,S01,0,normal,none,0.05,0,-0.10962054073956196
R01305,P0308,S03,0,normal,none,0.05,0,-0.1307064719172712
R01879,P0105,S04,0,normal,none,0.05,0,-0.06442900913466193
R00007,P0637,S04,0,normal,none,0.05,0,-0.118611413578042
R02134,P0508,S08,0,normal,none,0.05,0,-0.0883228789447108
R00219,P0430,S05,0,normal,none,0.05,0,-0.12666912603782132
R01246,P0316,S04,0,normal,none,0.05,0,-0.12253504636926865
R00266,P0539,S09,0,normal,none,0.05,0,-0.10023340982642093
R00889,P0382,S05,0,normal,none,0.05,0,-0.09606298588447804
R02894,P0715,S05,0,normal,none,0.05,0,-0.05069894462950114
R02012,P0353,S05,0,normal,none,0.05,0,-0.11651427033832551
R00940,P0692,S10,0,normal,none,0.05,0,-0.08511876269937657
R02137,P0038,S02,0,normal,none,0.05,0,-0.13558691228865655
R01083,P0729,S07,0,normal,none,0.05,0,-0.09815311256960785
R02257,P0222,S03,0,normal,none,0.05,0,-0.10378858325336304
R02066,P0360,S08,0,normal,none,0.05,0,-0.07592082365008412
R00473,P0237,S04,0,normal,none,0.05,0,-0.1244637933595309
R01976,P0029,S04,0,normal,none,0.05,0,-0.08016671853062785
R02334,P0440,S07,0,normal,none,0.05,0,-0.059002900217783594
R00572,P0735,S08,0,normal,none,0.05,0,-0.09950735645246911
R02152,P0750,S03,0,normal,none,0.05,0,-0.06772058354913868
R00336,P0013,S03,0,normal,none,0.05,0,-0.07940215235879994
R00706,P0170,S02,0,normal,none,0.05,0,-0.12631407039138665
R01085,P0250,S06,0,normal,none,0.05,0,-0.0037666916055143496
R01797,P0068,S08,0,normal,none,0.05,0,-0.15083574319643478
R02179,P0573,S07,0,normal,none,0.05,0,-0.09182484547738423
R02801,P0361,S10,0,normal,none,0.05,0,-0.13683751673867767
R02202,P0526,S01,0,normal,none,0.05,0,-0.14063588079964645
R00386,P0021,S06,0,normal,none,0.05,0,-0.04655710568156901
R01682,P0527,S06,0,normal,none,0.05,0,-0.08643450438330491
R00036,P0649,S01,0,normal,none,0.05,0,-0.11653031486216925
R00426,P0079,S05,0,normal,none,0.05,0,-0.0950284614228662
R00362,P0183,S08,0,normal,none,0.05,0,-0.11702509226989433
R00816,P0479,S02,0,normal,none,0.05,0,-0.09122494737429615
R00259,P0014,S06,0,normal,none,0.05,0,-0.0859145218401331
R00950,P0307,S08,0,normal,none,0.05,0,-0.12352219931838271
R00459,P0536,S10,0,normal,none,0.05,0,-0.05813480657162107
R00593,P0312,S04,0,normal,none,0.05,0,-0.12869274120054042
R01519,P0515,S09,0,normal,none,0.05,0,-0.0524969164727872
R01850,P0332,S07,0,normal,none,0.05,0,-0.0796090161348254
R00478,P0306,S08,0,normal,none,0.05,0,-0.15083826226508734
R01002,P0459,S02,0,normal,none,0.05,0,-0.02982360923225652
R02656,P0469,S04,0,normal,none,0.05,0,-0.09298952578179787
R01582,P0687,S04,0,normal,none,0.05,0,-0.08127641733807583
R01518,P0228,S05,0,normal,none,0.05,0,-0.14925424743894672
R02876,P0334,S08,0,normal,none,0.05,1,0.024623287381013048
R00555,P0217,S05,0,normal,none,0.05,0,-0.10265414688824415
R02243,P0019,S06,0,normal,none,0.05,0,-0.13770500987667295
R02979,P0498,S09,0,normal,none,0.05,0,-0.10079933871279584
R02846,P0136,S06,0,normal,none,0.05,0,-0.11337477579214933
R00323,P0110,S03,0,normal,none,0.05,0,-0.10749660844893061
R02325,P0002,S01,0,normal,none,0.05,0,-0.11667019002717133
R01744,P0204,S02,0,normal,none,0.05,0,-0.11950604969123352
R01786,P0199,S03,0,normal,none,0.05,0,-0.11915856555066068
R01448,P0592,S03,0,normal,none,0.05,0,-0.11726405296245279
R00166,P0433,S03,0,normal,none,0.05,0,-0.11830048719850406
R02487,P0280,S07,1,rule_detectable,date_inconsistency,0.05,0,-0.0931673242274415
R01676,P0235,S10,0,normal,none,0.05,0,-0.07139911275502664
R00715,P0139,S05,0,normal,none,0.05,0,-0.05705690357213272
R00831,P0686,S05,0,normal,none,0.05,0,-0.09758703449202227
R01188,P0067,S03,0,normal,none,0.05,0,-0.11552216493165224
R02268,P0516,S08,0,normal,none,0.05,0,-0.11290151281878863
R02784,P0259,S06,0,normal,none,0.05,0,-0.10453290891692796
R02099,P0553,S03,0,normal,none,0.05,0,-0.08000085106252569
R02623,P0163,S01,0,normal,none,0.05,0,-0.10350570875614568
R00986,P0195,S05,0,normal,none,0.05,0,-0.08806720432314197
R01849,P0704,S05,0,normal,none,0.05,0,-0.14697098099605738
R00521,P0370,S09,0,normal,none,0.05,0,-0.12305643295172164
R02251,P0342,S10,0,normal,none,0.05,0,-0.12308096372435295
R01223,P0174,S08,0,normal,none,0.05,0,-0.13580110802017847
R01597,P0164,S08,0,normal,none,0.05,0,-0.12140308742589107
R02616,P0239,S06,0,normal,none,0.05,0,-0.08263024403717228
R02357,P0417,S08,0,normal,none,0.05,0,-0.14963896642484154
R00251,P0511,S06,0,normal,none,0.05,0,-0.0557802352595535
R02751,P0282,S06,0,normal,none,0.05,0,-0.10460189404469816
R00241,P0593,S07,0,normal,none,0.05,0,-0.08722074602067287
R01784,P0240,S02,0,normal,none,0.05,0,-0.14058174623972586
R01485,P0451,S07,0,normal,none,0.05,0,-0.08414622508466807
R02978,P0444,S02,1,rule_detectable,excessive_entry_delay,0.05,0,-0.03945802906997187
R02688,P0150,S01,1,both_detectable,delay_plus_labs,0.05,1,0.04827885933686904
R00862,P0009,S10,0,normal,none,0.05,0,-0.09815675944492758
R01827,P0358,S01,0,normal,none,0.05,0,-0.09695949744385907
R00163,P0146,S05,0,normal,none,0.05,0,-0.1439946998373623
R00683,P0044,S01,0,normal,none,0.05,0,-0.014012519761705255
R02639,P0592,S03,0,normal,none,0.05,0,-0.11836743734388766
R01927,P0584,S09,0,normal,none,0.05,0,-0.0847942971400073
R00173,P0406,S05,0,normal,none,0.05,0,-0.06589737031855364
R01608,P0456,S06,0,normal,none,0.05,0,-0.07188937583961114
R00313,P0550,S04,0,normal,none,0.05,0,-0.03993717255477097
R00891,P0352,S06,0,normal,none,0.05,0,-0.14042267451308954
R00883,P0290,S05,0,normal,none,0.05,0,-0.09027159300944959
R01114,P0054,S02,0,normal,none,0.05,0,-0.11334716113558102
R02111,P0460,S07,0,normal,none,0.05,0,-0.0213053316777842
R00186,P0580,S03,0,normal,none,0.05,0,-0.13924220729394887
R00052,P0344,S01,0,normal,none,0.05,0,-0.12318388026104282
R01680,P0098,S02,0,normal,none,0.05,0,-0.08741003416622961
R00528,P0203,S10,0,normal,none,0.05,0,-0.08766477777970977
R00491,P0176,S09,0,normal,none,0.05,0,-0.09643495997992019
R02853,P0698,S02,0,normal,none,0.05,0,-0.06216020740820455
R02921,P0151,S04,0,normal,none,0.05,0,-0.06550295928694916
R01615,P0629,S08,0,normal,none,0.05,0,-0.13879080779848502
R00460,P0595,S09,0,normal,none,0.05,0,-0.11668118559959062
R00390,P0674,S08,0,normal,none,0.05,0,-0.10157201859567994
R01902,P0329,S06,0,normal,none,0.05,0,-0.09865428745641425
R02386,P0391,S08,0,normal,none,0.05,0,-0.05488962822534127
R02944,P0478,S07,0,normal,none,0.05,0,-0.11401186889932313
R01238,P0053,S09,0,normal,none,0.05,0,-0.1306763318091082
R02231,P0187,S08,0,normal,none,0.05,0,-0.11105508060720037
R01428,P0665,S05,0,normal,none,0.05,0,-0.0904761914157356
R00118,P0481,S08,0,normal,none,0.05,0,-0.09304537522076961
R02087,P0453,S01,0,normal,none,0.05,0,-0.007029528667611751
R01921,P0655,S09,0,normal,none,0.05,0,-0.033964250645388494
R01001,P0442,S08,0,normal,none,0.05,0,-0.0574270242885746
R00772,P0502,S09,0,normal,none,0.05,0,-0.14201880648751963
R01716,P0089,S02,0,normal,none,0.05,0,-0.06034374832457512
R00303,P0337,S06,0,normal,none,0.05,0,-0.08342269725562301
R02342,P0364,S06,0,normal,none,0.05,0,-0.11769213294071529
R00092,P0446,S06,0,normal,none,0.05,0,-0.06956538507292637
R01053,P0563,S01,0,normal,none,0.05,0,-0.12735509140222395
R01866,P0089,S02,0,normal,none,0.05,0,-0.11682834337138182
R01426,P0453,S01,0,normal,none,0.05,0,-0.1118104335580069
R00898,P0741,S02,0,normal,none,0.05,0,-0.14735786545586738
R01488,P0464,S05,0,normal,none,0.05,0,-0.04874244285451296
R02446,P0152,S06,0,normal,none,0.05,0,-0.02395246117316352
R02744,P0583,S07,0,normal,none,0.05,0,-0.10633574254600064
R00012,P0750,S03,0,normal,none,0.05,0,-0.041230620064510504
R02235,P0438,S07,0,normal,none,0.05,0,-0.1013152816953315
R02132,P0584,S09,0,normal,none,0.05,0,-0.1117362344348592
R00820,P0129,S10,0,normal,none,0.05,0,-0.104212297173297
R02093,P0520,S09,0,normal,none,0.05,1,0.05881991090065708
R02588,P0479,S02,0,normal,none,0.05,0,-0.06260154366737586
R01046,P0209,S07,0,normal,none,0.05,0,-0.1036319746406491
R00802,P0076,S10,0,normal,none,0.05,0,-0.1370614218356836
R00742,P0562,S02,0,normal,none,0.05,0,-0.0293727828375015
R02604,P0143,S08,0,normal,none,0.05,0,-0.04909874867963754
R00882,P0660,S07,0,normal,none,0.05,0,-0.10932811095942702
R01805,P0608,S05,1,ml_multivariate,visit_lab_query_pattern,0.05,0,-0.035915993255865364
R00257,P0542,S10,0,normal,none,0.05,0,-0.09088846495877384
R02630,P0744,S07,0,normal,none,0.05,0,-0.07875337479900651
R00044,P0425,S09,0,normal,none,0.05,0,-0.09289240443830277
R01810,P0438,S07,0,normal,none,0.05,0,-0.12479935172959833
R00503,P0178,S04,0,normal,none,0.05,0,-0.026804234293372087
R02983,P0640,S04,0,normal,none,0.05,0,-0.10133500158717068
R01349,P0348,S06,0,normal,none,0.05,0,-0.02591450517151972
R01554,P0578,S08,0,normal,none,0.05,0,-0.09076853608250962
R01950,P0291,S02,0,normal,none,0.05,0,-0.12546393441203452
R01514,P0697,S03,0,normal,none,0.05,0,-0.1155642441432223
R02805,P0527,S06,0,normal,none,0.05,0,-0.06059265403144909
R02200,P0527,S06,0,normal,none,0.05,0,-0.1210352270077622
R02708,P0221,S07,0,normal,none,0.05,0,-0.12941316007487896
R02028,P0504,S05,1,rule_detectable,excessive_entry_delay,0.05,0,-0.048768309018565936
R01255,P0353,S05,0,normal,none,0.05,0,-0.10633499230739057
R00791,P0127,S07,0,normal,none,0.05,0,-0.1183045179469181
R00864,P0265,S06,0,normal,none,0.05,0,-0.07878444277858776
R01025,P0541,S01,0,normal,none,0.05,0,-0.080116767021716
R02513,P0660,S07,0,normal,none,0.05,1,0.05408595351750667
R01724,P0167,S05,0,normal,none,0.05,0,-0.11926352922877714
R01454,P0576,S10,1,rule_detectable,date_inconsistency,0.05,0,-0.1363805627155365
R02131,P0509,S09,0,normal,none,0.05,0,-0.09658510375534102
R01763,P0721,S05,0,normal,none,0.05,0,-0.04753322435120377
R00018,P0413,S07,0,normal,none,0.05,0,-0.12436519388611955
R00227,P0511,S06,0,normal,none,0.05,0,-0.13958492643574255
R02521,P0465,S08,0,normal,none,0.05,0,-0.12225927492034816
R01476,P0385,S05,0,normal,none,0.05,0,-0.12483749226089275
R00001,P0496,S04,0,normal,none,0.05,0,-0.12641335267719317
R02530,P0147,S06,0,normal,none,0.05,0,-0.1329225335656954
R02209,P0412,S03,0,normal,none,0.05,0,-0.10478431031667718
R02917,P0499,S09,1,ml_multivariate,query_delay_site_pattern,0.05,0,-0.06587333628208702
R02704,P0361,S10,0,normal,none,0.05,0,-0.10014968324919565
R02019,P0749,S07,0,normal,none,0.05,0,-0.11556360718910269
R02541,P0404,S02,0,normal,none,0.05,0,-0.10141502613886433
R01154,P0285,S01,0,normal,none,0.05,0,-0.10096676769412455
R01024,P0204,S02,0,normal,none,0.05,0,-0.0776647035209917
R02596,P0639,S05,0,normal,none,0.05,0,-0.12841855963707638
R02584,P0278,S10,0,normal,none,0.05,0,-0.12043729803042014
R00277,P0048,S02,0,normal,none,0.05,0,-0.12566952145627763
R00455,P0003,S01,0,normal,none,0.05,0,-0.055135623156827296
R02899,P0297,S06,0,normal,none,0.05,0,-0.06095283983724986
R02471,P0553,S03,0,normal,none,0.05,0,-0.11503290151220086
R00338,P0501,S06,0,normal,none,0.05,0,-0.1259408551738862
R01495,P0616,S02,0,normal,none,0.05,0,-0.14202294710725372
R01651,P0026,S02,0,normal,none,0.05,0,-0.08987963008418076
R01942,P0418,S10,0,normal,none,0.05,0,-0.060340356250681626
R00340,P0540,S01,0,normal,none,0.05,0,-0.0988078870602187
R01387,P0586,S01,0,normal,none,0.05,0,-0.10623949860981818
R00228,P0714,S08,0,normal,none,0.05,0,-0.06441927801651914
R01972,P0472,S06,0,normal,none,0.05,0,-0.12956260014997972
R00964,P0040,S02,0,normal,none,0.05,0,-0.13278469093653134
R00782,P0665,S05,0,normal,none,0.05,0,-0.11370671102272684
R00373,P0357,S01,0,normal,none,0.05,0,-0.117893089491514
R00614,P0109,S06,0,normal,none,0.05,0,-0.07208202865237023
R02809,P0532,S08,0,normal,none,0.05,0,-0.10867045493319905
R02646,P0028,S10,0,normal,none,0.05,0,-0.08664124816262325
R02813,P0489,S01,0,normal,none,0.05,1,8.930718097022172e-05
R00048,P0674,S08,0,normal,none,0.05,0,-0.08240754758058866
R01931,P0685,S06,0,normal,none,0.05,0,-0.051832973867522
R00698,P0582,S09,0,normal,none,0.05,0,-0.12583965370945177
R01586,P0627,S08,0,normal,none,0.05,0,-0.09591861256669554
R01099,P0512,S06,0,normal,none,0.05,0,-0.07148415225682425
R01986,P0294,S07,0,normal,none,0.05,0,-0.13764489175004163
R02576,P0271,S01,0,normal,none,0.05,0,-0.1254130425696226
R02961,P0198,S05,0,normal,none,0.05,0,-0.11471429769309865
R00741,P0263,S09,0,normal,none,0.05,0,-0.09865796456376436
R01361,P0134,S05,0,normal,none,0.05,0,-0.1134660933884446
R00170,P0249,S06,0,normal,none,0.05,0,-0.10936169736174794
R00845,P0679,S10,0,normal,none,0.05,0,-0.07718774616737994
R02363,P0432,S10,0,normal,none,0.05,0,-0.12547868754439123
R00778,P0116,S02,0,normal,none,0.05,0,-0.10901098205667337
R00370,P0042,S03,0,normal,none,0.05,0,-0.1482759432103915
R00902,P0702,S09,0,normal,none,0.05,0,-0.1008786449713634
R01125,P0620,S01,0,normal,none,0.05,0,-0.136883947694467
R02893,P0174,S08,0,normal,none,0.05,0,-0.1301244252729321
R02735,P0526,S01,0,normal,none,0.05,0,-0.02721221978586974
R01820,P0670,S05,0,normal,none,0.05,0,-0.03741283874935425
R02689,P0689,S03,0,normal,none,0.05,0,-0.03527847331957712
R01171,P0608,S05,0,normal,none,0.05,0,-0.1279817847754292
R00562,P0528,S03,0,normal,none,0.05,0,-0.08182834716433057
R01979,P0653,S08,0,normal,none,0.05,0,-0.07320140738447889
R02988,P0308,S03,0,normal,none,0.05,0,-0.08613013136913072
R01910,P0175,S08,0,normal,none,0.05,0,-0.11164775015702277
R00246,P0695,S02,0,normal,none,0.05,0,-0.08594912598004956
R00302,P0591,S08,0,normal,none,0.05,0,-0.10441277044705144
R00609,P0573,S07,0,normal,none,0.05,0,-0.08608601328784954
R00801,P0306,S08,0,normal,none,0.05,0,-0.10669093574105415
R02467,P0167,S05,0,normal,none,0.05,0,-0.09818391515464786
R01917,P0412,S03,0,normal,none,0.05,0,-0.06981244514241092
R02736,P0267,S08,0,normal,none,0.05,0,-0.10438101423448237
R02538,P0061,S10,0,normal,none,0.05,0,-0.15061689542543083
R00129,P0016,S08,1,both_detectable,date_plus_queries,0.05,0,-0.010684617244515193
R01149,P0745,S01,0,normal,none,0.05,0,-0.07704902233459815
R01541,P0144,S10,0,normal,none,0.05,0,-0.06420984091172993
R02930,P0416,S06,0,normal,none,0.05,0,-0.09014526089102393
R01501,P0708,S03,0,normal,none,0.05,0,-0.0908629117408129
R01384,P0122,S01,0,normal,none,0.05,0,-0.07681064284550038
R01228,P0592,S03,0,normal,none,0.05,0,-0.14329365600808863
R01836,P0477,S09,0,normal,none,0.05,0,-0.10454019681460053
R02986,P0454,S06,0,normal,none,0.05,0,-0.12177286805698423
R01097,P0463,S02,0,normal,none,0.05,0,-0.04513587314236445
R02370,P0362,S09,0,normal,none,0.05,0,-0.13036284039721463
R02423,P0165,S06,0,normal,none,0.05,0,-0.10773006827933129
R02463,P0388,S06,0,normal,none,0.05,1,0.026288763576244878
R01510,P0001,S04,0,normal,none,0.05,0,-0.11491013039606923
R00452,P0089,S02,0,normal,none,0.05,0,-0.14998063633175568
R02583,P0628,S04,0,normal,none,0.05,0,-0.056179720982264036
R00191,P0489,S01,0,normal,none,0.05,0,-0.06631893612067369
R00097,P0015,S01,0,normal,none,0.05,0,-0.13917319689592517
R00327,P0285,S01,0,normal,none,0.05,0,-0.10431967281668975
R00258,P0054,S02,0,normal,none,0.05,0,-0.13364543776812954
R01054,P0447,S05,0,normal,none,0.05,0,-0.10359530729299565
R02105,P0628,S04,0,normal,none,0.05,0,-0.04423098664402525
R02890,P0285,S01,0,normal,none,0.05,0,-0.06758103038732122
R01699,P0258,S02,0,normal,none,0.05,0,-0.12139178607754175
R02391,P0621,S03,0,normal,none,0.05,0,-0.04918229138700819
R02050,P0508,S08,0,normal,none,0.05,0,-0.11998631636893753
R02338,P0736,S06,0,normal,none,0.05,0,-0.006243471461340078
R01812,P0689,S03,0,normal,none,0.05,0,-0.14886639860061868
R01385,P0614,S02,0,normal,none,0.05,0,-0.12221556592129079
R02711,P0474,S05,0,normal,none,0.05,0,-0.08044830151916366
R01926,P0296,S10,0,normal,none,0.05,0,-0.09496989770051117
R01991,P0572,S02,0,normal,none,0.05,0,-0.134007169231183
R02212,P0146,S05,0,normal,none,0.05,0,-0.09940066548606591
R01690,P0642,S08,0,normal,none,0.05,0,-0.11582879741296181
R00106,P0086,S10,0,normal,none,0.05,0,-0.08076692087955484
R01828,P0397,S05,0,normal,none,0.05,0,-0.10826603070091395
R00662,P0628,S04,0,normal,none,0.05,1,0.04183799452471393
R01882,P0438,S07,0,normal,none,0.05,0,-0.03357173458972179
R02836,P0543,S10,0,normal,none,0.05,0,-0.10089736969396945
R02910,P0673,S01,0,normal,none,0.05,0,-0.014905901022620571
R01225,P0585,S06,0,normal,none,0.05,0,-0.1043977715290842
R01164,P0050,S03,0,normal,none,0.05,0,-0.12607219109302853
R02518,P0472,S06,0,normal,none,0.05,0,-0.1489777369283548
R00358,P0401,S08,0,normal,none,0.05,0,-0.053128491259887556
R00033,P0494,S10,0,normal,none,0.05,0,-0.08134579252507773
R00316,P0463,S02,0,normal,none,0.05,0,-0.06826555407621193
R00926,P0535,S08,0,normal,none,0.05,0,-0.11068776619017501
R00620,P0624,S06,0,normal,none,0.05,0,-0.06532485020132694
R02355,P0344,S01,0,normal,none,0.05,0,-0.03768686925028408
R02141,P0037,S01,0,normal,none,0.05,0,-0.09441936785622035
R01312,P0368,S10,0,normal,none,0.05,0,-0.07328954886445549
R02850,P0254,S04,0,normal,none,0.05,0,-0.0904509438207679
R01467,P0651,S09,0,normal,none,0.05,0,-0.11095717082548129
R01269,P0670,S05,1,both_detectable,date_plus_queries,0.05,0,-0.04061469408358542
R01176,P0562,S02,0,normal,none,0.05,0,-0.0760739767397911
R02950,P0357,S01,0,normal,none,0.05,0,-0.026047882359184038
R00912,P0358,S01,0,normal,none,0.05,0,-0.1136722123596759
R02682,P0511,S06,0,normal,none,0.05,0,-0.11379073397852163
R00884,P0318,S03,0,normal,none,0.05,0,-0.10493244740743751
R01423,P0603,S05,0,normal,none,0.05,1,0.04194278801482354
R01717,P0326,S08,0,normal,none,0.05,0,-0.08945076295095206
R00738,P0134,S05,0,normal,none,0.05,0,-0.09307152671518781
R02825,P0386,S03,0,normal,none,0.05,0,-0.057034246301706504
R01838,P0368,S10,0,normal,none,0.05,0,-0.13720695983010672
R02038,P0325,S09,1,rule_detectable,excessive_entry_delay,0.05,0,-0.044058128692435417
R02570,P0234,S07,0,normal,none,0.05,0,-0.10561353348055397
R01571,P0030,S05,0,normal,none,0.05,0,-0.10332488910395021
R01686,P0180,S09,0,normal,none,0.05,0,-0.1308174605087719
R02877,P0576,S10,0,normal,none,0.05,0,-0.018873918879803275
R02870,P0405,S01,0,normal,none,0.05,0,-0.06452703004279503
R02402,P0327,S05,0,normal,none,0.05,0,-0.13742785566574622
R02265,P0518,S04,0,normal,none,0.05,0,-0.11994292765951242
R02989,P0721,S05,0,normal,none,0.05,0,-0.06112780517848038
R02753,P0400,S02,0,normal,none,0.05,0,-0.09680656580680486
R00401,P0276,S06,0,normal,none,0.05,0,-0.10220103710302197
R00781,P0207,S08,0,normal,none,0.05,0,-0.0861231130780361
R01158,P0030,S05,0,normal,none,0.05,0,-0.12103136529970526
R00973,P0314,S01,0,normal,none,0.05,0,-0.01785288397011442
R00710,P0433,S03,0,normal,none,0.05,0,-0.07571950066140504
R00811,P0131,S03,0,normal,none,0.05,0,-0.09381027473428899
R01022,P0203,S10,0,normal,none,0.05,0,-0.07519677088368659
R02488,P0148,S03,0,normal,none,0.05,0,-0.07690562951494789
R00838,P0072,S09,0,normal,none,0.05,0,-0.13506098979859543
R01187,P0290,S05,0,normal,none,0.05,0,-0.12181280629735258
R00905,P0112,S06,0,normal,none,0.05,0,-0.09729167873419298
R01815,P0705,S07,0,normal,none,0.05,0,-0.14051744670869115
R00423,P0043,S01,0,normal,none,0.05,0,-0.10870686985596334
R01957,P0465,S08,0,normal,none,0.05,0,-0.07756493804263875
R00800,P0507,S10,0,normal,none,0.05,0,-0.12513900128018485
R00896,P0162,S07,0,normal,none,0.05,0,-0.1250581743178943
R02254,P0304,S04,0,normal,none,0.05,0,-0.04773990932555949
R01679,P0460,S07,0,normal,none,0.05,0,-0.06302302572718782
R01156,P0160,S08,0,normal,none,0.05,0,-0.124459012169915
R01825,P0627,S08,0,normal,none,0.05,0,-0.11420679864900884
R02605,P0116,S02,0,normal,none,0.05,0,-0.08188802511204768
R02374,P0319,S04,0,normal,none,0.05,0,-0.12968674351749226
R00880,P0145,S03,0,normal,none,0.05,0,-0.07159449490486142
R01150,P0532,S08,0,normal,none,0.05,0,-0.061370988919606684
R01229,P0012,S07,1,both_detectable,date_plus_queries,0.05,0,-0.044546810520898816
R01720,P0464,S05,0,normal,none,0.05,0,-0.09178827621489144
R00788,P0348,S06,0,normal,none,0.05,0,-0.09626711587697884
R00644,P0674,S08,0,normal,none,0.05,0,-0.09862980278525979
R00583,P0547,S07,0,normal,none,0.05,0,-0.09551502645431215
R01339,P0233,S08,0,normal,none,0.05,0,-0.12409142876223839
R00003,P0022,S05,0,normal,none,0.05,0,-0.12360389189513393
R00420,P0494,S10,0,normal,none,0.05,0,-0.12812168412082592
R00099,P0739,S08,0,normal,none,0.05,0,-0.06887415298172045
R02356,P0456,S06,0,normal,none,0.05,0,-0.09212802718157093
R00068,P0002,S01,0,normal,none,0.05,0,-0.10651145141258472
R02298,P0384,S06,0,normal,none,0.05,0,-0.0258827278807493
R00004,P0729,S07,0,normal,none,0.05,0,-0.1465364853720597
R02498,P0648,S09,0,normal,none,0.05,0,-0.1032055826670556
R00089,P0525,S10,0,normal,none,0.05,0,-0.04003155442384543
R02996,P0677,S07,0,normal,none,0.05,0,-0.10347328183881277
R01020,P0474,S05,0,normal,none,0.05,0,-0.1058764660618603
R00182,P0440,S07,0,normal,none,0.05,0,-0.06506487086805257
R00381,P0278,S10,0,normal,none,0.05,0,-0.06997849827761282
R01661,P0662,S10,1,rule_detectable,missing_required_lab:hemoglobin,0.05,0,-0.06585591478890834
R00931,P0253,S03,0,normal,none,0.05,0,-0.13141801532574654
R00253,P0009,S10,0,normal,none,0.05,0,-0.08618193164355203
R01620,P0438,S07,0,normal,none,0.05,0,-0.14094935096332656
R01347,P0111,S02,0,normal,none,0.05,0,-0.10800887942186177
R01769,P0562,S02,0,normal,none,0.05,0,-0.09051169137233517
R02849,P0713,S07,0,normal,none,0.05,0,-0.07890482045022834
R01265,P0350,S04,0,normal,none,0.05,0,-0.06888354912867123
R02537,P0713,S07,0,normal,none,0.05,0,-0.11605096581430552
R02302,P0270,S05,0,normal,none,0.05,0,-0.030900491025242116
R00011,P0424,S05,0,normal,none,0.05,0,-0.11534938524638405
R01537,P0113,S03,0,normal,none,0.05,0,-0.10784518543265387
R01628,P0009,S10,0,normal,none,0.05,0,-0.12527073501154967
R01108,P0005,S06,0,normal,none,0.05,0,-0.13320858794463414
R01718,P0606,S09,1,ml_multivariate,alt_ast_ratio,0.05,1,0.04666440855807308
R02437,P0563,S01,0,normal,none,0.05,0,-0.14515076845036384
R02968,P0114,S09,0,normal,none,0.05,0,-0.07649378397806733
R02701,P0061,S10,0,normal,none,0.05,0,-0.09861281928020027
R02566,P0333,S01,0,normal,none,0.05,0,-0.08957963677276665
R02514,P0684,S10,0,normal,none,0.05,0,-0.06127293700057712
R00343,P0473,S02,0,normal,none,0.05,0,-0.0973142966496674
R01009,P0265,S06,0,normal,none,0.05,0,-0.13801905908226242
R00224,P0475,S01,0,normal,none,0.05,0,-0.11793887895963745
R00071,P0563,S01,0,normal,none,0.05,0,-0.12871011318168857
R02482,P0310,S07,0,normal,none,0.05,0,-0.12050892344425818
R00275,P0167,S05,0,normal,none,0.05,0,-0.12445062882705721
R00332,P0023,S07,0,normal,none,0.05,0,-0.07068028151065531
R00920,P0323,S03,0,normal,none,0.05,1,0.024685794528183647
R02504,P0506,S09,0,normal,none,0.05,0,-0.11721527107851076
R01452,P0344,S01,0,normal,none,0.05,0,-0.011794720847831841
R02312,P0019,S06,0,normal,none,0.05,0,-0.09127385436148255
R00930,P0161,S06,0,normal,none,0.05,0,-0.10196967213965774
R00894,P0606,S09,0,normal,none,0.05,0,-0.0996694410121875
R01273,P0635,S04,0,normal,none,0.05,0,-0.038733391788879246
R00590,P0437,S02,0,normal,none,0.05,0,-0.031089546031258186
R02479,P0496,S04,0,normal,none,0.05,0,-0.10122101959563029
R02399,P0042,S03,0,normal,none,0.05,0,-0.10675742681135764
R00464,P0061,S10,0,normal,none,0.05,0,-0.10850655288553329
R02060,P0277,S01,0,normal,none,0.05,0,-0.003375093374551552
R00427,P0514,S08,0,normal,none,0.05,0,-0.11765858008366242
R00512,P0213,S03,0,normal,none,0.05,0,-0.09226580697587711
R01574,P0481,S08,0,normal,none,0.05,0,-0.08214091482638342
R02679,P0535,S08,0,normal,none,0.05,0,-0.07244677406316796
R02875,P0552,S08,0,normal,none,0.05,0,-0.10683675990813257
R01872,P0745,S01,0,normal,none,0.05,0,-0.08211670230644913
R00416,P0344,S01,1,ml_multivariate,visit_lab_query_pattern,0.05,1,0.03024875450748743
R02539,P0017,S03,0,normal,none,0.05,0,-0.10642780483173309
R00204,P0245,S03,0,normal,none,0.05,0,-0.12795374333111192
R01180,P0727,S07,0,normal,none,0.05,0,-0.050953301822308894
R00753,P0582,S09,0,normal,none,0.05,0,-0.11446502937441289
R01988,P0158,S08,0,normal,none,0.05,0,-0.06274913984282343
R00566,P0375,S06,0,normal,none,0.05,0,-0.13047333199793226
R01884,P0437,S02,0,normal,none,0.05,0,-0.05358476192655692
R00578,P0133,S04,0,normal,none,0.05,0,-0.11801218322172757
R00876,P0537,S10,0,normal,none,0.05,0,-0.11309965784152665
R02716,P0530,S02,0,normal,none,0.05,0,-0.05204516235054618
R01206,P0564,S01,1,both_detectable,missing_plus_queries,0.05,1,0.02609050127830903
R01939,P0613,S10,0,normal,none,0.05,0,-0.13361725785078749
R00822,P0015,S01,0,normal,none,0.05,0,-0.0913865508681927
R02554,P0428,S01,0,normal,none,0.05,0,-0.06283134601141838
R01098,P0654,S08,1,rule_detectable,invalid_visit_sequence,0.05,1,0.031591950469407104
R00326,P0501,S06,0,normal,none,0.05,0,-0.12379679341792382
R02277,P0365,S07,0,normal,none,0.05,0,-0.11259985772784648
R00949,P0016,S08,0,normal,none,0.05,0,-0.00938507073615047
R01707,P0571,S03,0,normal,none,0.05,0,-0.05677496246512653
R02288,P0592,S03,0,normal,none,0.05,0,-0.1274413905409082
R00428,P0739,S08,0,normal,none,0.05,0,-0.10325938264714535
R01817,P0459,S02,0,normal,none,0.05,0,-0.12959920310967427
R02940,P0489,S01,0,normal,none,0.05,0,-0.08692135995881356
R01242,P0313,S08,0,normal,none,0.05,0,-0.09580937507870502
R00606,P0094,S10,0,normal,none,0.05,0,-0.12654784962373045
R01160,P0424,S05,0,normal,none,0.05,0,-0.03539407526958238
R00576,P0233,S08,0,normal,none,0.05,1,0.015071402918441557
R02044,P0160,S08,0,normal,none,0.05,0,-0.08941095608145816
R01284,P0625,S02,0,normal,none,0.05,0,-0.1231330414158231
R02237,P0750,S03,0,normal,none,0.05,0,-0.049063770393342365
R00306,P0710,S07,0,normal,none,0.05,1,0.007799705968534076
R00509,P0691,S09,0,normal,none,0.05,0,-0.0815978926789796
R01657,P0295,S05,0,normal,none,0.05,0,-0.09923658312414035
R01771,P0446,S06,0,normal,none,0.05,0,-0.06001208972208516
R01709,P0138,S03,0,normal,none,0.05,0,-0.06124230964367405
R01435,P0294,S07,0,normal,none,0.05,0,-0.1051635425834902
R02841,P0690,S05,0,normal,none,0.05,0,-0.09020559306107051
R01544,P0582,S09,0,normal,none,0.05,0,-0.12342883899995549
R02469,P0728,S04,0,normal,none,0.05,0,-0.14894414113479088
R02124,P0172,S04,0,normal,none,0.05,0,-0.10094087858236411
R02676,P0019,S06,0,normal,none,0.05,0,-0.10248504007070891
R01245,P0206,S10,0,normal,none,0.05,0,-0.12694650415154435
R02852,P0103,S06,1,ml_multivariate,visit_lab_query_pattern,0.05,1,0.004207080007807673
R01178,P0052,S06,0,normal,none,0.05,0,-0.09824927715936349
R01498,P0359,S02,0,normal,none,0.05,1,0.03150086226972493
R02360,P0420,S01,0,normal,none,0.05,0,-0.0855157447439896
R02002,P0147,S06,0,normal,none,0.05,0,-0.014491161660061813
R02245,P0468,S09,1,both_detectable,date_plus_queries,0.05,0,-0.01648194789396573
R01745,P0653,S08,0,normal,none,0.05,0,-0.11428972397310516
R01152,P0272,S01,0,normal,none,0.05,0,-0.125187630528711
R02294,P0429,S06,0,normal,none,0.05,0,-0.11710747547717465
R02732,P0349,S10,1,both_detectable,delay_plus_labs,0.05,1,0.08197461111055926
R02859,P0225,S08,0,normal,none,0.05,0,-0.10415106525592271
R02789,P0584,S09,0,normal,none,0.05,0,-0.08851730267193791
R00175,P0446,S06,0,normal,none,0.05,0,-0.07321023608697641
R01261,P0530,S02,0,normal,none,0.05,0,-0.11501983938548849
R01416,P0133,S04,0,normal,none,0.05,0,-0.11328283944979617
R00094,P0301,S03,0,normal,none,0.05,0,-0.07067070693861083
R00622,P0705,S07,0,normal,none,0.05,0,-0.12668957379965512
R02962,P0138,S03,0,normal,none,0.05,0,-0.0795554471511985
R01463,P0440,S07,1,ml_multivariate,query_delay_site_pattern,0.05,0,-0.07686831454442422
R02946,P0581,S02,0,normal,none,0.05,0,-0.1265911477991417
R00977,P0268,S02,0,normal,none,0.05,0,-0.10337547093805372
R02411,P0730,S06,0,normal,none,0.05,0,-0.10359952290325686
R02761,P0291,S02,0,normal,none,0.05,0,-0.08001953061106226
R02821,P0122,S01,0,normal,none,0.05,0,-0.11574756615616283
R01953,P0750,S03,0,normal,none,0.05,0,-0.019733057252785513
R02595,P0646,S08,0,normal,none,0.05,0,-0.12414089148670532
R00482,P0056,S02,0,normal,none,0.05,0,-0.0353865140181972
R02935,P0169,S02,0,normal,none,0.05,0,-0.13589218902203315
R01031,P0238,S05,0,normal,none,0.05,0,-0.1417287142873071
R00538,P0356,S04,0,normal,none,0.05,0,-0.021352846362699518
R01373,P0312,S04,0,normal,none,0.05,0,-0.0973377223561902
R00548,P0448,S03,0,normal,none,0.05,0,-0.056392372182581474
R02377,P0195,S05,0,normal,none,0.05,0,-0.1322848344935431
R01757,P0204,S02,0,normal,none,0.05,0,-0.09846053654997339
R01392,P0282,S06,0,normal,none,0.05,0,-0.08079004887420566
R02528,P0055,S07,0,normal,none,0.05,0,-0.10494521133170842
R02675,P0718,S04,0,normal,none,0.05,0,-0.11557759994225725
R01250,P0544,S03,0,normal,none,0.05,0,-0.09430196231405708
R02497,P0317,S06,0,normal,none,0.05,0,-0.11728500663630892
R01598,P0218,S01,0,normal,none,0.05,1,0.005040589711981958
R00913,P0075,S10,0,normal,none,0.05,0,-0.06604443179598551
R00408,P0057,S06,0,normal,none,0.05,0,-0.07309990302257596
R02303,P0006,S07,0,normal,none,0.05,0,-0.0076925685639720465
R02023,P0296,S10,0,normal,none,0.05,0,-0.13930395162417442
R01400,P0462,S08,0,normal,none,0.05,0,-0.14345700631986852
R01011,P0158,S08,0,normal,none,0.05,0,-0.1105095266317706
R00968,P0328,S04,0,normal,none,0.05,0,-0.05207674795250872
R02290,P0211,S04,0,normal,none,0.05,0,-0.09919890654365054
R01018,P0600,S05,0,normal,none,0.05,0,-0.12026829727432953
R02089,P0664,S08,0,normal,none,0.05,0,-0.12447847812427809
R02470,P0266,S07,1,ml_multivariate,query_delay_site_pattern,0.05,0,-0.06656561964192126
R00764,P0567,S01,0,normal,none,0.05,0,-0.07001405471141459
R01029,P0397,S05,0,normal,none,0.05,0,-0.12009438065875311
R01508,P0270,S05,0,normal,none,0.05,0,-0.11549966878658224
R01912,P0229,S04,0,normal,none,0.05,0,-0.08279218286010354
R02980,P0642,S08,0,normal,none,0.05,0,-0.10261483298148943
R00517,P0417,S08,0,normal,none,0.05,0,-0.05635649394153214
R01086,P0351,S10,0,normal,none,0.05,0,-0.13051178555042414
R02143,P0464,S05,0,normal,none,0.05,0,-0.0899761761941058
R02519,P0662,S10,0,normal,none,0.05,0,-0.11228644153888817
R01897,P0329,S06,0,normal,none,0.05,0,-0.10083821149148064
R00435,P0114,S09,0,normal,none,0.05,0,-0.05027240353788437
R01863,P0251,S05,0,normal,none,0.05,0,-0.15429687578676954
R02972,P0001,S04,0,normal,none,0.05,0,-0.08979838601172307
R02661,P0169,S02,0,normal,none,0.05,0,-0.09431957755935622
R02722,P0223,S06,0,normal,none,0.05,0,-0.1389991914956168
R00255,P0103,S06,0,normal,none,0.05,0,-0.09910739479210734
R01462,P0348,S06,0,normal,none,0.05,0,-0.11802622107184718
R00520,P0026,S02,0,normal,none,0.05,0,-0.09430057182484214
R00849,P0085,S02,0,normal,none,0.05,0,-0.1375417453440439
R02966,P0463,S02,0,normal,none,0.05,0,-0.08464043968069168
R00853,P0492,S06,0,normal,none,0.05,0,-0.10285421634794556
R00705,P0735,S08,0,normal,none,0.05,0,-0.09100780693785504
R00330,P0255,S03,0,normal,none,0.05,0,-0.0814321868694462
R02415,P0742,S09,0,normal,none,0.05,0,-0.10825298723023702
R02149,P0034,S10,0,normal,none,0.05,0,-0.0511614100872238
R00212,P0455,S08,0,normal,none,0.05,0,-0.13309159987782793
R01471,P0084,S10,0,normal,none,0.05,0,-0.08309425816510274
R01017,P0294,S07,0,normal,none,0.05,0,-0.08380490390798767
R01195,P0538,S07,0,normal,none,0.05,0,-0.028334098076967573
R00642,P0375,S06,0,normal,none,0.05,0,-0.12354540491741084
R01694,P0204,S02,1,rule_detectable,excessive_entry_delay,0.05,0,-0.0482619045769801
R00145,P0736,S06,0,normal,none,0.05,0,-0.09939883736440269
R00180,P0267,S08,0,normal,none,0.05,0,-0.12382716223703105
R02754,P0103,S06,0,normal,none,0.05,0,-0.11438780831556428
R01594,P0053,S09,0,normal,none,0.05,0,-0.019396979303782813
R00243,P0328,S04,1,ml_multivariate,lab_profile,0.05,1,0.027560364816669347
R02614,P0536,S10,0,normal,none,0.05,0,-0.12167516322895905
R02313,P0429,S06,0,normal,none,0.05,0,-0.06728757443272626
R02073,P0167,S05,0,normal,none,0.05,0,-0.08719853187557575
R02871,P0139,S05,0,normal,none,0.05,0,-0.1191481213162287
R01883,P0571,S03,1,rule_detectable,duplicate_record,0.05,0,-0.06010280393530598
R00909,P0717,S01,0,normal,none,0.05,0,-0.09421310301592184
R00117,P0324,S09,0,normal,none,0.05,0,-0.028566988917393732
R00712,P0747,S02,0,normal,none,0.05,0,-0.11503830351266625
R02034,P0457,S05,0,normal,none,0.05,0,-0.07106816611470534
R01202,P0248,S02,0,normal,none,0.05,0,-0.10830380157560138
R01636,P0150,S01,0,normal,none,0.05,0,-0.1459297915474474
R01704,P0408,S09,0,normal,none,0.05,0,-0.12337164768999109
R02565,P0317,S06,0,normal,none,0.05,0,-0.08718649979549614
R01074,P0470,S03,0,normal,none,0.05,0,-0.10718966639602312
R02918,P0453,S01,0,normal,none,0.05,0,-0.08859196599433461
R00556,P0101,S06,0,normal,none,0.05,0,-0.08926386812039944
R02410,P0244,S09,0,normal,none,0.05,0,-0.04322244732744818
R00775,P0565,S04,0,normal,none,0.08,0,-0.04164926466647717
R00239,P0327,S05,0,normal,none,0.08,0,-0.03886976239970763
R01730,P0144,S10,0,normal,none,0.08,0,-0.09021588521433399
R01276,P0700,S08,0,normal,none,0.08,0,-0.06715238762579762
R02431,P0600,S05,0,normal,none,0.08,0,-0.056613191266406016
R00207,P0484,S03,0,normal,none,0.08,0,-0.08555994823243218
R00485,P0212,S07,0,normal,none,0.08,0,-0.07582414177092395
R01549,P0094,S10,0,normal,none,0.08,0,-0.06391373463013483
R01575,P0183,S08,0,normal,none,0.08,0,-0.12525350659027756
R02582,P0248,S02,0,normal,none,0.08,0,-0.008389091507614632
R00861,P0189,S06,0,normal,none,0.08,0,-0.083199097613462
R00112,P0386,S03,0,normal,none,0.08,0,-0.10752252589538547
R02819,P0160,S08,0,normal,none,0.08,0,-0.02626715606102331
R02396,P0502,S09,1,both_detectable,missing_plus_queries,0.08,1,0.063148358693496
R02166,P0339,S09,0,normal,none,0.08,0,-0.062123924146411935
R01470,P0237,S04,0,normal,none,0.08,0,-0.11417592936961596
R01802,P0659,S04,0,normal,none,0.08,0,-0.06381194945957286
R01034,P0108,S10,0,normal,none,0.08,0,-0.11089804179821228
R02440,P0631,S01,0,normal,none,0.08,0,-0.10387728524635459
R00671,P0702,S09,0,normal,none,0.08,0,-0.0921969362070934
R00035,P0302,S03,0,normal,none,0.08,0,-0.08078953741713174
R01479,P0339,S09,0,normal,none,0.08,0,-0.11521147280668059
R00077,P0283,S08,0,normal,none,0.08,1,0.013482762487060929
R02628,P0229,S04,0,normal,none,0.08,0,-0.08042654612820815
R00935,P0247,S10,0,normal,none,0.08,0,-0.059554558475167996
R02599,P0051,S07,0,normal,none,0.08,0,-0.0699178144129633
R01279,P0045,S06,1,ml_multivariate,visit_lab_query_pattern,0.08,1,0.03445139908542538
R02686,P0090,S08,1,rule_detectable,excessive_entry_delay,0.08,1,0.047384981700639095
R02412,P0133,S04,0,normal,none,0.08,0,-0.036912901708548385
R02156,P0219,S01,0,normal,none,0.08,0,-0.08422749524034512
R02305,P0535,S08,0,normal,none,0.08,0,-0.08952332105561683
R02897,P0645,S02,0,normal,none,0.08,0,-0.08309327623997154
R00752,P0455,S08,0,normal,none,0.08,0,-0.13300214803935173
R01367,P0401,S08,0,normal,none,0.08,0,-0.11077268375837057
R00875,P0386,S03,1,rule_detectable,date_inconsistency,0.08,0,-0.06587284662844406
R00350,P0115,S09,0,normal,none,0.08,0,-0.11400904490565228
R02485,P0348,S06,0,normal,none,0.08,0,-0.07235337027236671
R01741,P0570,S05,0,normal,none,0.08,0,-0.060930439770986944
R01890,P0280,S07,1,rule_detectable,invalid_visit_sequence,0.08,0,-0.053692225808215366
R00500,P0252,S03,0,normal,none,0.08,0,-0.0968205195404529
R00403,P0675,S10,0,normal,none,0.08,0,-0.0686509707965327
R00347,P0185,S01,0,normal,none,0.08,0,-0.065152777681309
R00636,P0538,S07,1,ml_multivariate,lab_profile,0.08,1,0.06585281694734002
R00908,P0148,S03,0,normal,none,0.08,0,-0.031750163275039656
R01101,P0311,S02,0,normal,none,0.08,0,-0.047397131845324514
R00357,P0236,S02,0,normal,none,0.08,0,-0.10283181326176422
R02476,P0445,S09,0,normal,none,0.08,0,-0.10476336152638138
R00970,P0566,S06,0,normal,none,0.08,0,-0.10967958171004688
R01994,P0675,S10,0,normal,none,0.08,1,0.001510098417113137
R02180,P0380,S08,0,normal,none,0.08,0,-0.0898421948981104
R01143,P0019,S06,0,normal,none,0.08,0,-0.07626178255163513
R02774,P0559,S03,0,normal,none,0.08,0,-0.04875298419066426
R00183,P0741,S02,0,normal,none,0.08,0,-0.08362023970722615
R00906,P0493,S07,0,normal,none,0.08,0,-0.10116016960292623
R02891,P0398,S07,0,normal,none,0.08,0,-0.12924007789153125
R01928,P0098,S02,0,normal,none,0.08,0,-0.10340521313746542
R02787,P0439,S03,0,normal,none,0.08,0,-0.08582272186688877
R00729,P0693,S02,0,normal,none,0.08,0,-0.026664146436777114
R01446,P0077,S07,0,normal,none,0.08,0,-0.050449697880983746
R00368,P0448,S03,0,normal,none,0.08,0,-0.10367611591300291
R02919,P0137,S02,0,normal,none,0.08,0,-0.10867566547808366
R00151,P0007,S07,0,normal,none,0.08,0,-0.023639780880709726
R02260,P0431,S02,0,normal,none,0.08,0,-0.10546320820950916
R02888,P0224,S01,0,normal,none,0.08,0,-0.08881507301961344
R01305,P0308,S03,0,normal,none,0.08,0,-0.10990100419732268
R01879,P0105,S04,0,normal,none,0.08,0,-0.04362354141471342
R00007,P0637,S04,0,normal,none,0.08,0,-0.09780594585809349
R02134,P0508,S08,0,normal,none,0.08,0,-0.06751741122476229
R00219,P0430,S05,0,normal,none,0.08,0,-0.10586365831787281
R01246,P0316,S04,0,normal,none,0.08,0,-0.10172957864932014
R00266,P0539,S09,0,normal,none,0.08,0,-0.07942794210647242
R00889,P0382,S05,0,normal,none,0.08,0,-0.07525751816452952
R02894,P0715,S05,0,normal,none,0.08,0,-0.02989347690955263
R02012,P0353,S05,0,normal,none,0.08,0,-0.095708802618377
R00940,P0692,S10,0,normal,none,0.08,0,-0.06431329497942806
R02137,P0038,S02,0,normal,none,0.08,0,-0.11478144456870804
R01083,P0729,S07,0,normal,none,0.08,0,-0.07734764484965934
R02257,P0222,S03,0,normal,none,0.08,0,-0.08298311553341453
R02066,P0360,S08,0,normal,none,0.08,0,-0.05511535593013561
R00473,P0237,S04,0,normal,none,0.08,0,-0.10365832563958238
R01976,P0029,S04,0,normal,none,0.08,0,-0.059361250810679334
R02334,P0440,S07,0,normal,none,0.08,0,-0.03819743249783508
R00572,P0735,S08,0,normal,none,0.08,0,-0.0787018887325206
R02152,P0750,S03,0,normal,none,0.08,0,-0.04691511582919017
R00336,P0013,S03,0,normal,none,0.08,0,-0.058596684638851426
R00706,P0170,S02,0,normal,none,0.08,0,-0.10550860267143813
R01085,P0250,S06,0,normal,none,0.08,1,0.017038776114434162
R01797,P0068,S08,0,normal,none,0.08,0,-0.13003027547648627
R02179,P0573,S07,0,normal,none,0.08,0,-0.07101937775743572
R02801,P0361,S10,0,normal,none,0.08,0,-0.11603204901872916
R02202,P0526,S01,0,normal,none,0.08,0,-0.11983041307969794
R00386,P0021,S06,0,normal,none,0.08,0,-0.0257516379616205
R01682,P0527,S06,0,normal,none,0.08,0,-0.0656290366633564
R00036,P0649,S01,0,normal,none,0.08,0,-0.09572484714222074
R00426,P0079,S05,0,normal,none,0.08,0,-0.07422299370291768
R00362,P0183,S08,0,normal,none,0.08,0,-0.09621962454994581
R00816,P0479,S02,0,normal,none,0.08,0,-0.07041947965434764
R00259,P0014,S06,0,normal,none,0.08,0,-0.06510905412018458
R00950,P0307,S08,0,normal,none,0.08,0,-0.1027167315984342
R00459,P0536,S10,0,normal,none,0.08,0,-0.037329338851672555
R00593,P0312,S04,0,normal,none,0.08,0,-0.1078872734805919
R01519,P0515,S09,0,normal,none,0.08,0,-0.03169144875283869
R01850,P0332,S07,0,normal,none,0.08,0,-0.058803548414876894
R00478,P0306,S08,0,normal,none,0.08,0,-0.13003279454513883
R01002,P0459,S02,0,normal,none,0.08,0,-0.009018141512308009
R02656,P0469,S04,0,normal,none,0.08,0,-0.07218405806184935
R01582,P0687,S04,0,normal,none,0.08,0,-0.06047094961812732
R01518,P0228,S05,0,normal,none,0.08,0,-0.1284487797189982
R02876,P0334,S08,0,normal,none,0.08,1,0.04542875510096156
R00555,P0217,S05,0,normal,none,0.08,0,-0.08184867916829563
R02243,P0019,S06,0,normal,none,0.08,0,-0.11689954215672443
R02979,P0498,S09,0,normal,none,0.08,0,-0.07999387099284733
R02846,P0136,S06,0,normal,none,0.08,0,-0.09256930807220082
R00323,P0110,S03,0,normal,none,0.08,0,-0.0866911407289821
R02325,P0002,S01,0,normal,none,0.08,0,-0.09586472230722282
R01744,P0204,S02,0,normal,none,0.08,0,-0.098700581971285
R01786,P0199,S03,0,normal,none,0.08,0,-0.09835309783071217
R01448,P0592,S03,0,normal,none,0.08,0,-0.09645858524250428
R00166,P0433,S03,0,normal,none,0.08,0,-0.09749501947855554
R02487,P0280,S07,1,rule_detectable,date_inconsistency,0.08,0,-0.072361856507493
R01676,P0235,S10,0,normal,none,0.08,0,-0.05059364503507813
R00715,P0139,S05,0,normal,none,0.08,0,-0.03625143585218421
R00831,P0686,S05,0,normal,none,0.08,0,-0.07678156677207376
R01188,P0067,S03,0,normal,none,0.08,0,-0.09471669721170373
R02268,P0516,S08,0,normal,none,0.08,0,-0.09209604509884012
R02784,P0259,S06,0,normal,none,0.08,0,-0.08372744119697945
R02099,P0553,S03,0,normal,none,0.08,0,-0.05919538334257718
R02623,P0163,S01,0,normal,none,0.08,0,-0.08270024103619716
R00986,P0195,S05,0,normal,none,0.08,0,-0.06726173660319346
R01849,P0704,S05,0,normal,none,0.08,0,-0.12616551327610886
R00521,P0370,S09,0,normal,none,0.08,0,-0.10225096523177313
R02251,P0342,S10,0,normal,none,0.08,0,-0.10227549600440444
R01223,P0174,S08,0,normal,none,0.08,0,-0.11499564030022996
R01597,P0164,S08,0,normal,none,0.08,0,-0.10059761970594255
R02616,P0239,S06,0,normal,none,0.08,0,-0.06182477631722377
R02357,P0417,S08,0,normal,none,0.08,0,-0.12883349870489302
R00251,P0511,S06,0,normal,none,0.08,0,-0.03497476753960499
R02751,P0282,S06,0,normal,none,0.08,0,-0.08379642632474965
R00241,P0593,S07,0,normal,none,0.08,0,-0.06641527830072436
R01784,P0240,S02,0,normal,none,0.08,0,-0.11977627851977735
R01485,P0451,S07,0,normal,none,0.08,0,-0.06334075736471956
R02978,P0444,S02,1,rule_detectable,excessive_entry_delay,0.08,0,-0.018652561350023356
R02688,P0150,S01,1,both_detectable,delay_plus_labs,0.08,1,0.06908432705681755
R00862,P0009,S10,0,normal,none,0.08,0,-0.07735129172497907
R01827,P0358,S01,0,normal,none,0.08,0,-0.07615402972391055
R00163,P0146,S05,0,normal,none,0.08,0,-0.12318923211741378
R00683,P0044,S01,0,normal,none,0.08,1,0.006792947958243256
R02639,P0592,S03,0,normal,none,0.08,0,-0.09756196962393915
R01927,P0584,S09,0,normal,none,0.08,0,-0.06398882942005879
R00173,P0406,S05,0,normal,none,0.08,0,-0.04509190259860513
R01608,P0456,S06,0,normal,none,0.08,0,-0.051083908119662624
R00313,P0550,S04,0,normal,none,0.08,0,-0.01913170483482246
R00891,P0352,S06,0,normal,none,0.08,0,-0.11961720679314103
R00883,P0290,S05,0,normal,none,0.08,0,-0.06946612528950108
R01114,P0054,S02,0,normal,none,0.08,0,-0.09254169341563251
R02111,P0460,S07,0,normal,none,0.08,0,-0.0004998639578356889
R00186,P0580,S03,0,normal,none,0.08,0,-0.11843673957400036
R00052,P0344,S01,0,normal,none,0.08,0,-0.10237841254109431
R01680,P0098,S02,0,normal,none,0.08,0,-0.0666045664462811
R00528,P0203,S10,0,normal,none,0.08,0,-0.06685931005976126
R00491,P0176,S09,0,normal,none,0.08,0,-0.07562949225997168
R02853,P0698,S02,0,normal,none,0.08,0,-0.04135473968825604
R02921,P0151,S04,0,normal,none,0.08,0,-0.04469749156700065
R01615,P0629,S08,0,normal,none,0.08,0,-0.1179853400785365
R00460,P0595,S09,0,normal,none,0.08,0,-0.09587571787964211
R00390,P0674,S08,0,normal,none,0.08,0,-0.08076655087573142
R01902,P0329,S06,0,normal,none,0.08,0,-0.07784881973646574
R02386,P0391,S08,0,normal,none,0.08,0,-0.03408416050539276
R02944,P0478,S07,0,normal,none,0.08,0,-0.09320640117937462
R01238,P0053,S09,0,normal,none,0.08,0,-0.10987086408915969
R02231,P0187,S08,0,normal,none,0.08,0,-0.09024961288725186
R01428,P0665,S05,0,normal,none,0.08,0,-0.06967072369578708
R00118,P0481,S08,0,normal,none,0.08,0,-0.0722399075008211
R02087,P0453,S01,0,normal,none,0.08,1,0.01377593905233676
R01921,P0655,S09,0,normal,none,0.08,0,-0.013158782925439982
R01001,P0442,S08,0,normal,none,0.08,0,-0.03662155656862609
R00772,P0502,S09,0,normal,none,0.08,0,-0.12121333876757112
R01716,P0089,S02,0,normal,none,0.08,0,-0.03953828060462661
R00303,P0337,S06,0,normal,none,0.08,0,-0.0626172295356745
R02342,P0364,S06,0,normal,none,0.08,0,-0.09688666522076678
R00092,P0446,S06,0,normal,none,0.08,0,-0.048759917352977855
R01053,P0563,S01,0,normal,none,0.08,0,-0.10654962368227544
R01866,P0089,S02,0,normal,none,0.08,0,-0.0960228756514333
R01426,P0453,S01,0,normal,none,0.08,0,-0.0910049658380584
R00898,P0741,S02,0,normal,none,0.08,0,-0.12655239773591886
R01488,P0464,S05,0,normal,none,0.08,0,-0.027936975134564446
R02446,P0152,S06,0,normal,none,0.08,0,-0.003146993453215008
R02744,P0583,S07,0,normal,none,0.08,0,-0.08553027482605213
R00012,P0750,S03,0,normal,none,0.08,0,-0.020425152344561992
R02235,P0438,S07,0,normal,none,0.08,0,-0.08050981397538298
R02132,P0584,S09,0,normal,none,0.08,0,-0.09093076671491068
R00820,P0129,S10,0,normal,none,0.08,0,-0.08340682945334849
R02093,P0520,S09,0,normal,none,0.08,1,0.07962537862060559
R02588,P0479,S02,0,normal,none,0.08,0,-0.04179607594742735
R01046,P0209,S07,0,normal,none,0.08,0,-0.0828265069207006
R00802,P0076,S10,0,normal,none,0.08,0,-0.11625595411573508
R00742,P0562,S02,0,normal,none,0.08,0,-0.008567315117552987
R02604,P0143,S08,0,normal,none,0.08,0,-0.028293280959689027
R00882,P0660,S07,0,normal,none,0.08,0,-0.0885226432394785
R01805,P0608,S05,1,ml_multivariate,visit_lab_query_pattern,0.08,0,-0.015110525535916852
R00257,P0542,S10,0,normal,none,0.08,0,-0.07008299723882533
R02630,P0744,S07,0,normal,none,0.08,0,-0.057947907079058
R00044,P0425,S09,0,normal,none,0.08,0,-0.07208693671835426
R01810,P0438,S07,0,normal,none,0.08,0,-0.10399388400964982
R00503,P0178,S04,0,normal,none,0.08,0,-0.005998766573423575
R02983,P0640,S04,0,normal,none,0.08,0,-0.08052953386722217
R01349,P0348,S06,0,normal,none,0.08,0,-0.005109037451571208
R01554,P0578,S08,0,normal,none,0.08,0,-0.06996306836256111
R01950,P0291,S02,0,normal,none,0.08,0,-0.104658466692086
R01514,P0697,S03,0,normal,none,0.08,0,-0.0947587764232738
R02805,P0527,S06,0,normal,none,0.08,0,-0.03978718631150058
R02200,P0527,S06,0,normal,none,0.08,0,-0.10022975928781369
R02708,P0221,S07,0,normal,none,0.08,0,-0.10860769235493045
R02028,P0504,S05,1,rule_detectable,excessive_entry_delay,0.08,0,-0.027962841298617425
R01255,P0353,S05,0,normal,none,0.08,0,-0.08552952458744206
R00791,P0127,S07,0,normal,none,0.08,0,-0.09749905022696959
R00864,P0265,S06,0,normal,none,0.08,0,-0.05797897505863925
R01025,P0541,S01,0,normal,none,0.08,0,-0.059311299301767484
R02513,P0660,S07,0,normal,none,0.08,1,0.07489142123745518
R01724,P0167,S05,0,normal,none,0.08,0,-0.09845806150882863
R01454,P0576,S10,1,rule_detectable,date_inconsistency,0.08,0,-0.11557509499558799
R02131,P0509,S09,0,normal,none,0.08,0,-0.0757796360353925
R01763,P0721,S05,0,normal,none,0.08,0,-0.02672775663125526
R00018,P0413,S07,0,normal,none,0.08,0,-0.10355972616617104
R00227,P0511,S06,0,normal,none,0.08,0,-0.11877945871579404
R02521,P0465,S08,0,normal,none,0.08,0,-0.10145380720039965
R01476,P0385,S05,0,normal,none,0.08,0,-0.10403202454094423
R00001,P0496,S04,0,normal,none,0.08,0,-0.10560788495724466
R02530,P0147,S06,0,normal,none,0.08,0,-0.11211706584574688
R02209,P0412,S03,0,normal,none,0.08,0,-0.08397884259672866
R02917,P0499,S09,1,ml_multivariate,query_delay_site_pattern,0.08,0,-0.04506786856213851
R02704,P0361,S10,0,normal,none,0.08,0,-0.07934421552924714
R02019,P0749,S07,0,normal,none,0.08,0,-0.09475813946915418
R02541,P0404,S02,0,normal,none,0.08,0,-0.08060955841891582
R01154,P0285,S01,0,normal,none,0.08,0,-0.08016129997417604
R01024,P0204,S02,0,normal,none,0.08,0,-0.056859235801043184
R02596,P0639,S05,0,normal,none,0.08,0,-0.10761309191712787
R02584,P0278,S10,0,normal,none,0.08,0,-0.09963183031047163
R00277,P0048,S02,0,normal,none,0.08,0,-0.10486405373632912
R00455,P0003,S01,0,normal,none,0.08,0,-0.034330155436878784
R02899,P0297,S06,0,normal,none,0.08,0,-0.04014737211730135
R02471,P0553,S03,0,normal,none,0.08,0,-0.09422743379225235
R00338,P0501,S06,0,normal,none,0.08,0,-0.10513538745393769
R01495,P0616,S02,0,normal,none,0.08,0,-0.1212174793873052
R01651,P0026,S02,0,normal,none,0.08,0,-0.06907416236423225
R01942,P0418,S10,0,normal,none,0.08,0,-0.039534888530733114
R00340,P0540,S01,0,normal,none,0.08,0,-0.07800241934027019
R01387,P0586,S01,0,normal,none,0.08,0,-0.08543403088986967
R00228,P0714,S08,0,normal,none,0.08,0,-0.04361381029657063
R01972,P0472,S06,0,normal,none,0.08,0,-0.10875713243003121
R00964,P0040,S02,0,normal,none,0.08,0,-0.11197922321658282
R00782,P0665,S05,0,normal,none,0.08,0,-0.09290124330277832
R00373,P0357,S01,0,normal,none,0.08,0,-0.09708762177156549
R00614,P0109,S06,0,normal,none,0.08,0,-0.05127656093242172
R02809,P0532,S08,0,normal,none,0.08,0,-0.08786498721325053
R02646,P0028,S10,0,normal,none,0.08,0,-0.06583578044267474
R02813,P0489,S01,0,normal,none,0.08,1,0.020894774900918733
R00048,P0674,S08,0,normal,none,0.08,0,-0.061602079860640147
R01931,P0685,S06,0,normal,none,0.08,0,-0.03102750614757349
R00698,P0582,S09,0,normal,none,0.08,0,-0.10503418598950326
R01586,P0627,S08,0,normal,none,0.08,0,-0.07511314484674703
R01099,P0512,S06,0,normal,none,0.08,0,-0.05067868453687574
R01986,P0294,S07,0,normal,none,0.08,0,-0.11683942403009312
R02576,P0271,S01,0,normal,none,0.08,0,-0.10460757484967409
R02961,P0198,S05,0,normal,none,0.08,0,-0.09390882997315014
R00741,P0263,S09,0,normal,none,0.08,0,-0.07785249684381584
R01361,P0134,S05,0,normal,none,0.08,0,-0.09266062566849609
R00170,P0249,S06,0,normal,none,0.08,0,-0.08855622964179943
R00845,P0679,S10,0,normal,none,0.08,0,-0.05638227844743143
R02363,P0432,S10,0,normal,none,0.08,0,-0.10467321982444272
R00778,P0116,S02,0,normal,none,0.08,0,-0.08820551433672486
R00370,P0042,S03,0,normal,none,0.08,0,-0.127470475490443
R00902,P0702,S09,0,normal,none,0.08,0,-0.08007317725141488
R01125,P0620,S01,0,normal,none,0.08,0,-0.11607847997451848
R02893,P0174,S08,0,normal,none,0.08,0,-0.1093189575529836
R02735,P0526,S01,0,normal,none,0.08,0,-0.0064067520659212285
R01820,P0670,S05,0,normal,none,0.08,0,-0.016607371029405738
R02689,P0689,S03,0,normal,none,0.08,0,-0.014473005599628608
R01171,P0608,S05,0,normal,none,0.08,0,-0.1071763170554807
R00562,P0528,S03,0,normal,none,0.08,0,-0.06102287944438206
R01979,P0653,S08,0,normal,none,0.08,0,-0.05239593966453038
R02988,P0308,S03,0,normal,none,0.08,0,-0.06532466364918221
R01910,P0175,S08,0,normal,none,0.08,0,-0.09084228243707426
R00246,P0695,S02,0,normal,none,0.08,0,-0.06514365826010104
R00302,P0591,S08,0,normal,none,0.08,0,-0.08360730272710293
R00609,P0573,S07,0,normal,none,0.08,0,-0.06528054556790103
R00801,P0306,S08,0,normal,none,0.08,0,-0.08588546802110564
R02467,P0167,S05,0,normal,none,0.08,0,-0.07737844743469935
R01917,P0412,S03,0,normal,none,0.08,0,-0.049006977422462406
R02736,P0267,S08,0,normal,none,0.08,0,-0.08357554651453386
R02538,P0061,S10,0,normal,none,0.08,0,-0.12981142770548232
R00129,P0016,S08,1,both_detectable,date_plus_queries,0.08,1,0.010120850475433318
R01149,P0745,S01,0,normal,none,0.08,0,-0.05624355461464964
R01541,P0144,S10,0,normal,none,0.08,0,-0.04340437319178142
R02930,P0416,S06,0,normal,none,0.08,0,-0.06933979317107541
R01501,P0708,S03,0,normal,none,0.08,0,-0.07005744402086439
R01384,P0122,S01,0,normal,none,0.08,0,-0.056005175125551865
R01228,P0592,S03,0,normal,none,0.08,0,-0.12248818828814012
R01836,P0477,S09,0,normal,none,0.08,0,-0.08373472909465202
R02986,P0454,S06,0,normal,none,0.08,0,-0.10096740033703572
R01097,P0463,S02,0,normal,none,0.08,0,-0.024330405422415935
R02370,P0362,S09,0,normal,none,0.08,0,-0.10955737267726612
R02423,P0165,S06,0,normal,none,0.08,0,-0.08692460055938278
R02463,P0388,S06,0,normal,none,0.08,1,0.04709423129619339
R01510,P0001,S04,0,normal,none,0.08,0,-0.09410466267612072
R00452,P0089,S02,0,normal,none,0.08,0,-0.12917516861180717
R02583,P0628,S04,0,normal,none,0.08,0,-0.035374253262315525
R00191,P0489,S01,0,normal,none,0.08,0,-0.04551346840072518
R00097,P0015,S01,0,normal,none,0.08,0,-0.11836772917597665
R00327,P0285,S01,0,normal,none,0.08,0,-0.08351420509674123
R00258,P0054,S02,0,normal,none,0.08,0,-0.11283997004818103
R01054,P0447,S05,0,normal,none,0.08,0,-0.08278983957304714
R02105,P0628,S04,0,normal,none,0.08,0,-0.023425518924076738
R02890,P0285,S01,0,normal,none,0.08,0,-0.046775562667372705
R01699,P0258,S02,0,normal,none,0.08,0,-0.10058631835759324
R02391,P0621,S03,0,normal,none,0.08,0,-0.02837682366705968
R02050,P0508,S08,0,normal,none,0.08,0,-0.09918084864898902
R02338,P0736,S06,0,normal,none,0.08,1,0.014561996258608434
R01812,P0689,S03,0,normal,none,0.08,0,-0.12806093088067017
R01385,P0614,S02,0,normal,none,0.08,0,-0.10141009820134228
R02711,P0474,S05,0,normal,none,0.08,0,-0.059642833799215145
R01926,P0296,S10,0,normal,none,0.08,0,-0.07416442998056266
R01991,P0572,S02,0,normal,none,0.08,0,-0.11320170151123449
R02212,P0146,S05,0,normal,none,0.08,0,-0.0785951977661174
R01690,P0642,S08,0,normal,none,0.08,0,-0.0950233296930133
R00106,P0086,S10,0,normal,none,0.08,0,-0.059961453159606326
R01828,P0397,S05,0,normal,none,0.08,0,-0.08746056298096544
R00662,P0628,S04,0,normal,none,0.08,1,0.06264346224466244
R01882,P0438,S07,0,normal,none,0.08,0,-0.01276626686977328
R02836,P0543,S10,0,normal,none,0.08,0,-0.08009190197402094
R02910,P0673,S01,0,normal,none,0.08,1,0.00589956669732794
R01225,P0585,S06,0,normal,none,0.08,0,-0.08359230380913568
R01164,P0050,S03,0,normal,none,0.08,0,-0.10526672337308002
R02518,P0472,S06,0,normal,none,0.08,0,-0.1281722692084063
R00358,P0401,S08,0,normal,none,0.08,0,-0.032323023539939044
R00033,P0494,S10,0,normal,none,0.08,0,-0.06054032480512922
R00316,P0463,S02,0,normal,none,0.08,0,-0.04746008635626342
R00926,P0535,S08,0,normal,none,0.08,0,-0.0898822984702265
R00620,P0624,S06,0,normal,none,0.08,0,-0.04451938248137843
R02355,P0344,S01,0,normal,none,0.08,0,-0.01688140153033557
R02141,P0037,S01,0,normal,none,0.08,0,-0.07361390013627184
R01312,P0368,S10,0,normal,none,0.08,0,-0.05248408114450698
R02850,P0254,S04,0,normal,none,0.08,0,-0.06964547610081939
R01467,P0651,S09,0,normal,none,0.08,0,-0.09015170310553278
R01269,P0670,S05,1,both_detectable,date_plus_queries,0.08,0,-0.01980922636363691
R01176,P0562,S02,0,normal,none,0.08,0,-0.05526850901984259
R02950,P0357,S01,0,normal,none,0.08,0,-0.005242414639235526
R00912,P0358,S01,0,normal,none,0.08,0,-0.09286674463972738
R02682,P0511,S06,0,normal,none,0.08,0,-0.09298526625857312
R00884,P0318,S03,0,normal,none,0.08,0,-0.084126979687489
R01423,P0603,S05,0,normal,none,0.08,1,0.06274825573477205
R01717,P0326,S08,0,normal,none,0.08,0,-0.06864529523100354
R00738,P0134,S05,0,normal,none,0.08,0,-0.0722660589952393
R02825,P0386,S03,0,normal,none,0.08,0,-0.03622877858175799
R01838,P0368,S10,0,normal,none,0.08,0,-0.11640149211015821
R02038,P0325,S09,1,rule_detectable,excessive_entry_delay,0.08,0,-0.023252660972486905
R02570,P0234,S07,0,normal,none,0.08,0,-0.08480806576060546
R01571,P0030,S05,0,normal,none,0.08,0,-0.0825194213840017
R01686,P0180,S09,0,normal,none,0.08,0,-0.1100119927888234
R02877,P0576,S10,0,normal,none,0.08,1,0.0019315488401452363
R02870,P0405,S01,0,normal,none,0.08,0,-0.04372156232284652
R02402,P0327,S05,0,normal,none,0.08,0,-0.11662238794579771
R02265,P0518,S04,0,normal,none,0.08,0,-0.09913745993956391
R02989,P0721,S05,0,normal,none,0.08,0,-0.040322337458531865
R02753,P0400,S02,0,normal,none,0.08,0,-0.07600109808685634
R00401,P0276,S06,0,normal,none,0.08,0,-0.08139556938307346
R00781,P0207,S08,0,normal,none,0.08,0,-0.0653176453580876
R01158,P0030,S05,0,normal,none,0.08,0,-0.10022589757975675
R00973,P0314,S01,0,normal,none,0.08,1,0.0029525837498340923
R00710,P0433,S03,0,normal,none,0.08,0,-0.054914032941456525
R00811,P0131,S03,0,normal,none,0.08,0,-0.07300480701434048
R01022,P0203,S10,0,normal,none,0.08,0,-0.05439130316373808
R02488,P0148,S03,0,normal,none,0.08,0,-0.05610016179499938
R00838,P0072,S09,0,normal,none,0.08,0,-0.11425552207864692
R01187,P0290,S05,0,normal,none,0.08,0,-0.10100733857740407
R00905,P0112,S06,0,normal,none,0.08,0,-0.07648621101424447
R01815,P0705,S07,0,normal,none,0.08,0,-0.11971197898874264
R00423,P0043,S01,0,normal,none,0.08,0,-0.08790140213601483
R01957,P0465,S08,0,normal,none,0.08,0,-0.05675947032269024
R00800,P0507,S10,0,normal,none,0.08,0,-0.10433353356023634
R00896,P0162,S07,0,normal,none,0.08,0,-0.10425270659794578
R02254,P0304,S04,0,normal,none,0.08,0,-0.02693444160561098
R01679,P0460,S07,0,normal,none,0.08,0,-0.04221755800723931
R01156,P0160,S08,0,normal,none,0.08,0,-0.1036535444499665
R01825,P0627,S08,0,normal,none,0.08,0,-0.09340133092906033
R02605,P0116,S02,0,normal,none,0.08,0,-0.06108255739209917
R02374,P0319,S04,0,normal,none,0.08,0,-0.10888127579754375
R00880,P0145,S03,0,normal,none,0.08,0,-0.050789027184912905
R01150,P0532,S08,0,normal,none,0.08,0,-0.04056552119965817
R01229,P0012,S07,1,both_detectable,date_plus_queries,0.08,0,-0.023741342800950305
R01720,P0464,S05,0,normal,none,0.08,0,-0.07098280849494293
R00788,P0348,S06,0,normal,none,0.08,0,-0.07546164815703033
R00644,P0674,S08,0,normal,none,0.08,0,-0.07782433506531128
R00583,P0547,S07,0,normal,none,0.08,0,-0.07470955873436363
R01339,P0233,S08,0,normal,none,0.08,0,-0.10328596104228988
R00003,P0022,S05,0,normal,none,0.08,0,-0.10279842417518542
R00420,P0494,S10,0,normal,none,0.08,0,-0.1073162164008774
R00099,P0739,S08,0,normal,none,0.08,0,-0.04806868526177194
R02356,P0456,S06,0,normal,none,0.08,0,-0.07132255946162241
R00068,P0002,S01,0,normal,none,0.08,0,-0.08570598369263621
R02298,P0384,S06,0,normal,none,0.08,0,-0.0050772601608007895
R00004,P0729,S07,0,normal,none,0.08,0,-0.1257310176521112
R02498,P0648,S09,0,normal,none,0.08,0,-0.08240011494710708
R00089,P0525,S10,0,normal,none,0.08,0,-0.019226086703896916
R02996,P0677,S07,0,normal,none,0.08,0,-0.08266781411886426
R01020,P0474,S05,0,normal,none,0.08,0,-0.08507099834191179
R00182,P0440,S07,0,normal,none,0.08,0,-0.04425940314810406
R00381,P0278,S10,0,normal,none,0.08,0,-0.04917303055766431
R01661,P0662,S10,1,rule_detectable,missing_required_lab:hemoglobin,0.08,0,-0.04505044706895983
R00931,P0253,S03,0,normal,none,0.08,0,-0.11061254760579803
R00253,P0009,S10,0,normal,none,0.08,0,-0.06537646392360352
R01620,P0438,S07,0,normal,none,0.08,0,-0.12014388324337805
R01347,P0111,S02,0,normal,none,0.08,0,-0.08720341170191326
R01769,P0562,S02,0,normal,none,0.08,0,-0.06970622365238666
R02849,P0713,S07,0,normal,none,0.08,0,-0.05809935273027983
R01265,P0350,S04,0,normal,none,0.08,0,-0.04807808140872272
R02537,P0713,S07,0,normal,none,0.08,0,-0.095245498094357
R02302,P0270,S05,0,normal,none,0.08,0,-0.010095023305293604
R00011,P0424,S05,0,normal,none,0.08,0,-0.09454391752643554
R01537,P0113,S03,0,normal,none,0.08,0,-0.08703971771270536
R01628,P0009,S10,0,normal,none,0.08,0,-0.10446526729160116
R01108,P0005,S06,0,normal,none,0.08,0,-0.11240312022468563
R01718,P0606,S09,1,ml_multivariate,alt_ast_ratio,0.08,1,0.06746987627802159
R02437,P0563,S01,0,normal,none,0.08,0,-0.12434530073041533
R02968,P0114,S09,0,normal,none,0.08,0,-0.05568831625811882
R02701,P0061,S10,0,normal,none,0.08,0,-0.07780735156025176
R02566,P0333,S01,0,normal,none,0.08,0,-0.06877416905281813
R02514,P0684,S10,0,normal,none,0.08,0,-0.04046746928062861
R00343,P0473,S02,0,normal,none,0.08,0,-0.07650882892971889
R01009,P0265,S06,0,normal,none,0.08,0,-0.11721359136231391
R00224,P0475,S01,0,normal,none,0.08,0,-0.09713341123968894
R00071,P0563,S01,0,normal,none,0.08,0,-0.10790464546174006
R02482,P0310,S07,0,normal,none,0.08,0,-0.09970345572430966
R00275,P0167,S05,0,normal,none,0.08,0,-0.1036451611071087
R00332,P0023,S07,0,normal,none,0.08,0,-0.049874813790706796
R00920,P0323,S03,0,normal,none,0.08,1,0.04549126224813216
R02504,P0506,S09,0,normal,none,0.08,0,-0.09640980335856225
R01452,P0344,S01,0,normal,none,0.08,1,0.00901074687211667
R02312,P0019,S06,0,normal,none,0.08,0,-0.07046838664153404
R00930,P0161,S06,0,normal,none,0.08,0,-0.08116420441970923
R00894,P0606,S09,0,normal,none,0.08,0,-0.07886397329223899
R01273,P0635,S04,0,normal,none,0.08,0,-0.017927924068930734
R00590,P0437,S02,0,normal,none,0.08,0,-0.010284078311309675
R02479,P0496,S04,0,normal,none,0.08,0,-0.08041555187568178
R02399,P0042,S03,0,normal,none,0.08,0,-0.08595195909140912
R00464,P0061,S10,0,normal,none,0.08,0,-0.08770108516558478
R02060,P0277,S01,0,normal,none,0.08,1,0.01743037434539696
R00427,P0514,S08,0,normal,none,0.08,0,-0.09685311236371391
R00512,P0213,S03,0,normal,none,0.08,0,-0.0714603392559286
R01574,P0481,S08,0,normal,none,0.08,0,-0.061335447106434904
R02679,P0535,S08,0,normal,none,0.08,0,-0.05164130634321945
R02875,P0552,S08,0,normal,none,0.08,0,-0.08603129218818406
R01872,P0745,S01,0,normal,none,0.08,0,-0.06131123458650062
R00416,P0344,S01,1,ml_multivariate,visit_lab_query_pattern,0.08,1,0.05105422222743594
R02539,P0017,S03,0,normal,none,0.08,0,-0.08562233711178457
R00204,P0245,S03,0,normal,none,0.08,0,-0.10714827561116341
R01180,P0727,S07,0,normal,none,0.08,0,-0.030147834102360382
R00753,P0582,S09,0,normal,none,0.08,0,-0.09365956165446437
R01988,P0158,S08,0,normal,none,0.08,0,-0.04194367212287492
R00566,P0375,S06,0,normal,none,0.08,0,-0.10966786427798375
R01884,P0437,S02,0,normal,none,0.08,0,-0.03277929420660841
R00578,P0133,S04,0,normal,none,0.08,0,-0.09720671550177906
R00876,P0537,S10,0,normal,none,0.08,0,-0.09229419012157813
R02716,P0530,S02,0,normal,none,0.08,0,-0.03123969463059767
R01206,P0564,S01,1,both_detectable,missing_plus_queries,0.08,1,0.04689596899825754
R01939,P0613,S10,0,normal,none,0.08,0,-0.11281179013083897
R00822,P0015,S01,0,normal,none,0.08,0,-0.07058108314824418
R02554,P0428,S01,0,normal,none,0.08,0,-0.042025878291469865
R01098,P0654,S08,1,rule_detectable,invalid_visit_sequence,0.08,1,0.052397418189355616
R00326,P0501,S06,0,normal,none,0.08,0,-0.10299132569797531
R02277,P0365,S07,0,normal,none,0.08,0,-0.09179439000789796
R00949,P0016,S08,0,normal,none,0.08,1,0.011420396983798042
R01707,P0571,S03,0,normal,none,0.08,0,-0.03596949474517802
R02288,P0592,S03,0,normal,none,0.08,0,-0.10663592282095968
R00428,P0739,S08,0,normal,none,0.08,0,-0.08245391492719684
R01817,P0459,S02,0,normal,none,0.08,0,-0.10879373538972575
R02940,P0489,S01,0,normal,none,0.08,0,-0.06611589223886505
R01242,P0313,S08,0,normal,none,0.08,0,-0.0750039073587565
R00606,P0094,S10,0,normal,none,0.08,0,-0.10574238190378193
R01160,P0424,S05,0,normal,none,0.08,0,-0.01458860754963387
R00576,P0233,S08,0,normal,none,0.08,1,0.03587687063839007
R02044,P0160,S08,0,normal,none,0.08,0,-0.06860548836150965
R01284,P0625,S02,0,normal,none,0.08,0,-0.10232757369587459
R02237,P0750,S03,0,normal,none,0.08,0,-0.028258302673393854
R00306,P0710,S07,0,normal,none,0.08,1,0.028605173688482588
R00509,P0691,S09,0,normal,none,0.08,0,-0.06079242495903109
R01657,P0295,S05,0,normal,none,0.08,0,-0.07843111540419184
R01771,P0446,S06,0,normal,none,0.08,0,-0.03920662200213665
R01709,P0138,S03,0,normal,none,0.08,0,-0.04043684192372554
R01435,P0294,S07,0,normal,none,0.08,0,-0.08435807486354169
R02841,P0690,S05,0,normal,none,0.08,0,-0.069400125341122
R01544,P0582,S09,0,normal,none,0.08,0,-0.10262337128000698
R02469,P0728,S04,0,normal,none,0.08,0,-0.12813867341484236
R02124,P0172,S04,0,normal,none,0.08,0,-0.0801354108624156
R02676,P0019,S06,0,normal,none,0.08,0,-0.0816795723507604
R01245,P0206,S10,0,normal,none,0.08,0,-0.10614103643159584
R02852,P0103,S06,1,ml_multivariate,visit_lab_query_pattern,0.08,1,0.025012547727756185
R01178,P0052,S06,0,normal,none,0.08,0,-0.07744380943941498
R01498,P0359,S02,0,normal,none,0.08,1,0.05230632998967344
R02360,P0420,S01,0,normal,none,0.08,0,-0.06471027702404109
R02002,P0147,S06,0,normal,none,0.08,1,0.0063143060598866985
R02245,P0468,S09,1,both_detectable,date_plus_queries,0.08,1,0.00432351982598278
R01745,P0653,S08,0,normal,none,0.08,0,-0.09348425625315665
R01152,P0272,S01,0,normal,none,0.08,0,-0.1043821628087625
R02294,P0429,S06,0,normal,none,0.08,0,-0.09630200775722614
R02732,P0349,S10,1,both_detectable,delay_plus_labs,0.08,1,0.10278007883050777
R02859,P0225,S08,0,normal,none,0.08,0,-0.0833455975359742
R02789,P0584,S09,0,normal,none,0.08,0,-0.0677118349519894
R00175,P0446,S06,0,normal,none,0.08,0,-0.0524047683670279
R01261,P0530,S02,0,normal,none,0.08,0,-0.09421437166553998
R01416,P0133,S04,0,normal,none,0.08,0,-0.09247737172984766
R00094,P0301,S03,0,normal,none,0.08,0,-0.049865239218662316
R00622,P0705,S07,0,normal,none,0.08,0,-0.10588410607970661
R02962,P0138,S03,0,normal,none,0.08,0,-0.05874997943124999
R01463,P0440,S07,1,ml_multivariate,query_delay_site_pattern,0.08,0,-0.05606284682447571
R02946,P0581,S02,0,normal,none,0.08,0,-0.1057856800791932
R00977,P0268,S02,0,normal,none,0.08,0,-0.0825700032181052
R02411,P0730,S06,0,normal,none,0.08,0,-0.08279405518330835
R02761,P0291,S02,0,normal,none,0.08,0,-0.05921406289111375
R02821,P0122,S01,0,normal,none,0.08,0,-0.09494209843621432
R01953,P0750,S03,0,normal,none,0.08,1,0.0010724104671629986
R02595,P0646,S08,0,normal,none,0.08,0,-0.1033354237667568
R00482,P0056,S02,0,normal,none,0.08,0,-0.01458104629824869
R02935,P0169,S02,0,normal,none,0.08,0,-0.11508672130208464
R01031,P0238,S05,0,normal,none,0.08,0,-0.12092324656735859
R00538,P0356,S04,0,normal,none,0.08,0,-0.0005473786427510063
R01373,P0312,S04,0,normal,none,0.08,0,-0.07653225463624169
R00548,P0448,S03,0,normal,none,0.08,0,-0.03558690446263296
R02377,P0195,S05,0,normal,none,0.08,0,-0.1114793667735946
R01757,P0204,S02,0,normal,none,0.08,0,-0.07765506883002488
R01392,P0282,S06,0,normal,none,0.08,0,-0.059984581154257144
R02528,P0055,S07,0,normal,none,0.08,0,-0.08413974361175991
R02675,P0718,S04,0,normal,none,0.08,0,-0.09477213222230874
R01250,P0544,S03,0,normal,none,0.08,0,-0.07349649459410856
R02497,P0317,S06,0,normal,none,0.08,0,-0.09647953891636041
R01598,P0218,S01,0,normal,none,0.08,1,0.02584605743193047
R00913,P0075,S10,0,normal,none,0.08,0,-0.045238964076037
R00408,P0057,S06,0,normal,none,0.08,0,-0.05229443530262745
R02303,P0006,S07,0,normal,none,0.08,1,0.013112899155976465
R02023,P0296,S10,0,normal,none,0.08,0,-0.1184984839042259
R01400,P0462,S08,0,normal,none,0.08,0,-0.12265153859992001
R01011,P0158,S08,0,normal,none,0.08,0,-0.0897040589118221
R00968,P0328,S04,0,normal,none,0.08,0,-0.031271280232560206
R02290,P0211,S04,0,normal,none,0.08,0,-0.07839343882370203
R01018,P0600,S05,0,normal,none,0.08,0,-0.09946282955438102
R02089,P0664,S08,0,normal,none,0.08,0,-0.10367301040432958
R02470,P0266,S07,1,ml_multivariate,query_delay_site_pattern,0.08,0,-0.04576015192197275
R00764,P0567,S01,0,normal,none,0.08,0,-0.049208586991466075
R01029,P0397,S05,0,normal,none,0.08,0,-0.0992889129388046
R01508,P0270,S05,0,normal,none,0.08,0,-0.09469420106663373
R01912,P0229,S04,0,normal,none,0.08,0,-0.061986715140155024
R02980,P0642,S08,0,normal,none,0.08,0,-0.08180936526154092
R00517,P0417,S08,0,normal,none,0.08,0,-0.035551026221583626
R01086,P0351,S10,0,normal,none,0.08,0,-0.10970631783047563
R02143,P0464,S05,0,normal,none,0.08,0,-0.0691707084741573
R02519,P0662,S10,0,normal,none,0.08,0,-0.09148097381893966
R01897,P0329,S06,0,normal,none,0.08,0,-0.08003274377153213
R00435,P0114,S09,0,normal,none,0.08,0,-0.029466935817935858
R01863,P0251,S05,0,normal,none,0.08,0,-0.13349140806682103
R02972,P0001,S04,0,normal,none,0.08,0,-0.06899291829177456
R02661,P0169,S02,0,normal,none,0.08,0,-0.0735141098394077
R02722,P0223,S06,0,normal,none,0.08,0,-0.11819372377566828
R00255,P0103,S06,0,normal,none,0.08,0,-0.07830192707215883
R01462,P0348,S06,0,normal,none,0.08,0,-0.09722075335189867
R00520,P0026,S02,0,normal,none,0.08,0,-0.07349510410489363
R00849,P0085,S02,0,normal,none,0.08,0,-0.11673627762409539
R02966,P0463,S02,0,normal,none,0.08,0,-0.06383497196074317
R00853,P0492,S06,0,normal,none,0.08,0,-0.08204874862799705
R00705,P0735,S08,0,normal,none,0.08,0,-0.07020233921790653
R00330,P0255,S03,0,normal,none,0.08,0,-0.06062671914949769
R02415,P0742,S09,0,normal,none,0.08,0,-0.08744751951028851
R02149,P0034,S10,0,normal,none,0.08,0,-0.03035594236727529
R00212,P0455,S08,0,normal,none,0.08,0,-0.11228613215787941
R01471,P0084,S10,0,normal,none,0.08,0,-0.06228879044515423
R01017,P0294,S07,0,normal,none,0.08,0,-0.06299943618803916
R01195,P0538,S07,0,normal,none,0.08,0,-0.007528630357019062
R00642,P0375,S06,0,normal,none,0.08,0,-0.10273993719746233
R01694,P0204,S02,1,rule_detectable,excessive_entry_delay,0.08,0,-0.027456436857031585
R00145,P0736,S06,0,normal,none,0.08,0,-0.07859336964445418
R00180,P0267,S08,0,normal,none,0.08,0,-0.10302169451708254
R02754,P0103,S06,0,normal,none,0.08,0,-0.09358234059561577
R01594,P0053,S09,0,normal,none,0.08,1,0.0014084884161656985
R00243,P0328,S04,1,ml_multivariate,lab_profile,0.08,1,0.04836583253661786
R02614,P0536,S10,0,normal,none,0.08,0,-0.10086969550901054
R02313,P0429,S06,0,normal,none,0.08,0,-0.04648210671277775
R02073,P0167,S05,0,normal,none,0.08,0,-0.06639306415562723
R02871,P0139,S05,0,normal,none,0.08,0,-0.0983426535962802
R01883,P0571,S03,1,rule_detectable,duplicate_record,0.08,0,-0.03929733621535747
R00909,P0717,S01,0,normal,none,0.08,0,-0.07340763529597333
R00117,P0324,S09,0,normal,none,0.08,0,-0.00776152119744522
R00712,P0747,S02,0,normal,none,0.08,0,-0.09423283579271774
R02034,P0457,S05,0,normal,none,0.08,0,-0.05026269839475683
R01202,P0248,S02,0,normal,none,0.08,0,-0.08749833385565287
R01636,P0150,S01,0,normal,none,0.08,0,-0.12512432382749888
R01704,P0408,S09,0,normal,none,0.08,0,-0.10256617997004258
R02565,P0317,S06,0,normal,none,0.08,0,-0.06638103207554763
R01074,P0470,S03,0,normal,none,0.08,0,-0.08638419867607461
R02918,P0453,S01,0,normal,none,0.08,0,-0.0677864982743861
R00556,P0101,S06,0,normal,none,0.08,0,-0.06845840040045093
R02410,P0244,S09,0,normal,none,0.08,0,-0.022416979607499665
R00775,P0565,S04,0,normal,none,0.1,0,-0.03070062649443034
R00239,P0327,S05,0,normal,none,0.1,0,-0.0279211242276608
R01730,P0144,S10,0,normal,none,0.1,0,-0.07926724704228716
R01276,P0700,S08,0,normal,none,0.1,0,-0.056203749453750784
R02431,P0600,S05,0,normal,none,0.1,0,-0.045664553094359184
R00207,P0484,S03,0,normal,none,0.1,0,-0.07461131006038535
R00485,P0212,S07,0,normal,none,0.1,0,-0.06487550359887712
R01549,P0094,S10,0,normal,none,0.1,0,-0.052965096458088
R01575,P0183,S08,0,normal,none,0.1,0,-0.11430486841823073
R02582,P0248,S02,0,normal,none,0.1,1,0.0025595466644321996
R00861,P0189,S06,0,normal,none,0.1,0,-0.07225045944141517
R00112,P0386,S03,0,normal,none,0.1,0,-0.09657388772333864
R02819,P0160,S08,0,normal,none,0.1,0,-0.01531851788897648
R02396,P0502,S09,1,both_detectable,missing_plus_queries,0.1,1,0.07409699686554283
R02166,P0339,S09,0,normal,none,0.1,0,-0.0511752859743651
R01470,P0237,S04,0,normal,none,0.1,0,-0.10322729119756913
R01802,P0659,S04,0,normal,none,0.1,0,-0.05286331128752603
R01034,P0108,S10,0,normal,none,0.1,0,-0.09994940362616545
R02440,P0631,S01,0,normal,none,0.1,0,-0.09292864707430776
R00671,P0702,S09,0,normal,none,0.1,0,-0.08124829803504657
R00035,P0302,S03,0,normal,none,0.1,0,-0.06984089924508491
R01479,P0339,S09,0,normal,none,0.1,0,-0.10426283463463376
R00077,P0283,S08,0,normal,none,0.1,1,0.02443140065910776
R02628,P0229,S04,0,normal,none,0.1,0,-0.06947790795616132
R00935,P0247,S10,0,normal,none,0.1,0,-0.048605920303121164
R02599,P0051,S07,0,normal,none,0.1,0,-0.058969176240916465
R01279,P0045,S06,1,ml_multivariate,visit_lab_query_pattern,0.1,1,0.045400037257472214
R02686,P0090,S08,1,rule_detectable,excessive_entry_delay,0.1,1,0.05833361987268593
R02412,P0133,S04,0,normal,none,0.1,0,-0.025964263536501553
R02156,P0219,S01,0,normal,none,0.1,0,-0.07327885706829829
R02305,P0535,S08,0,normal,none,0.1,0,-0.07857468288357
R02897,P0645,S02,0,normal,none,0.1,0,-0.0721446380679247
R00752,P0455,S08,0,normal,none,0.1,0,-0.1220535098673049
R01367,P0401,S08,0,normal,none,0.1,0,-0.09982404558632374
R00875,P0386,S03,1,rule_detectable,date_inconsistency,0.1,0,-0.05492420845639723
R00350,P0115,S09,0,normal,none,0.1,0,-0.10306040673360545
R02485,P0348,S06,0,normal,none,0.1,0,-0.06140473210031988
R01741,P0570,S05,0,normal,none,0.1,0,-0.04998180159894011
R01890,P0280,S07,1,rule_detectable,invalid_visit_sequence,0.1,0,-0.042743587636168534
R00500,P0252,S03,0,normal,none,0.1,0,-0.08587188136840607
R00403,P0675,S10,0,normal,none,0.1,0,-0.057702332624485875
R00347,P0185,S01,0,normal,none,0.1,0,-0.05420413950926217
R00636,P0538,S07,1,ml_multivariate,lab_profile,0.1,1,0.07680145511938685
R00908,P0148,S03,0,normal,none,0.1,0,-0.020801525102992824
R01101,P0311,S02,0,normal,none,0.1,0,-0.03644849367327768
R00357,P0236,S02,0,normal,none,0.1,0,-0.09188317508971738
R02476,P0445,S09,0,normal,none,0.1,0,-0.09381472335433455
R00970,P0566,S06,0,normal,none,0.1,0,-0.09873094353800005
R01994,P0675,S10,0,normal,none,0.1,1,0.012458736589159969
R02180,P0380,S08,0,normal,none,0.1,0,-0.07889355672606357
R01143,P0019,S06,0,normal,none,0.1,0,-0.0653131443795883
R02774,P0559,S03,0,normal,none,0.1,0,-0.03780434601861743
R00183,P0741,S02,0,normal,none,0.1,0,-0.07267160153517932
R00906,P0493,S07,0,normal,none,0.1,0,-0.0902115314308794
R02891,P0398,S07,0,normal,none,0.1,0,-0.11829143971948441
R01928,P0098,S02,0,normal,none,0.1,0,-0.09245657496541859
R02787,P0439,S03,0,normal,none,0.1,0,-0.07487408369484194
R00729,P0693,S02,0,normal,none,0.1,0,-0.015715508264730282
R01446,P0077,S07,0,normal,none,0.1,0,-0.039501059708936914
R00368,P0448,S03,0,normal,none,0.1,0,-0.09272747774095608
R02919,P0137,S02,0,normal,none,0.1,0,-0.09772702730603683
R00151,P0007,S07,0,normal,none,0.1,0,-0.012691142708662895
R02260,P0431,S02,0,normal,none,0.1,0,-0.09451457003746233
R02888,P0224,S01,0,normal,none,0.1,0,-0.07786643484756661
R01305,P0308,S03,0,normal,none,0.1,0,-0.09895236602527585
R01879,P0105,S04,0,normal,none,0.1,0,-0.032674903242666586
R00007,P0637,S04,0,normal,none,0.1,0,-0.08685730768604666
R02134,P0508,S08,0,normal,none,0.1,0,-0.05656877305271546
R00219,P0430,S05,0,normal,none,0.1,0,-0.09491502014582598
R01246,P0316,S04,0,normal,none,0.1,0,-0.09078094047727331
R00266,P0539,S09,0,normal,none,0.1,0,-0.06847930393442558
R00889,P0382,S05,0,normal,none,0.1,0,-0.06430887999248269
R02894,P0715,S05,0,normal,none,0.1,0,-0.018944838737505798
R02012,P0353,S05,0,normal,none,0.1,0,-0.08476016444633017
R00940,P0692,S10,0,normal,none,0.1,0,-0.05336465680738123
R02137,P0038,S02,0,normal,none,0.1,0,-0.1038328063966612
R01083,P0729,S07,0,normal,none,0.1,0,-0.0663990066776125
R02257,P0222,S03,0,normal,none,0.1,0,-0.0720344773613677
R02066,P0360,S08,0,normal,none,0.1,0,-0.04416671775808878
R00473,P0237,S04,0,normal,none,0.1,0,-0.09270968746753555
R01976,P0029,S04,0,normal,none,0.1,0,-0.0484126126386325
R02334,P0440,S07,0,normal,none,0.1,0,-0.02724879432578825
R00572,P0735,S08,0,normal,none,0.1,0,-0.06775325056047377
R02152,P0750,S03,0,normal,none,0.1,0,-0.035966477657143336
R00336,P0013,S03,0,normal,none,0.1,0,-0.047648046466804594
R00706,P0170,S02,0,normal,none,0.1,0,-0.0945599644993913
R01085,P0250,S06,0,normal,none,0.1,1,0.027987414286480994
R01797,P0068,S08,0,normal,none,0.1,0,-0.11908163730443944
R02179,P0573,S07,0,normal,none,0.1,0,-0.06007073958538889
R02801,P0361,S10,0,normal,none,0.1,0,-0.10508341084668232
R02202,P0526,S01,0,normal,none,0.1,0,-0.10888177490765111
R00386,P0021,S06,0,normal,none,0.1,0,-0.014802999789573668
R01682,P0527,S06,0,normal,none,0.1,0,-0.05468039849130957
R00036,P0649,S01,0,normal,none,0.1,0,-0.0847762089701739
R00426,P0079,S05,0,normal,none,0.1,0,-0.06327435553087085
R00362,P0183,S08,0,normal,none,0.1,0,-0.08527098637789898
R00816,P0479,S02,0,normal,none,0.1,0,-0.05947084148230081
R00259,P0014,S06,0,normal,none,0.1,0,-0.05416041594813775
R00950,P0307,S08,0,normal,none,0.1,0,-0.09176809342638736
R00459,P0536,S10,0,normal,none,0.1,0,-0.026380700679625724
R00593,P0312,S04,0,normal,none,0.1,0,-0.09693863530854507
R01519,P0515,S09,0,normal,none,0.1,0,-0.02074281058079186
R01850,P0332,S07,0,normal,none,0.1,0,-0.04785491024283006
R00478,P0306,S08,0,normal,none,0.1,0,-0.119084156373092
R01002,P0459,S02,0,normal,none,0.1,1,0.001930496659738823
R02656,P0469,S04,0,normal,none,0.1,0,-0.06123541988980252
R01582,P0687,S04,0,normal,none,0.1,0,-0.04952231144608049
R01518,P0228,S05,0,normal,none,0.1,0,-0.11750014154695138
R02876,P0334,S08,0,normal,none,0.1,1,0.05637739327300839
R00555,P0217,S05,0,normal,none,0.1,0,-0.0709000409962488
R02243,P0019,S06,0,normal,none,0.1,0,-0.1059509039846776
R02979,P0498,S09,0,normal,none,0.1,0,-0.0690452328208005
R02846,P0136,S06,0,normal,none,0.1,0,-0.08162066990015399
R00323,P0110,S03,0,normal,none,0.1,0,-0.07574250255693527
R02325,P0002,S01,0,normal,none,0.1,0,-0.08491608413517598
R01744,P0204,S02,0,normal,none,0.1,0,-0.08775194379923817
R01786,P0199,S03,0,normal,none,0.1,0,-0.08740445965866533
R01448,P0592,S03,0,normal,none,0.1,0,-0.08550994707045745
R00166,P0433,S03,0,normal,none,0.1,0,-0.08654638130650871
R02487,P0280,S07,1,rule_detectable,date_inconsistency,0.1,0,-0.06141321833544616
R01676,P0235,S10,0,normal,none,0.1,0,-0.039645006863031296
R00715,P0139,S05,0,normal,none,0.1,0,-0.02530279768013738
R00831,P0686,S05,0,normal,none,0.1,0,-0.06583292860002693
R01188,P0067,S03,0,normal,none,0.1,0,-0.0837680590396569
R02268,P0516,S08,0,normal,none,0.1,0,-0.08114740692679329
R02784,P0259,S06,0,normal,none,0.1,0,-0.07277880302493261
R02099,P0553,S03,0,normal,none,0.1,0,-0.04824674517053035
R02623,P0163,S01,0,normal,none,0.1,0,-0.07175160286415033
R00986,P0195,S05,0,normal,none,0.1,0,-0.056313098431146624
R01849,P0704,S05,0,normal,none,0.1,0,-0.11521687510406203
R00521,P0370,S09,0,normal,none,0.1,0,-0.0913023270597263
R02251,P0342,S10,0,normal,none,0.1,0,-0.09132685783235761
R01223,P0174,S08,0,normal,none,0.1,0,-0.10404700212818313
R01597,P0164,S08,0,normal,none,0.1,0,-0.08964898153389572
R02616,P0239,S06,0,normal,none,0.1,0,-0.05087613814517694
R02357,P0417,S08,0,normal,none,0.1,0,-0.11788486053284619
R00251,P0511,S06,0,normal,none,0.1,0,-0.024026129367558158
R02751,P0282,S06,0,normal,none,0.1,0,-0.07284778815270282
R00241,P0593,S07,0,normal,none,0.1,0,-0.055466640128677525
R01784,P0240,S02,0,normal,none,0.1,0,-0.10882764034773051
R01485,P0451,S07,0,normal,none,0.1,0,-0.052392119192672726
R02978,P0444,S02,1,rule_detectable,excessive_entry_delay,0.1,0,-0.007703923177976524
R02688,P0150,S01,1,both_detectable,delay_plus_labs,0.1,1,0.08003296522886438
R00862,P0009,S10,0,normal,none,0.1,0,-0.06640265355293223
R01827,P0358,S01,0,normal,none,0.1,0,-0.06520539155186372
R00163,P0146,S05,0,normal,none,0.1,0,-0.11224059394536695
R00683,P0044,S01,0,normal,none,0.1,1,0.017741586130290088
R02639,P0592,S03,0,normal,none,0.1,0,-0.08661333145189232
R01927,P0584,S09,0,normal,none,0.1,0,-0.05304019124801196
R00173,P0406,S05,0,normal,none,0.1,0,-0.034143264426558295
R01608,P0456,S06,0,normal,none,0.1,0,-0.04013526994761579
R00313,P0550,S04,0,normal,none,0.1,0,-0.008183066662775629
R00891,P0352,S06,0,normal,none,0.1,0,-0.1086685686210942
R00883,P0290,S05,0,normal,none,0.1,0,-0.05851748711745425
R01114,P0054,S02,0,normal,none,0.1,0,-0.08159305524358568
R02111,P0460,S07,0,normal,none,0.1,1,0.010448774214211143
R00186,P0580,S03,0,normal,none,0.1,0,-0.10748810140195353
R00052,P0344,S01,0,normal,none,0.1,0,-0.09142977436904748
R01680,P0098,S02,0,normal,none,0.1,0,-0.05565592827423427
R00528,P0203,S10,0,normal,none,0.1,0,-0.055910671887714425
R00491,P0176,S09,0,normal,none,0.1,0,-0.06468085408792484
R02853,P0698,S02,0,normal,none,0.1,0,-0.030406101516209205
R02921,P0151,S04,0,normal,none,0.1,0,-0.033748853394953815
R01615,P0629,S08,0,normal,none,0.1,0,-0.10703670190648967
R00460,P0595,S09,0,normal,none,0.1,0,-0.08492707970759528
R00390,P0674,S08,0,normal,none,0.1,0,-0.06981791270368459
R01902,P0329,S06,0,normal,none,0.1,0,-0.0669001815644189
R02386,P0391,S08,0,normal,none,0.1,0,-0.023135522333345926
R02944,P0478,S07,0,normal,none,0.1,0,-0.08225776300732779
R01238,P0053,S09,0,normal,none,0.1,0,-0.09892222591711286
R02231,P0187,S08,0,normal,none,0.1,0,-0.07930097471520503
R01428,P0665,S05,0,normal,none,0.1,0,-0.05872208552374025
R00118,P0481,S08,0,normal,none,0.1,0,-0.06129126932877427
R02087,P0453,S01,0,normal,none,0.1,1,0.024724577224383593
R01921,P0655,S09,0,normal,none,0.1,0,-0.0022101447533931506
R01001,P0442,S08,0,normal,none,0.1,0,-0.02567291839657926
R00772,P0502,S09,0,normal,none,0.1,0,-0.11026470059552429
R01716,P0089,S02,0,normal,none,0.1,0,-0.028589642432579776
R00303,P0337,S06,0,normal,none,0.1,0,-0.05166859136362767
R02342,P0364,S06,0,normal,none,0.1,0,-0.08593802704871994
R00092,P0446,S06,0,normal,none,0.1,0,-0.03781127918093102
R01053,P0563,S01,0,normal,none,0.1,0,-0.09560098551022861
R01866,P0089,S02,0,normal,none,0.1,0,-0.08507423747938647
R01426,P0453,S01,0,normal,none,0.1,0,-0.08005632766601156
R00898,P0741,S02,0,normal,none,0.1,0,-0.11560375956387203
R01488,P0464,S05,0,normal,none,0.1,0,-0.016988336962517614
R02446,P0152,S06,0,normal,none,0.1,1,0.007801644718831824
R02744,P0583,S07,0,normal,none,0.1,0,-0.0745816366540053
R00012,P0750,S03,0,normal,none,0.1,0,-0.00947651417251516
R02235,P0438,S07,0,normal,none,0.1,0,-0.06956117580333615
R02132,P0584,S09,0,normal,none,0.1,0,-0.07998212854286385
R00820,P0129,S10,0,normal,none,0.1,0,-0.07245819128130165
R02093,P0520,S09,0,normal,none,0.1,1,0.09057401679265242
R02588,P0479,S02,0,normal,none,0.1,0,-0.030847437775380515
R01046,P0209,S07,0,normal,none,0.1,0,-0.07187786874865376
R00802,P0076,S10,0,normal,none,0.1,0,-0.10530731594368825
R00742,P0562,S02,0,normal,none,0.1,1,0.0023813230544938446
R02604,P0143,S08,0,normal,none,0.1,0,-0.017344642787642195
R00882,P0660,S07,0,normal,none,0.1,0,-0.07757400506743167
R01805,P0608,S05,1,ml_multivariate,visit_lab_query_pattern,0.1,0,-0.0041618873638700205
R00257,P0542,S10,0,normal,none,0.1,0,-0.0591343590667785
R02630,P0744,S07,0,normal,none,0.1,0,-0.04699926890701117
R00044,P0425,S09,0,normal,none,0.1,0,-0.061138298546307424
R01810,P0438,S07,0,normal,none,0.1,0,-0.09304524583760299
R00503,P0178,S04,0,normal,none,0.1,1,0.004949871598623257
R02983,P0640,S04,0,normal,none,0.1,0,-0.06958089569517534
R01349,P0348,S06,0,normal,none,0.1,1,0.005839600720475624
R01554,P0578,S08,0,normal,none,0.1,0,-0.05901443019051428
R01950,P0291,S02,0,normal,none,0.1,0,-0.09370982852003917
R01514,P0697,S03,0,normal,none,0.1,0,-0.08381013825122696
R02805,P0527,S06,0,normal,none,0.1,0,-0.028838548139453746
R02200,P0527,S06,0,normal,none,0.1,0,-0.08928112111576686
R02708,P0221,S07,0,normal,none,0.1,0,-0.09765905418288362
R02028,P0504,S05,1,rule_detectable,excessive_entry_delay,0.1,0,-0.017014203126570593
R01255,P0353,S05,0,normal,none,0.1,0,-0.07458088641539523
R00791,P0127,S07,0,normal,none,0.1,0,-0.08655041205492275
R00864,P0265,S06,0,normal,none,0.1,0,-0.047030336886592417
R01025,P0541,S01,0,normal,none,0.1,0,-0.04836266112972065
R02513,P0660,S07,0,normal,none,0.1,1,0.08584005940950201
R01724,P0167,S05,0,normal,none,0.1,0,-0.0875094233367818
R01454,P0576,S10,1,rule_detectable,date_inconsistency,0.1,0,-0.10462645682354116
R02131,P0509,S09,0,normal,none,0.1,0,-0.06483099786334567
R01763,P0721,S05,0,normal,none,0.1,0,-0.01577911845920843
R00018,P0413,S07,0,normal,none,0.1,0,-0.09261108799412421
R00227,P0511,S06,0,normal,none,0.1,0,-0.10783082054374721
R02521,P0465,S08,0,normal,none,0.1,0,-0.09050516902835282
R01476,P0385,S05,0,normal,none,0.1,0,-0.0930833863688974
R00001,P0496,S04,0,normal,none,0.1,0,-0.09465924678519783
R02530,P0147,S06,0,normal,none,0.1,0,-0.10116842767370005
R02209,P0412,S03,0,normal,none,0.1,0,-0.07303020442468183
R02917,P0499,S09,1,ml_multivariate,query_delay_site_pattern,0.1,0,-0.03411923039009168
R02704,P0361,S10,0,normal,none,0.1,0,-0.06839557735720031
R02019,P0749,S07,0,normal,none,0.1,0,-0.08380950129710735
R02541,P0404,S02,0,normal,none,0.1,0,-0.06966092024686898
R01154,P0285,S01,0,normal,none,0.1,0,-0.0692126618021292
R01024,P0204,S02,0,normal,none,0.1,0,-0.04591059762899635
R02596,P0639,S05,0,normal,none,0.1,0,-0.09666445374508104
R02584,P0278,S10,0,normal,none,0.1,0,-0.0886831921384248
R00277,P0048,S02,0,normal,none,0.1,0,-0.09391541556428229
R00455,P0003,S01,0,normal,none,0.1,0,-0.023381517264831952
R02899,P0297,S06,0,normal,none,0.1,0,-0.029198733945254518
R02471,P0553,S03,0,normal,none,0.1,0,-0.08327879562020551
R00338,P0501,S06,0,normal,none,0.1,0,-0.09418674928189086
R01495,P0616,S02,0,normal,none,0.1,0,-0.11026884121525837
R01651,P0026,S02,0,normal,none,0.1,0,-0.05812552419218542
R01942,P0418,S10,0,normal,none,0.1,0,-0.028586250358686283
R00340,P0540,S01,0,normal,none,0.1,0,-0.06705378116822336
R01387,P0586,S01,0,normal,none,0.1,0,-0.07448539271782284
R00228,P0714,S08,0,normal,none,0.1,0,-0.0326651721245238
R01972,P0472,S06,0,normal,none,0.1,0,-0.09780849425798438
R00964,P0040,S02,0,normal,none,0.1,0,-0.10103058504453599
R00782,P0665,S05,0,normal,none,0.1,0,-0.08195260513073149
R00373,P0357,S01,0,normal,none,0.1,0,-0.08613898359951866
R00614,P0109,S06,0,normal,none,0.1,0,-0.04032792276037489
R02809,P0532,S08,0,normal,none,0.1,0,-0.0769163490412037
R02646,P0028,S10,0,normal,none,0.1,0,-0.05488714227062791
R02813,P0489,S01,0,normal,none,0.1,1,0.031843413072965565
R00048,P0674,S08,0,normal,none,0.1,0,-0.050653441688593315
R01931,P0685,S06,0,normal,none,0.1,0,-0.02007886797552666
R00698,P0582,S09,0,normal,none,0.1,0,-0.09408554781745643
R01586,P0627,S08,0,normal,none,0.1,0,-0.0641645066747002
R01099,P0512,S06,0,normal,none,0.1,0,-0.03973004636482891
R01986,P0294,S07,0,normal,none,0.1,0,-0.10589078585804629
R02576,P0271,S01,0,normal,none,0.1,0,-0.09365893667762726
R02961,P0198,S05,0,normal,none,0.1,0,-0.08296019180110331
R00741,P0263,S09,0,normal,none,0.1,0,-0.06690385867176901
R01361,P0134,S05,0,normal,none,0.1,0,-0.08171198749644926
R00170,P0249,S06,0,normal,none,0.1,0,-0.0776075914697526
R00845,P0679,S10,0,normal,none,0.1,0,-0.0454336402753846
R02363,P0432,S10,0,normal,none,0.1,0,-0.09372458165239589
R00778,P0116,S02,0,normal,none,0.1,0,-0.07725687616467802
R00370,P0042,S03,0,normal,none,0.1,0,-0.11652183731839616
R00902,P0702,S09,0,normal,none,0.1,0,-0.06912453907936805
R01125,P0620,S01,0,normal,none,0.1,0,-0.10512984180247165
R02893,P0174,S08,0,normal,none,0.1,0,-0.09837031938093677
R02735,P0526,S01,0,normal,none,0.1,1,0.004541886106125603
R01820,P0670,S05,0,normal,none,0.1,0,-0.005658732857358906
R02689,P0689,S03,0,normal,none,0.1,0,-0.003524367427581776
R01171,P0608,S05,0,normal,none,0.1,0,-0.09622767888343386
R00562,P0528,S03,0,normal,none,0.1,0,-0.05007424127233523
R01979,P0653,S08,0,normal,none,0.1,0,-0.041447301492483546
R02988,P0308,S03,0,normal,none,0.1,0,-0.05437602547713538
R01910,P0175,S08,0,normal,none,0.1,0,-0.07989364426502743
R00246,P0695,S02,0,normal,none,0.1,0,-0.05419502008805421
R00302,P0591,S08,0,normal,none,0.1,0,-0.0726586645550561
R00609,P0573,S07,0,normal,none,0.1,0,-0.054331907395854195
R00801,P0306,S08,0,normal,none,0.1,0,-0.0749368298490588
R02467,P0167,S05,0,normal,none,0.1,0,-0.06642980926265252
R01917,P0412,S03,0,normal,none,0.1,0,-0.038058339250415574
R02736,P0267,S08,0,normal,none,0.1,0,-0.07262690834248703
R02538,P0061,S10,0,normal,none,0.1,0,-0.11886278953343549
R00129,P0016,S08,1,both_detectable,date_plus_queries,0.1,1,0.02106948864748015
R01149,P0745,S01,0,normal,none,0.1,0,-0.045294916442602806
R01541,P0144,S10,0,normal,none,0.1,0,-0.03245573501973459
R02930,P0416,S06,0,normal,none,0.1,0,-0.05839115499902858
R01501,P0708,S03,0,normal,none,0.1,0,-0.05910880584881756
R01384,P0122,S01,0,normal,none,0.1,0,-0.04505653695350503
R01228,P0592,S03,0,normal,none,0.1,0,-0.11153955011609329
R01836,P0477,S09,0,normal,none,0.1,0,-0.07278609092260518
R02986,P0454,S06,0,normal,none,0.1,0,-0.09001876216498889
R01097,P0463,S02,0,normal,none,0.1,0,-0.013381767250369103
R02370,P0362,S09,0,normal,none,0.1,0,-0.09860873450521929
R02423,P0165,S06,0,normal,none,0.1,0,-0.07597596238733595
R02463,P0388,S06,0,normal,none,0.1,1,0.05804286946824022
R01510,P0001,S04,0,normal,none,0.1,0,-0.08315602450407389
R00452,P0089,S02,0,normal,none,0.1,0,-0.11822653043976034
R02583,P0628,S04,0,normal,none,0.1,0,-0.024425615090268693
R00191,P0489,S01,0,normal,none,0.1,0,-0.034564830228678345
R00097,P0015,S01,0,normal,none,0.1,0,-0.10741909100392982
R00327,P0285,S01,0,normal,none,0.1,0,-0.0725655669246944
R00258,P0054,S02,0,normal,none,0.1,0,-0.1018913318761342
R01054,P0447,S05,0,normal,none,0.1,0,-0.07184120140100031
R02105,P0628,S04,0,normal,none,0.1,0,-0.012476880752029906
R02890,P0285,S01,0,normal,none,0.1,0,-0.035826924495325874
R01699,P0258,S02,0,normal,none,0.1,0,-0.08963768018554641
R02391,P0621,S03,0,normal,none,0.1,0,-0.01742818549501285
R02050,P0508,S08,0,normal,none,0.1,0,-0.08823221047694219
R02338,P0736,S06,0,normal,none,0.1,1,0.025510634430655266
R01812,P0689,S03,0,normal,none,0.1,0,-0.11711229270862333
R01385,P0614,S02,0,normal,none,0.1,0,-0.09046146002929545
R02711,P0474,S05,0,normal,none,0.1,0,-0.04869419562716831
R01926,P0296,S10,0,normal,none,0.1,0,-0.06321579180851583
R01991,P0572,S02,0,normal,none,0.1,0,-0.10225306333918766
R02212,P0146,S05,0,normal,none,0.1,0,-0.06764655959407057
R01690,P0642,S08,0,normal,none,0.1,0,-0.08407469152096647
R00106,P0086,S10,0,normal,none,0.1,0,-0.049012814987559494
R01828,P0397,S05,0,normal,none,0.1,0,-0.07651192480891861
R00662,P0628,S04,0,normal,none,0.1,1,0.07359210041670927
R01882,P0438,S07,0,normal,none,0.1,0,-0.0018176286977264478
R02836,P0543,S10,0,normal,none,0.1,0,-0.06914326380197411
R02910,P0673,S01,0,normal,none,0.1,1,0.016848204869374772
R01225,P0585,S06,0,normal,none,0.1,0,-0.07264366563708885
R01164,P0050,S03,0,normal,none,0.1,0,-0.09431808520103319
R02518,P0472,S06,0,normal,none,0.1,0,-0.11722363103635947
R00358,P0401,S08,0,normal,none,0.1,0,-0.021374385367892212
R00033,P0494,S10,0,normal,none,0.1,0,-0.04959168663308239
R00316,P0463,S02,0,normal,none,0.1,0,-0.03651144818421659
R00926,P0535,S08,0,normal,none,0.1,0,-0.07893366029817966
R00620,P0624,S06,0,normal,none,0.1,0,-0.0335707443093316
R02355,P0344,S01,0,normal,none,0.1,0,-0.00593276335828874
R02141,P0037,S01,0,normal,none,0.1,0,-0.062665261964225
R01312,P0368,S10,0,normal,none,0.1,0,-0.041535442972460146
R02850,P0254,S04,0,normal,none,0.1,0,-0.05869683792877256
R01467,P0651,S09,0,normal,none,0.1,0,-0.07920306493348594
R01269,P0670,S05,1,both_detectable,date_plus_queries,0.1,0,-0.00886058819159008
R01176,P0562,S02,0,normal,none,0.1,0,-0.04431987084779576
R02950,P0357,S01,0,normal,none,0.1,1,0.005706223532811305
R00912,P0358,S01,0,normal,none,0.1,0,-0.08191810646768055
R02682,P0511,S06,0,normal,none,0.1,0,-0.08203662808652629
R00884,P0318,S03,0,normal,none,0.1,0,-0.07317834151544217
R01423,P0603,S05,0,normal,none,0.1,1,0.07369689390681888
R01717,P0326,S08,0,normal,none,0.1,0,-0.05769665705895671
R00738,P0134,S05,0,normal,none,0.1,0,-0.06131742082319247
R02825,P0386,S03,0,normal,none,0.1,0,-0.02528014040971116
R01838,P0368,S10,0,normal,none,0.1,0,-0.10545285393811138
R02038,P0325,S09,1,rule_detectable,excessive_entry_delay,0.1,0,-0.012304022800440073
R02570,P0234,S07,0,normal,none,0.1,0,-0.07385942758855862
R01571,P0030,S05,0,normal,none,0.1,0,-0.07157078321195487
R01686,P0180,S09,0,normal,none,0.1,0,-0.09906335461677657
R02877,P0576,S10,0,normal,none,0.1,1,0.012880187012192068
R02870,P0405,S01,0,normal,none,0.1,0,-0.03277292415079969
R02402,P0327,S05,0,normal,none,0.1,0,-0.10567374977375088
R02265,P0518,S04,0,normal,none,0.1,0,-0.08818882176751708
R02989,P0721,S05,0,normal,none,0.1,0,-0.029373699286485033
R02753,P0400,S02,0,normal,none,0.1,0,-0.06505245991480951
R00401,P0276,S06,0,normal,none,0.1,0,-0.07044693121102663
R00781,P0207,S08,0,normal,none,0.1,0,-0.05436900718604076
R01158,P0030,S05,0,normal,none,0.1,0,-0.08927725940770992
R00973,P0314,S01,0,normal,none,0.1,1,0.013901221921880924
R00710,P0433,S03,0,normal,none,0.1,0,-0.043965394769409694
R00811,P0131,S03,0,normal,none,0.1,0,-0.062056168842293646
R01022,P0203,S10,0,normal,none,0.1,0,-0.04344266499169125
R02488,P0148,S03,0,normal,none,0.1,0,-0.04515152362295255
R00838,P0072,S09,0,normal,none,0.1,0,-0.10330688390660009
R01187,P0290,S05,0,normal,none,0.1,0,-0.09005870040535724
R00905,P0112,S06,0,normal,none,0.1,0,-0.06553757284219763
R01815,P0705,S07,0,normal,none,0.1,0,-0.10876334081669581
R00423,P0043,S01,0,normal,none,0.1,0,-0.076952763963968
R01957,P0465,S08,0,normal,none,0.1,0,-0.04581083215064341
R00800,P0507,S10,0,normal,none,0.1,0,-0.0933848953881895
R00896,P0162,S07,0,normal,none,0.1,0,-0.09330406842589895
R02254,P0304,S04,0,normal,none,0.1,0,-0.01598580343356415
R01679,P0460,S07,0,normal,none,0.1,0,-0.03126891983519248
R01156,P0160,S08,0,normal,none,0.1,0,-0.09270490627791966
R01825,P0627,S08,0,normal,none,0.1,0,-0.0824526927570135
R02605,P0116,S02,0,normal,none,0.1,0,-0.050133919220052336
R02374,P0319,S04,0,normal,none,0.1,0,-0.09793263762549692
R00880,P0145,S03,0,normal,none,0.1,0,-0.03984038901286607
R01150,P0532,S08,0,normal,none,0.1,0,-0.02961688302761134
R01229,P0012,S07,1,both_detectable,date_plus_queries,0.1,0,-0.012792704628903473
R01720,P0464,S05,0,normal,none,0.1,0,-0.0600341703228961
R00788,P0348,S06,0,normal,none,0.1,0,-0.0645130099849835
R00644,P0674,S08,0,normal,none,0.1,0,-0.06687569689326445
R00583,P0547,S07,0,normal,none,0.1,0,-0.0637609205623168
R01339,P0233,S08,0,normal,none,0.1,0,-0.09233732287024304
R00003,P0022,S05,0,normal,none,0.1,0,-0.09184978600313859
R00420,P0494,S10,0,normal,none,0.1,0,-0.09636757822883057
R00099,P0739,S08,0,normal,none,0.1,0,-0.037120047089725106
R02356,P0456,S06,0,normal,none,0.1,0,-0.06037392128957558
R00068,P0002,S01,0,normal,none,0.1,0,-0.07475734552058938
R02298,P0384,S06,0,normal,none,0.1,1,0.005871378011246042
R00004,P0729,S07,0,normal,none,0.1,0,-0.11478237948006437
R02498,P0648,S09,0,normal,none,0.1,0,-0.07145147677506025
R00089,P0525,S10,0,normal,none,0.1,0,-0.008277448531850085
R02996,P0677,S07,0,normal,none,0.1,0,-0.07171917594681743
R01020,P0474,S05,0,normal,none,0.1,0,-0.07412236016986495
R00182,P0440,S07,0,normal,none,0.1,0,-0.03331076497605723
R00381,P0278,S10,0,normal,none,0.1,0,-0.03822439238561748
R01661,P0662,S10,1,rule_detectable,missing_required_lab:hemoglobin,0.1,0,-0.034101808896913
R00931,P0253,S03,0,normal,none,0.1,0,-0.0996639094337512
R00253,P0009,S10,0,normal,none,0.1,0,-0.05442782575155669
R01620,P0438,S07,0,normal,none,0.1,0,-0.10919524507133122
R01347,P0111,S02,0,normal,none,0.1,0,-0.07625477352986643
R01769,P0562,S02,0,normal,none,0.1,0,-0.058757585480339825
R02849,P0713,S07,0,normal,none,0.1,0,-0.047150714558233
R01265,P0350,S04,0,normal,none,0.1,0,-0.037129443236675885
R02537,P0713,S07,0,normal,none,0.1,0,-0.08429685992231017
R02302,P0270,S05,0,normal,none,0.1,1,0.0008536148667532273
R00011,P0424,S05,0,normal,none,0.1,0,-0.08359527935438871
R01537,P0113,S03,0,normal,none,0.1,0,-0.07609107954065852
R01628,P0009,S10,0,normal,none,0.1,0,-0.09351662911955433
R01108,P0005,S06,0,normal,none,0.1,0,-0.1014544820526388
R01718,P0606,S09,1,ml_multivariate,alt_ast_ratio,0.1,1,0.07841851445006842
R02437,P0563,S01,0,normal,none,0.1,0,-0.1133966625583685
R02968,P0114,S09,0,normal,none,0.1,0,-0.04473967808607199
R02701,P0061,S10,0,normal,none,0.1,0,-0.06685871338820493
R02566,P0333,S01,0,normal,none,0.1,0,-0.0578255308807713
R02514,P0684,S10,0,normal,none,0.1,0,-0.029518831108581778
R00343,P0473,S02,0,normal,none,0.1,0,-0.06556019075767205
R01009,P0265,S06,0,normal,none,0.1,0,-0.10626495319026708
R00224,P0475,S01,0,normal,none,0.1,0,-0.0861847730676421
R00071,P0563,S01,0,normal,none,0.1,0,-0.09695600728969322
R02482,P0310,S07,0,normal,none,0.1,0,-0.08875481755226283
R00275,P0167,S05,0,normal,none,0.1,0,-0.09269652293506186
R00332,P0023,S07,0,normal,none,0.1,0,-0.038926175618659964
R00920,P0323,S03,0,normal,none,0.1,1,0.05643990042017899
R02504,P0506,S09,0,normal,none,0.1,0,-0.08546116518651542
R01452,P0344,S01,0,normal,none,0.1,1,0.019959385044163502
R02312,P0019,S06,0,normal,none,0.1,0,-0.05951974846948721
R00930,P0161,S06,0,normal,none,0.1,0,-0.0702155662476624
R00894,P0606,S09,0,normal,none,0.1,0,-0.06791533512019216
R01273,P0635,S04,0,normal,none,0.1,0,-0.006979285896883902
R00590,P0437,S02,0,normal,none,0.1,1,0.0006645598607371572
R02479,P0496,S04,0,normal,none,0.1,0,-0.06946691370363495
R02399,P0042,S03,0,normal,none,0.1,0,-0.07500332091936229
R00464,P0061,S10,0,normal,none,0.1,0,-0.07675244699353795
R02060,P0277,S01,0,normal,none,0.1,1,0.02837901251744379
R00427,P0514,S08,0,normal,none,0.1,0,-0.08590447419166708
R00512,P0213,S03,0,normal,none,0.1,0,-0.060511701083881764
R01574,P0481,S08,0,normal,none,0.1,0,-0.05038680893438807
R02679,P0535,S08,0,normal,none,0.1,0,-0.04069266817117262
R02875,P0552,S08,0,normal,none,0.1,0,-0.07508265401613723
R01872,P0745,S01,0,normal,none,0.1,0,-0.050362596414453786
R00416,P0344,S01,1,ml_multivariate,visit_lab_query_pattern,0.1,1,0.06200286039948277
R02539,P0017,S03,0,normal,none,0.1,0,-0.07467369893973774
R00204,P0245,S03,0,normal,none,0.1,0,-0.09619963743911658
R01180,P0727,S07,0,normal,none,0.1,0,-0.01919919593031355
R00753,P0582,S09,0,normal,none,0.1,0,-0.08271092348241754
R01988,P0158,S08,0,normal,none,0.1,0,-0.030995033950828088
R00566,P0375,S06,0,normal,none,0.1,0,-0.09871922610593692
R01884,P0437,S02,0,normal,none,0.1,0,-0.02183065603456158
R00578,P0133,S04,0,normal,none,0.1,0,-0.08625807732973223
R00876,P0537,S10,0,normal,none,0.1,0,-0.0813455519495313
R02716,P0530,S02,0,normal,none,0.1,0,-0.020291056458550838
R01206,P0564,S01,1,both_detectable,missing_plus_queries,0.1,1,0.057844607170304374
R01939,P0613,S10,0,normal,none,0.1,0,-0.10186315195879214
R00822,P0015,S01,0,normal,none,0.1,0,-0.05963244497619735
R02554,P0428,S01,0,normal,none,0.1,0,-0.031077240119423033
R01098,P0654,S08,1,rule_detectable,invalid_visit_sequence,0.1,1,0.06334605636140245
R00326,P0501,S06,0,normal,none,0.1,0,-0.09204268752592848
R02277,P0365,S07,0,normal,none,0.1,0,-0.08084575183585113
R00949,P0016,S08,0,normal,none,0.1,1,0.022369035155844874
R01707,P0571,S03,0,normal,none,0.1,0,-0.02502085657313119
R02288,P0592,S03,0,normal,none,0.1,0,-0.09568728464891285
R00428,P0739,S08,0,normal,none,0.1,0,-0.07150527675515
R01817,P0459,S02,0,normal,none,0.1,0,-0.09784509721767892
R02940,P0489,S01,0,normal,none,0.1,0,-0.055167254066818217
R01242,P0313,S08,0,normal,none,0.1,0,-0.06405526918670967
R00606,P0094,S10,0,normal,none,0.1,0,-0.0947937437317351
R01160,P0424,S05,0,normal,none,0.1,0,-0.003639969377587038
R00576,P0233,S08,0,normal,none,0.1,1,0.0468255088104369
R02044,P0160,S08,0,normal,none,0.1,0,-0.057656850189462816
R01284,P0625,S02,0,normal,none,0.1,0,-0.09137893552382775
R02237,P0750,S03,0,normal,none,0.1,0,-0.017309664501347022
R00306,P0710,S07,0,normal,none,0.1,1,0.03955381186052942
R00509,P0691,S09,0,normal,none,0.1,0,-0.04984378678698426
R01657,P0295,S05,0,normal,none,0.1,0,-0.06748247723214501
R01771,P0446,S06,0,normal,none,0.1,0,-0.028257983830089817
R01709,P0138,S03,0,normal,none,0.1,0,-0.02948820375167871
R01435,P0294,S07,0,normal,none,0.1,0,-0.07340943669149486
R02841,P0690,S05,0,normal,none,0.1,0,-0.05845148716907517
R01544,P0582,S09,0,normal,none,0.1,0,-0.09167473310796015
R02469,P0728,S04,0,normal,none,0.1,0,-0.11719003524279553
R02124,P0172,S04,0,normal,none,0.1,0,-0.06918677269036877
R02676,P0019,S06,0,normal,none,0.1,0,-0.07073093417871357
R01245,P0206,S10,0,normal,none,0.1,0,-0.095192398259549
R02852,P0103,S06,1,ml_multivariate,visit_lab_query_pattern,0.1,1,0.035961185899803016
R01178,P0052,S06,0,normal,none,0.1,0,-0.06649517126736815
R01498,P0359,S02,0,normal,none,0.1,1,0.06325496816172027
R02360,P0420,S01,0,normal,none,0.1,0,-0.05376163885199425
R02002,P0147,S06,0,normal,none,0.1,1,0.01726294423193353
R02245,P0468,S09,1,both_detectable,date_plus_queries,0.1,1,0.015272157998029612
R01745,P0653,S08,0,normal,none,0.1,0,-0.08253561808110982
R01152,P0272,S01,0,normal,none,0.1,0,-0.09343352463671567
R02294,P0429,S06,0,normal,none,0.1,0,-0.0853533695851793
R02732,P0349,S10,1,both_detectable,delay_plus_labs,0.1,1,0.1137287170025546
R02859,P0225,S08,0,normal,none,0.1,0,-0.07239695936392737
R02789,P0584,S09,0,normal,none,0.1,0,-0.05676319677994257
R00175,P0446,S06,0,normal,none,0.1,0,-0.04145613019498107
R01261,P0530,S02,0,normal,none,0.1,0,-0.08326573349349314
R01416,P0133,S04,0,normal,none,0.1,0,-0.08152873355780083
R00094,P0301,S03,0,normal,none,0.1,0,-0.038916601046615484
R00622,P0705,S07,0,normal,none,0.1,0,-0.09493546790765978
R02962,P0138,S03,0,normal,none,0.1,0,-0.047801341259203156
R01463,P0440,S07,1,ml_multivariate,query_delay_site_pattern,0.1,0,-0.04511420865242888
R02946,P0581,S02,0,normal,none,0.1,0,-0.09483704190714637
R00977,P0268,S02,0,normal,none,0.1,0,-0.07162136504605837
R02411,P0730,S06,0,normal,none,0.1,0,-0.07184541701126151
R02761,P0291,S02,0,normal,none,0.1,0,-0.04826542471906692
R02821,P0122,S01,0,normal,none,0.1,0,-0.08399346026416749
R01953,P0750,S03,0,normal,none,0.1,1,0.01202104863920983
R02595,P0646,S08,0,normal,none,0.1,0,-0.09238678559470997
R00482,P0056,S02,0,normal,none,0.1,0,-0.003632408126201858
R02935,P0169,S02,0,normal,none,0.1,0,-0.1041380831300378
R01031,P0238,S05,0,normal,none,0.1,0,-0.10997460839531176
R00538,P0356,S04,0,normal,none,0.1,1,0.010401259529295825
R01373,P0312,S04,0,normal,none,0.1,0,-0.06558361646419486
R00548,P0448,S03,0,normal,none,0.1,0,-0.02463826629058613
R02377,P0195,S05,0,normal,none,0.1,0,-0.10053072860154777
R01757,P0204,S02,0,normal,none,0.1,0,-0.06670643065797804
R01392,P0282,S06,0,normal,none,0.1,0,-0.04903594298221031
R02528,P0055,S07,0,normal,none,0.1,0,-0.07319110543971308
R02675,P0718,S04,0,normal,none,0.1,0,-0.0838234940502619
R01250,P0544,S03,0,normal,none,0.1,0,-0.06254785642206173
R02497,P0317,S06,0,normal,none,0.1,0,-0.08553090074431358
R01598,P0218,S01,0,normal,none,0.1,1,0.0367946956039773
R00913,P0075,S10,0,normal,none,0.1,0,-0.03429032590399017
R00408,P0057,S06,0,normal,none,0.1,0,-0.04134579713058062
R02303,P0006,S07,0,normal,none,0.1,1,0.024061537328023297
R02023,P0296,S10,0,normal,none,0.1,0,-0.10754984573217907
R01400,P0462,S08,0,normal,none,0.1,0,-0.11170290042787318
R01011,P0158,S08,0,normal,none,0.1,0,-0.07875542073977526
R00968,P0328,S04,0,normal,none,0.1,0,-0.020322642060513374
R02290,P0211,S04,0,normal,none,0.1,0,-0.0674448006516552
R01018,P0600,S05,0,normal,none,0.1,0,-0.08851419138233418
R02089,P0664,S08,0,normal,none,0.1,0,-0.09272437223228275
R02470,P0266,S07,1,ml_multivariate,query_delay_site_pattern,0.1,0,-0.034811513749925915
R00764,P0567,S01,0,normal,none,0.1,0,-0.03825994881941924
R01029,P0397,S05,0,normal,none,0.1,0,-0.08834027476675776
R01508,P0270,S05,0,normal,none,0.1,0,-0.0837455628945869
R01912,P0229,S04,0,normal,none,0.1,0,-0.05103807696810819
R02980,P0642,S08,0,normal,none,0.1,0,-0.07086072708949409
R00517,P0417,S08,0,normal,none,0.1,0,-0.024602388049536794
R01086,P0351,S10,0,normal,none,0.1,0,-0.0987576796584288
R02143,P0464,S05,0,normal,none,0.1,0,-0.05822207030211046
R02519,P0662,S10,0,normal,none,0.1,0,-0.08053233564689283
R01897,P0329,S06,0,normal,none,0.1,0,-0.0690841055994853
R00435,P0114,S09,0,normal,none,0.1,0,-0.018518297645889026
R01863,P0251,S05,0,normal,none,0.1,0,-0.1225427698947742
R02972,P0001,S04,0,normal,none,0.1,0,-0.05804428011972773
R02661,P0169,S02,0,normal,none,0.1,0,-0.06256547166736087
R02722,P0223,S06,0,normal,none,0.1,0,-0.10724508560362145
R00255,P0103,S06,0,normal,none,0.1,0,-0.067353288900112
R01462,P0348,S06,0,normal,none,0.1,0,-0.08627211517985184
R00520,P0026,S02,0,normal,none,0.1,0,-0.0625464659328468
R00849,P0085,S02,0,normal,none,0.1,0,-0.10578763945204855
R02966,P0463,S02,0,normal,none,0.1,0,-0.05288633378869634
R00853,P0492,S06,0,normal,none,0.1,0,-0.07110011045595022
R00705,P0735,S08,0,normal,none,0.1,0,-0.0592537010458597
R00330,P0255,S03,0,normal,none,0.1,0,-0.049678080977450856
R02415,P0742,S09,0,normal,none,0.1,0,-0.07649888133824168
R02149,P0034,S10,0,normal,none,0.1,0,-0.01940730419522846
R00212,P0455,S08,0,normal,none,0.1,0,-0.10133749398583258
R01471,P0084,S10,0,normal,none,0.1,0,-0.0513401522731074
R01017,P0294,S07,0,normal,none,0.1,0,-0.05205079801599233
R01195,P0538,S07,0,normal,none,0.1,1,0.00342000781502777
R00642,P0375,S06,0,normal,none,0.1,0,-0.0917912990254155
R01694,P0204,S02,1,rule_detectable,excessive_entry_delay,0.1,0,-0.016507798684984754
R00145,P0736,S06,0,normal,none,0.1,0,-0.06764473147240735
R00180,P0267,S08,0,normal,none,0.1,0,-0.09207305634503571
R02754,P0103,S06,0,normal,none,0.1,0,-0.08263370242356893
R01594,P0053,S09,0,normal,none,0.1,1,0.01235712658821253
R00243,P0328,S04,1,ml_multivariate,lab_profile,0.1,1,0.05931447070866469
R02614,P0536,S10,0,normal,none,0.1,0,-0.0899210573369637
R02313,P0429,S06,0,normal,none,0.1,0,-0.03553346854073092
R02073,P0167,S05,0,normal,none,0.1,0,-0.0554444259835804
R02871,P0139,S05,0,normal,none,0.1,0,-0.08739401542423336
R01883,P0571,S03,1,rule_detectable,duplicate_record,0.1,0,-0.02834869804331064
R00909,P0717,S01,0,normal,none,0.1,0,-0.062458997123926496
R00117,P0324,S09,0,normal,none,0.1,1,0.0031871169746016115
R00712,P0747,S02,0,normal,none,0.1,0,-0.08328419762067091
R02034,P0457,S05,0,normal,none,0.1,0,-0.03931406022271
R01202,P0248,S02,0,normal,none,0.1,0,-0.07654969568360603
R01636,P0150,S01,0,normal,none,0.1,0,-0.11417568565545205
R01704,P0408,S09,0,normal,none,0.1,0,-0.09161754179799575
R02565,P0317,S06,0,normal,none,0.1,0,-0.0554323939035008
R01074,P0470,S03,0,normal,none,0.1,0,-0.07543556050402778
R02918,P0453,S01,0,normal,none,0.1,0,-0.056837860102339266
R00556,P0101,S06,0,normal,none,0.1,0,-0.05750976222840409
R02410,P0244,S09,0,normal,none,0.1,0,-0.011468341435452833
